gameId,period,team_entering_bonus,opponent_committing_fouls,clock,seconds_remaining,official_team_foul_number,late_fouls,first_to_bonus_in_period
0022500001,1,HOU,OKC,PT04M03.00S,243.0,5,0,1
0022500001,2,HOU,OKC,PT00M05.10S,5.1,5,1,1
0022500001,2,OKC,HOU,PT00M00.70S,0.7,3,2,0
0022500001,3,HOU,OKC,PT01M18.00S,78.0,5,2,1
0022500001,4,HOU,OKC,PT00M09.50S,9.5,5,2,1
0022500001,5,HOU,OKC,PT00M48.10S,48.1,4,2,1
0022500001,6,OKC,HOU,PT02M19.00S,139.0,4,0,1
0022500002,2,LAL,GSW,PT01M52.00S,112.0,5,1,1
0022500002,2,GSW,LAL,PT01M08.00S,68.0,5,1,0
0022500002,3,LAL,GSW,PT05M29.00S,329.0,5,0,1
0022500002,4,LAL,GSW,PT03M16.00S,196.0,5,0,1
0022500002,4,GSW,LAL,PT00M39.10S,39.1,4,2,0
0022500003,1,NYK,CLE,PT02M01.00S,121.0,5,0,1
0022500003,2,NYK,CLE,PT02M38.00S,158.0,5,0,1
0022500003,2,CLE,NYK,PT00M38.40S,38.4,4,2,0
0022500003,3,CLE,NYK,PT04M30.00S,270.0,5,0,1
0022500003,4,CLE,NYK,PT04M08.00S,248.0,5,0,1
0022500003,4,NYK,CLE,PT03M54.00S,234.0,5,0,0
0022500004,1,DAL,SAS,PT02M25.00S,145.0,5,0,1
0022500004,1,SAS,DAL,PT00M36.20S,36.2,5,2,0
0022500004,2,SAS,DAL,PT07M27.00S,447.0,5,0,1
0022500004,2,DAL,SAS,PT03M30.00S,210.0,5,0,0
0022500004,3,SAS,DAL,PT03M54.00S,234.0,5,0,1
0022500004,4,DAL,SAS,PT03M39.00S,219.0,5,0,1
0022500005,1,IND,OKC,PT04M10.00S,250.0,5,0,1
0022500005,1,OKC,IND,PT01M19.00S,79.0,5,1,0
0022500005,2,IND,OKC,PT05M03.00S,303.0,5,0,1
0022500005,2,OKC,IND,PT01M38.00S,98.0,5,1,0
0022500005,3,OKC,IND,PT01M54.00S,114.0,5,1,1
0022500005,4,IND,OKC,PT05M54.00S,354.0,5,0,1
0022500005,4,OKC,IND,PT05M39.00S,339.0,5,0,0
0022500005,5,IND,OKC,PT03M26.00S,206.0,4,0,1
0022500005,5,OKC,IND,PT00M54.20S,54.2,4,2,0
0022500005,6,OKC,IND,PT00M28.80S,28.8,3,2,1
0022500006,1,GSW,DEN,PT00M30.40S,30.4,3,2,1
0022500006,2,DEN,GSW,PT01M37.00S,97.0,5,1,1
0022500006,3,GSW,DEN,PT02M35.00S,155.0,5,0,1
0022500006,4,GSW,DEN,PT02M42.00S,162.0,5,0,1
0022500006,4,DEN,GSW,PT01M36.00S,96.0,4,2,0
0022500006,5,GSW,DEN,PT00M18.50S,18.5,3,2,1
0022500007,1,CLE,DET,PT02M25.00S,145.0,5,0,1
0022500007,2,CLE,DET,PT06M22.00S,382.0,5,0,1
0022500007,2,DET,CLE,PT04M20.00S,260.0,5,0,0
0022500007,3,CLE,DET,PT02M50.00S,170.0,5,0,1
0022500007,3,DET,CLE,PT00M07.70S,7.7,5,1,0
0022500007,4,DET,CLE,PT02M48.00S,168.0,5,0,1
0022500008,1,DEN,MIN,PT02M10.00S,130.0,5,0,1
0022500008,2,MIN,DEN,PT01M29.00S,89.0,4,2,1
0022500008,3,DEN,MIN,PT04M02.00S,242.0,5,0,1
0022500008,3,MIN,DEN,PT00M07.00S,7.0,4,2,0
0022500008,4,MIN,DEN,PT06M31.00S,391.0,5,0,1
0022500009,1,CLE,NYK,PT04M00.00S,240.0,5,0,1
0022500009,3,NYK,CLE,PT01M27.00S,87.0,5,1,1
0022500009,4,CLE,NYK,PT03M07.00S,187.0,5,0,1
0022500009,4,NYK,CLE,PT00M08.30S,8.3,4,2,0
0022500010,1,SAS,OKC,PT01M58.00S,118.0,5,1,1
0022500010,2,OKC,SAS,PT01M26.00S,86.0,5,1,1
0022500011,1,DAL,GSW,PT05M27.00S,327.0,5,0,1
0022500011,1,GSW,DAL,PT04M17.00S,257.0,5,0,0
0022500011,2,DAL,GSW,PT00M20.10S,20.1,4,2,1
0022500011,3,DAL,GSW,PT02M46.00S,166.0,5,0,1
0022500011,4,DAL,GSW,PT05M58.00S,358.0,5,0,1
0022500011,4,GSW,DAL,PT01M18.00S,78.0,5,1,0
0022500012,2,HOU,LAL,PT02M34.00S,154.0,5,0,1
0022500013,1,DEN,MIN,PT03M27.00S,207.0,5,0,1
0022500013,3,DEN,MIN,PT02M50.00S,170.0,5,0,1
0022500013,3,MIN,DEN,PT00M23.40S,23.4,5,1,0
0022500013,4,MIN,DEN,PT00M30.20S,30.2,5,1,1
0022500013,4,DEN,MIN,PT00M03.60S,3.6,4,2,0
0022500013,5,DEN,MIN,PT00M56.40S,56.4,4,2,1
0022500013,5,MIN,DEN,PT00M07.60S,7.6,4,1,0
0022500014,2,ATL,MIL,PT01M00.00S,60.0,5,1,1
0022500014,2,MIL,ATL,PT00M51.10S,51.1,5,2,0
0022500014,4,ATL,MIL,PT02M47.00S,167.0,5,0,1
0022500014,4,MIL,ATL,PT00M15.80S,15.8,5,1,0
0022500015,1,CLE,OKC,PT02M47.00S,167.0,5,0,1
0022500015,2,OKC,CLE,PT05M49.00S,349.0,5,0,1
0022500015,2,CLE,OKC,PT05M35.00S,335.0,5,0,0
0022500015,3,CLE,OKC,PT02M46.00S,166.0,5,0,1
0022500015,3,OKC,CLE,PT01M28.00S,88.0,4,2,0
0022500015,4,CLE,OKC,PT04M54.00S,294.0,5,0,1
0022500016,1,DAL,NYK,PT01M36.00S,96.0,4,2,1
0022500016,2,DAL,NYK,PT00M24.60S,24.6,5,2,1
0022500016,3,NYK,DAL,PT03M30.00S,210.0,5,0,1
0022500016,3,DAL,NYK,PT02M51.00S,171.0,5,0,0
0022500016,4,DAL,NYK,PT04M23.00S,263.0,5,0,1
0022500016,4,NYK,DAL,PT01M53.00S,113.0,5,1,0
0022500017,1,DET,BOS,PT03M53.00S,233.0,5,0,1
0022500017,1,BOS,DET,PT00M42.60S,42.6,5,2,0
0022500017,2,BOS,DET,PT05M51.00S,351.0,5,0,1
0022500017,2,DET,BOS,PT00M16.30S,16.3,5,2,0
0022500017,4,BOS,DET,PT04M30.00S,270.0,5,0,1
0022500018,2,NYK,BOS,PT04M54.00S,294.0,5,0,1
0022500018,4,BOS,NYK,PT03M13.00S,193.0,5,0,1
0022500018,4,NYK,BOS,PT01M54.00S,114.0,5,1,0
0022500019,2,LAL,MIN,PT00M36.30S,36.3,5,1,1
0022500019,3,LAL,MIN,PT04M55.00S,295.0,5,0,1
0022500019,3,MIN,LAL,PT02M41.00S,161.0,5,0,0
0022500019,4,LAL,MIN,PT03M05.00S,185.0,5,0,1
0022500020,1,IND,ATL,PT04M36.00S,276.0,5,0,1
0022500020,1,ATL,IND,PT03M44.00S,224.0,5,0,0
0022500020,2,IND,ATL,PT06M17.00S,377.0,5,0,1
0022500020,3,IND,ATL,PT01M32.00S,92.0,5,1,1
0022500020,4,IND,ATL,PT00M55.40S,55.4,5,1,1
0022500021,1,PHI,BOS,PT04M18.00S,258.0,5,0,1
0022500021,2,PHI,BOS,PT03M58.00S,238.0,5,0,1
0022500021,3,PHI,BOS,PT03M32.00S,212.0,5,0,1
0022500021,4,BOS,PHI,PT00M03.80S,3.8,3,2,1
0022500022,1,CLE,TOR,PT01M39.00S,99.0,5,1,1
0022500022,3,CLE,TOR,PT03M24.00S,204.0,5,0,1
0022500022,3,TOR,CLE,PT00M37.80S,37.8,4,2,0
0022500022,4,TOR,CLE,PT02M41.00S,161.0,5,0,1
0022500023,1,CHI,NYK,PT00M57.90S,57.9,5,1,1
0022500023,2,CHI,NYK,PT03M28.00S,208.0,5,0,1
0022500023,3,NYK,CHI,PT04M08.00S,248.0,5,0,1
0022500023,4,CHI,NYK,PT07M17.00S,437.0,5,0,1
0022500023,4,NYK,CHI,PT00M31.70S,31.7,4,2,0
0022500024,1,LAL,MEM,PT00M16.30S,16.3,5,2,1
0022500024,3,LAL,MEM,PT07M42.00S,462.0,5,0,1
0022500024,4,LAL,MEM,PT01M57.00S,117.0,5,1,1
0022500025,2,UTA,PHX,PT07M14.00S,434.0,5,0,1
0022500025,3,UTA,PHX,PT00M18.30S,18.3,5,2,1
0022500025,4,PHX,UTA,PT02M32.00S,152.0,5,0,1
0022500025,4,UTA,PHX,PT02M22.00S,142.0,5,0,0
0022500026,1,DEN,POR,PT03M22.00S,202.0,5,0,1
0022500026,2,DEN,POR,PT00M01.10S,1.1,5,2,1
0022500026,3,DEN,POR,PT03M22.00S,202.0,5,0,1
0022500026,4,POR,DEN,PT05M04.00S,304.0,5,0,1
0022500027,2,LAC,NOP,PT08M15.00S,495.0,5,0,1
0022500027,2,NOP,LAC,PT01M55.00S,115.0,5,1,0
0022500027,3,NOP,LAC,PT01M33.00S,93.0,5,1,1
0022500027,4,LAC,NOP,PT02M53.00S,173.0,5,0,1
0022500027,4,NOP,LAC,PT00M58.50S,58.5,5,1,0
0022500028,1,ORL,BOS,PT03M37.00S,217.0,5,0,1
0022500028,2,BOS,ORL,PT07M14.00S,434.0,5,0,1
0022500028,3,BOS,ORL,PT01M37.00S,97.0,5,1,1
0022500028,4,ORL,BOS,PT07M49.00S,469.0,5,0,1
0022500028,4,BOS,ORL,PT00M21.60S,21.6,4,2,0
0022500029,2,CLE,WAS,PT04M33.00S,273.0,5,0,1
0022500029,3,WAS,CLE,PT00M05.20S,5.2,3,2,1
0022500029,4,WAS,CLE,PT03M08.00S,188.0,5,0,1
0022500029,4,CLE,WAS,PT01M42.00S,102.0,5,1,0
0022500030,2,ATL,TOR,PT02M54.00S,174.0,5,0,1
0022500030,2,TOR,ATL,PT00M27.60S,27.6,5,2,0
0022500030,4,TOR,ATL,PT06M07.00S,367.0,5,0,1
0022500030,4,ATL,TOR,PT03M27.00S,207.0,5,0,0
0022500031,2,BKN,DET,PT04M15.00S,255.0,5,0,1
0022500031,3,DET,BKN,PT05M02.00S,302.0,5,0,1
0022500031,3,BKN,DET,PT02M13.00S,133.0,5,0,0
0022500031,4,DET,BKN,PT04M54.00S,294.0,5,0,1
0022500032,2,SAS,HOU,PT01M28.00S,88.0,5,1,1
0022500032,3,SAS,HOU,PT05M54.00S,354.0,5,0,1
0022500032,3,HOU,SAS,PT01M06.00S,66.0,5,2,0
0022500032,4,HOU,SAS,PT01M11.00S,71.0,5,1,1
0022500032,4,SAS,HOU,PT00M38.10S,38.1,4,2,0
0022500033,1,CHA,MIA,PT03M30.00S,210.0,5,0,1
0022500033,3,CHA,MIA,PT02M59.00S,179.0,5,0,1
0022500033,3,MIA,CHA,PT02M47.00S,167.0,5,0,0
0022500033,4,CHA,MIA,PT02M11.00S,131.0,5,0,1
0022500033,4,MIA,CHA,PT00M13.60S,13.6,3,2,0
0022500034,1,DAL,MEM,PT02M47.00S,167.0,5,0,1
0022500034,1,MEM,DAL,PT00M30.30S,30.3,5,1,0
0022500034,3,DAL,MEM,PT03M53.00S,233.0,5,0,1
0022500034,3,MEM,DAL,PT01M47.00S,107.0,5,1,0
0022500035,3,CHI,MIL,PT02M08.00S,128.0,5,0,1
0022500035,4,MIL,CHI,PT07M34.00S,454.0,5,0,1
0022500035,4,CHI,MIL,PT00M02.00S,2.0,3,2,0
0022500036,1,MIN,UTA,PT02M02.00S,122.0,5,0,1
0022500036,1,UTA,MIN,PT01M23.00S,83.0,3,2,0
0022500036,2,UTA,MIN,PT05M16.00S,316.0,5,0,1
0022500036,3,MIN,UTA,PT00M05.80S,5.8,5,2,1
0022500036,4,MIN,UTA,PT03M04.00S,184.0,5,0,1
0022500036,4,UTA,MIN,PT00M54.80S,54.8,5,1,0
0022500037,3,GSW,DEN,PT00M29.40S,29.4,5,2,1
0022500037,3,DEN,GSW,PT00M01.10S,1.1,5,1,0
0022500037,4,DEN,GSW,PT04M02.00S,242.0,5,0,1
0022500037,4,GSW,DEN,PT00M12.50S,12.5,5,1,0
0022500038,1,OKC,SAC,PT02M14.00S,134.0,5,0,1
0022500038,2,SAC,OKC,PT03M58.00S,238.0,5,0,1
0022500038,4,OKC,SAC,PT00M06.30S,6.3,5,1,1
0022500039,2,MIA,NYK,PT05M03.00S,303.0,5,0,1
0022500039,2,NYK,MIA,PT01M56.00S,116.0,5,1,0
0022500039,3,MIA,NYK,PT06M28.00S,388.0,5,0,1
0022500039,3,NYK,MIA,PT04M16.00S,256.0,5,0,0
0022500039,4,NYK,MIA,PT05M47.00S,347.0,5,0,1
0022500040,1,BKN,ORL,PT00M09.90S,9.9,4,2,1
0022500040,2,ORL,BKN,PT00M52.60S,52.6,5,1,1
0022500040,4,ORL,BKN,PT00M23.20S,23.2,5,2,1
0022500041,1,PHI,DET,PT01M34.00S,94.0,5,2,1
0022500041,2,DET,PHI,PT03M16.00S,196.0,5,0,1
0022500041,3,DET,PHI,PT01M02.00S,62.0,5,2,1
0022500041,3,PHI,DET,PT00M51.50S,51.5,3,2,0
0022500042,1,POR,HOU,PT00M59.10S,59.1,5,1,1
0022500042,2,POR,HOU,PT03M26.00S,206.0,5,0,1
0022500042,3,POR,HOU,PT05M15.00S,315.0,5,0,1
0022500042,3,HOU,POR,PT00M36.00S,36.0,4,2,0
0022500042,4,HOU,POR,PT01M26.00S,86.0,5,1,1
0022500043,1,CHA,MIL,PT02M08.00S,128.0,5,0,1
0022500043,2,CHA,MIL,PT01M37.00S,97.0,5,1,1
0022500043,3,MIL,CHA,PT05M44.00S,344.0,5,0,1
0022500043,3,CHA,MIL,PT03M09.00S,189.0,5,0,0
0022500043,4,CHA,MIL,PT00M40.70S,40.7,5,2,1
0022500043,5,MIL,CHA,PT00M08.90S,8.9,2,2,1
0022500044,1,SAC,MIN,PT05M19.00S,319.0,5,0,1
0022500044,1,MIN,SAC,PT00M25.70S,25.7,5,2,0
0022500044,2,MIN,SAC,PT03M48.00S,228.0,5,0,1
0022500044,2,SAC,MIN,PT02M24.00S,144.0,5,0,0
0022500044,3,MIN,SAC,PT08M46.00S,526.0,5,0,1
0022500044,3,SAC,MIN,PT02M02.00S,122.0,5,0,0
0022500044,4,MIN,SAC,PT02M03.00S,123.0,5,0,1
0022500045,1,LAL,NOP,PT01M45.00S,105.0,5,1,1
0022500045,3,NOP,LAL,PT00M31.70S,31.7,5,2,1
0022500045,4,LAL,NOP,PT04M00.00S,240.0,5,0,1
0022500046,1,LAC,DAL,PT03M12.00S,192.0,5,0,1
0022500046,1,DAL,LAC,PT00M44.90S,44.9,5,1,0
0022500046,2,LAC,DAL,PT01M47.00S,107.0,5,1,1
0022500046,2,DAL,LAC,PT01M10.00S,70.0,5,2,0
0022500046,3,DAL,LAC,PT03M11.00S,191.0,5,0,1
0022500046,3,LAC,DAL,PT02M41.00S,161.0,5,0,0
0022500046,4,DAL,LAC,PT04M45.00S,285.0,5,0,1
0022500046,5,DAL,LAC,PT00M35.30S,35.3,2,2,1
0022500047,4,SAS,GSW,PT07M42.00S,462.0,5,0,1
0022500047,4,GSW,SAS,PT00M06.40S,6.4,5,1,0
0022500048,1,IND,CLE,PT04M20.00S,260.0,5,0,1
0022500048,1,CLE,IND,PT00M02.80S,2.8,5,1,0
0022500048,2,CLE,IND,PT04M27.00S,267.0,5,0,1
0022500048,3,IND,CLE,PT06M55.00S,415.0,5,0,1
0022500048,3,CLE,IND,PT00M23.70S,23.7,5,1,0
0022500048,4,IND,CLE,PT00M19.90S,19.9,5,2,1
0022500049,2,BKN,BOS,PT04M48.00S,288.0,5,0,1
0022500049,3,BKN,BOS,PT05M38.00S,338.0,5,0,1
0022500049,4,BKN,BOS,PT01M00.00S,60.0,5,1,1
0022500050,2,WAS,TOR,PT02M50.00S,170.0,5,0,1
0022500050,3,TOR,WAS,PT07M17.00S,437.0,5,0,1
0022500050,3,WAS,TOR,PT00M02.40S,2.4,3,2,0
0022500050,4,WAS,TOR,PT02M02.00S,122.0,5,0,1
0022500050,4,TOR,WAS,PT01M05.00S,65.0,5,1,0
0022500051,1,CHI,MIA,PT03M27.00S,207.0,5,0,1
0022500051,1,MIA,CHI,PT02M26.00S,146.0,5,0,0
0022500051,2,MIA,CHI,PT08M24.00S,504.0,5,0,1
0022500051,3,MIA,CHI,PT05M03.00S,303.0,5,0,1
0022500051,3,CHI,MIA,PT01M52.00S,112.0,5,1,0
0022500051,4,MIA,CHI,PT02M54.00S,174.0,5,0,1
0022500051,4,CHI,MIA,PT02M05.00S,125.0,5,0,0
0022500052,2,NOP,DAL,PT00M04.10S,4.1,5,2,1
0022500052,3,DAL,NOP,PT01M50.00S,110.0,5,1,1
0022500052,3,NOP,DAL,PT00M52.10S,52.1,4,2,0
0022500052,4,DAL,NOP,PT03M12.00S,192.0,5,0,1
0022500052,4,NOP,DAL,PT01M53.00S,113.0,5,1,0
0022500053,1,MIN,PHX,PT05M47.00S,347.0,5,0,1
0022500053,1,PHX,MIN,PT00M54.20S,54.2,5,2,0
0022500053,2,PHX,MIN,PT00M44.00S,44.0,4,2,1
0022500053,3,MIN,PHX,PT05M02.00S,302.0,5,0,1
0022500053,3,PHX,MIN,PT00M02.50S,2.5,5,2,0
0022500053,4,MIN,PHX,PT02M21.00S,141.0,5,0,1
0022500053,4,PHX,MIN,PT02M08.00S,128.0,5,0,0
0022500054,1,DEN,HOU,PT01M47.00S,107.0,5,1,1
0022500054,2,HOU,DEN,PT00M02.00S,2.0,4,2,1
0022500054,3,HOU,DEN,PT05M30.00S,330.0,5,0,1
0022500054,3,DEN,HOU,PT02M17.00S,137.0,5,0,0
0022500054,4,DEN,HOU,PT04M54.00S,294.0,5,0,1
0022500055,1,OKC,UTA,PT04M48.00S,288.0,5,0,1
0022500055,2,OKC,UTA,PT02M57.00S,177.0,5,0,1
0022500056,1,POR,GSW,PT06M08.00S,368.0,5,0,1
0022500056,2,GSW,POR,PT08M35.00S,515.0,5,0,1
0022500056,2,POR,GSW,PT01M46.00S,106.0,5,1,0
0022500056,3,POR,GSW,PT03M17.00S,197.0,5,0,1
0022500056,3,GSW,POR,PT01M25.00S,85.0,5,1,0
0022500056,4,POR,GSW,PT07M56.00S,476.0,5,0,1
0022500057,1,WAS,ATL,PT02M52.00S,172.0,5,0,1
0022500057,2,ATL,WAS,PT02M13.00S,133.0,5,0,1
0022500057,4,WAS,ATL,PT05M56.00S,356.0,5,0,1
0022500057,4,ATL,WAS,PT03M26.00S,206.0,5,0,0
0022500058,1,PHI,ORL,PT05M02.00S,302.0,5,0,1
0022500058,1,ORL,PHI,PT01M49.00S,109.0,5,1,0
0022500058,2,ORL,PHI,PT00M26.60S,26.6,5,2,1
0022500058,3,ORL,PHI,PT07M17.00S,437.0,5,0,1
0022500058,4,ORL,PHI,PT01M18.00S,78.0,3,2,1
0022500059,2,LAL,LAC,PT03M23.00S,203.0,5,0,1
0022500059,3,LAC,LAL,PT03M18.00S,198.0,5,0,1
0022500059,3,LAL,LAC,PT00M20.80S,20.8,5,2,0
0022500059,4,LAC,LAL,PT04M16.00S,256.0,5,0,1
0022500059,4,LAL,LAC,PT04M07.00S,247.0,5,0,0
0022500060,1,BOS,DET,PT03M20.00S,200.0,5,0,1
0022500060,1,DET,BOS,PT01M41.00S,101.0,5,2,0
0022500060,2,DET,BOS,PT02M56.00S,176.0,5,0,1
0022500060,2,BOS,DET,PT02M44.00S,164.0,5,0,0
0022500060,3,DET,BOS,PT03M45.00S,225.0,5,0,1
0022500060,4,DET,BOS,PT01M17.00S,77.0,5,2,1
0022500060,4,BOS,DET,PT00M09.90S,9.9,3,2,0
0022500061,1,NYK,CHA,PT00M44.90S,44.9,5,2,1
0022500061,3,CHA,NYK,PT06M15.00S,375.0,5,0,1
0022500061,4,CHA,NYK,PT02M52.00S,172.0,5,0,1
0022500062,1,MIL,MIA,PT00M41.80S,41.8,2,2,1
0022500063,1,IND,TOR,PT01M15.00S,75.0,5,1,1
0022500063,1,TOR,IND,PT00M59.20S,59.2,4,2,0
0022500063,2,IND,TOR,PT03M53.00S,233.0,5,0,1
0022500063,2,TOR,IND,PT02M25.00S,145.0,5,0,0
0022500063,3,TOR,IND,PT00M14.30S,14.3,5,2,1
0022500063,4,IND,TOR,PT03M50.00S,230.0,5,0,1
0022500064,1,MIN,OKC,PT00M58.30S,58.3,5,1,1
0022500064,2,OKC,MIN,PT05M49.00S,349.0,5,0,1
0022500064,2,MIN,OKC,PT04M43.00S,283.0,5,0,0
0022500064,3,MIN,OKC,PT05M05.00S,305.0,5,0,1
0022500064,3,OKC,MIN,PT00M00.70S,0.7,5,2,0
0022500064,4,OKC,MIN,PT05M10.00S,310.0,5,0,1
0022500064,4,MIN,OKC,PT01M18.00S,78.0,4,2,0
0022500065,1,NOP,MEM,PT01M02.00S,62.0,5,1,1
0022500065,4,MEM,NOP,PT00M06.40S,6.4,4,2,1
0022500065,5,MEM,NOP,PT00M34.90S,34.9,3,2,1
0022500066,2,GSW,HOU,PT02M02.00S,122.0,5,0,1
0022500066,2,HOU,GSW,PT00M43.90S,43.9,5,1,0
0022500066,3,HOU,GSW,PT05M40.00S,340.0,5,0,1
0022500066,4,HOU,GSW,PT03M24.00S,204.0,5,0,1
0022500066,4,GSW,HOU,PT03M17.00S,197.0,5,0,0
0022500067,2,SAS,POR,PT03M56.00S,236.0,5,0,1
0022500067,3,POR,SAS,PT05M29.00S,329.0,5,0,1
0022500067,4,SAS,POR,PT02M52.00S,172.0,5,0,1
0022500067,4,POR,SAS,PT01M22.00S,82.0,5,1,0
0022500068,1,PHX,SAC,PT03M07.00S,187.0,5,0,1
0022500068,2,PHX,SAC,PT00M59.70S,59.7,4,2,1
0022500068,4,SAC,PHX,PT01M07.00S,67.0,5,1,1
0022500069,3,ATL,CLE,PT00M31.30S,31.3,4,2,1
0022500069,4,ATL,CLE,PT00M41.40S,41.4,5,1,1
0022500070,2,BKN,PHI,PT04M07.00S,247.0,5,0,1
0022500070,2,PHI,BKN,PT01M04.00S,64.0,3,2,0
0022500070,3,BKN,PHI,PT00M19.50S,19.5,4,2,1
0022500070,3,PHI,BKN,PT00M04.10S,4.1,5,2,0
0022500071,2,CHI,CHA,PT02M02.00S,122.0,5,0,1
0022500071,3,CHA,CHI,PT02M12.00S,132.0,5,0,1
0022500071,4,CHA,CHI,PT03M56.00S,236.0,5,0,1
0022500072,1,DET,ORL,PT05M21.00S,321.0,5,0,1
0022500072,1,ORL,DET,PT02M41.00S,161.0,5,0,0
0022500072,2,ORL,DET,PT03M02.00S,182.0,5,0,1
0022500072,3,ORL,DET,PT02M58.00S,178.0,5,0,1
0022500072,3,DET,ORL,PT00M01.10S,1.1,5,1,0
0022500072,4,DET,ORL,PT03M44.00S,224.0,5,0,1
0022500072,4,ORL,DET,PT00M06.30S,6.3,5,1,0
0022500073,1,WAS,IND,PT01M26.00S,86.0,5,1,1
0022500073,1,IND,WAS,PT00M48.30S,48.3,5,1,0
0022500074,1,NYK,MIL,PT06M55.00S,415.0,5,0,1
0022500074,2,MIL,NYK,PT05M19.00S,319.0,5,0,1
0022500074,2,NYK,MIL,PT03M35.00S,215.0,5,0,0
0022500074,3,MIL,NYK,PT05M47.00S,347.0,5,0,1
0022500074,4,MIL,NYK,PT04M40.00S,280.0,5,0,1
0022500074,4,NYK,MIL,PT01M27.00S,87.0,5,1,0
0022500075,1,PHX,OKC,PT04M42.00S,282.0,5,0,1
0022500075,2,OKC,PHX,PT01M29.00S,89.0,4,2,1
0022500075,3,OKC,PHX,PT02M44.00S,164.0,5,0,1
0022500075,3,PHX,OKC,PT00M55.40S,55.4,4,2,0
0022500075,4,PHX,OKC,PT05M32.00S,332.0,5,0,1
0022500075,4,OKC,PHX,PT01M26.00S,86.0,5,1,0
0022500076,1,DEN,SAS,PT03M14.00S,194.0,5,0,1
0022500076,1,SAS,DEN,PT00M49.60S,49.6,4,2,0
0022500076,2,DEN,SAS,PT04M19.00S,259.0,5,0,1
0022500076,3,SAS,DEN,PT04M51.00S,291.0,5,0,1
0022500076,4,DEN,SAS,PT04M21.00S,261.0,5,0,1
0022500076,4,SAS,DEN,PT00M36.00S,36.0,5,2,0
0022500077,1,SAC,UTA,PT04M21.00S,261.0,5,0,1
0022500077,3,SAC,UTA,PT03M01.00S,181.0,5,0,1
0022500077,3,UTA,SAC,PT01M35.00S,95.0,5,2,0
0022500077,4,UTA,SAC,PT04M24.00S,264.0,5,0,1
0022500077,4,SAC,UTA,PT01M48.00S,108.0,5,1,0
0022500078,1,DAL,LAL,PT00M32.50S,32.5,4,2,1
0022500078,2,DAL,LAL,PT08M20.00S,500.0,5,0,1
0022500078,2,LAL,DAL,PT03M24.00S,204.0,5,0,0
0022500078,4,LAL,DAL,PT04M24.00S,264.0,5,0,1
0022500079,1,LAC,MEM,PT01M56.00S,116.0,5,1,1
0022500079,2,MEM,LAC,PT01M08.00S,68.0,5,1,1
0022500079,3,LAC,MEM,PT06M05.00S,365.0,5,0,1
0022500079,3,MEM,LAC,PT00M54.80S,54.8,4,2,0
0022500079,4,MEM,LAC,PT00M31.00S,31.0,3,2,1
0022500080,1,CHA,BKN,PT07M19.00S,439.0,5,0,1
0022500080,1,BKN,CHA,PT04M15.00S,255.0,5,0,0
0022500080,2,BKN,CHA,PT06M29.00S,389.0,5,0,1
0022500080,2,CHA,BKN,PT03M48.00S,228.0,6,0,0
0022500080,3,BKN,CHA,PT02M08.00S,128.0,5,0,1
0022500080,3,CHA,BKN,PT01M21.00S,81.0,5,2,0
0022500081,1,MIA,ORL,PT03M09.00S,189.0,5,0,1
0022500081,1,ORL,MIA,PT02M33.00S,153.0,5,0,0
0022500081,2,ORL,MIA,PT05M00.00S,300.0,5,0,1
0022500081,3,ORL,MIA,PT02M50.00S,170.0,5,0,1
0022500081,4,ORL,MIA,PT03M49.00S,229.0,5,0,1
0022500081,4,MIA,ORL,PT03M25.00S,205.0,5,0,0
0022500082,1,ATL,TOR,PT05M57.00S,357.0,5,0,1
0022500082,2,TOR,ATL,PT00M47.40S,47.4,5,1,1
0022500082,2,ATL,TOR,PT00M22.30S,22.3,4,2,0
0022500082,3,TOR,ATL,PT07M57.00S,477.0,5,0,1
0022500082,3,ATL,TOR,PT00M12.90S,12.9,5,1,0
0022500082,4,ATL,TOR,PT08M35.00S,515.0,5,0,1
0022500083,1,PHI,BOS,PT00M05.80S,5.8,5,1,1
0022500083,2,PHI,BOS,PT00M57.10S,57.1,5,1,1
0022500083,2,BOS,PHI,PT00M19.80S,19.8,4,2,0
0022500083,3,BOS,PHI,PT05M52.00S,352.0,5,0,1
0022500083,4,BOS,PHI,PT05M18.00S,318.0,5,0,1
0022500083,4,PHI,BOS,PT02M10.00S,130.0,5,0,0
0022500084,1,CHI,DET,PT02M00.00S,120.0,5,1,1
0022500084,2,DET,CHI,PT02M47.00S,167.0,5,0,1
0022500084,2,CHI,DET,PT01M49.00S,109.0,5,1,0
0022500084,3,CHI,DET,PT05M55.00S,355.0,5,0,1
0022500084,3,DET,CHI,PT00M27.00S,27.0,5,2,0
0022500084,4,DET,CHI,PT07M19.00S,439.0,5,0,1
0022500084,4,CHI,DET,PT00M34.40S,34.4,5,1,0
0022500085,1,MEM,NOP,PT02M20.00S,140.0,5,0,1
0022500085,1,NOP,MEM,PT00M14.10S,14.1,5,1,0
0022500085,2,NOP,MEM,PT05M15.00S,315.0,5,0,1
0022500085,2,MEM,NOP,PT04M32.00S,272.0,5,0,0
0022500085,3,NOP,MEM,PT03M31.00S,211.0,5,0,1
0022500085,4,MEM,NOP,PT03M34.00S,214.0,5,0,1
0022500085,4,NOP,MEM,PT01M23.00S,83.0,5,1,0
0022500086,1,WAS,MIL,PT01M24.00S,84.0,5,1,1
0022500086,2,MIL,WAS,PT04M00.00S,240.0,5,0,1
0022500086,3,WAS,MIL,PT03M53.00S,233.0,5,0,1
0022500086,4,MIL,WAS,PT00M44.50S,44.5,5,2,1
0022500087,1,UTA,LAC,PT03M15.00S,195.0,5,0,1
0022500087,2,UTA,LAC,PT01M59.00S,119.0,5,1,1
0022500087,3,LAC,UTA,PT01M50.00S,110.0,5,1,1
0022500087,4,UTA,LAC,PT03M51.00S,231.0,5,0,1
0022500087,4,LAC,UTA,PT02M24.00S,144.0,5,0,0
0022500088,2,PHX,SAC,PT05M51.00S,351.0,5,0,1
0022500088,3,SAC,PHX,PT02M01.00S,121.0,5,0,1
0022500088,4,SAC,PHX,PT01M54.00S,114.0,5,1,1
0022500088,4,PHX,SAC,PT00M25.00S,25.0,4,2,0
0022500089,1,POR,MIN,PT04M18.00S,258.0,5,0,1
0022500089,3,POR,MIN,PT03M58.00S,238.0,5,0,1
0022500089,4,MIN,POR,PT06M47.00S,407.0,5,0,1
0022500089,4,POR,MIN,PT03M24.00S,204.0,5,0,0
0022500090,1,ORL,ATL,PT01M15.00S,75.0,5,1,1
0022500090,1,ATL,ORL,PT00M03.30S,3.3,4,2,0
0022500090,2,ORL,ATL,PT04M06.00S,246.0,5,0,1
0022500090,2,ATL,ORL,PT02M48.00S,168.0,5,0,0
0022500090,4,ORL,ATL,PT00M54.20S,54.2,5,1,1
0022500090,4,ATL,ORL,PT00M21.00S,21.0,4,2,0
0022500091,1,CLE,BKN,PT00M10.30S,10.3,5,2,1
0022500091,2,BKN,CLE,PT06M08.00S,368.0,5,0,1
0022500091,2,CLE,BKN,PT02M41.00S,161.0,5,0,0
0022500091,3,CLE,BKN,PT00M08.20S,8.2,5,1,1
0022500091,4,CLE,BKN,PT02M59.00S,179.0,5,0,1
0022500092,2,TOR,MIL,PT01M10.00S,70.0,5,2,1
0022500092,3,TOR,MIL,PT03M11.00S,191.0,5,0,1
0022500092,3,MIL,TOR,PT02M39.00S,159.0,5,0,0
0022500092,4,TOR,MIL,PT03M57.00S,237.0,5,0,1
0022500092,4,MIL,TOR,PT00M53.50S,53.5,5,1,0
0022500093,1,HOU,DET,PT08M05.00S,485.0,5,0,1
0022500093,1,DET,HOU,PT00M28.20S,28.2,5,1,0
0022500093,2,HOU,DET,PT05M01.00S,301.0,5,0,1
0022500093,2,DET,HOU,PT04M28.00S,268.0,5,0,0
0022500093,3,HOU,DET,PT04M29.00S,269.0,5,0,1
0022500093,3,DET,HOU,PT01M53.00S,113.0,5,1,0
0022500093,4,HOU,DET,PT02M19.00S,139.0,5,0,1
0022500093,4,DET,HOU,PT00M05.50S,5.5,5,2,0
0022500094,1,MIA,MEM,PT07M40.00S,460.0,5,0,1
0022500094,2,MIA,MEM,PT03M44.00S,224.0,5,0,1
0022500094,2,MEM,MIA,PT02M17.00S,137.0,5,0,0
0022500094,3,MEM,MIA,PT06M21.00S,381.0,5,0,1
0022500094,4,MEM,MIA,PT06M32.00S,392.0,5,0,1
0022500095,1,NOP,SAS,PT00M56.50S,56.5,5,2,1
0022500095,2,SAS,NOP,PT01M33.00S,93.0,5,1,1
0022500095,2,NOP,SAS,PT01M21.00S,81.0,5,1,0
0022500095,3,NOP,SAS,PT02M29.00S,149.0,5,0,1
0022500095,4,SAS,NOP,PT03M20.00S,200.0,5,0,1
0022500095,4,NOP,SAS,PT02M01.00S,121.0,5,0,0
0022500095,5,SAS,NOP,PT00M21.80S,21.8,3,2,1
0022500096,1,DAL,WAS,PT04M24.00S,264.0,5,0,1
0022500096,3,WAS,DAL,PT00M56.80S,56.8,5,1,1
0022500096,4,DAL,WAS,PT07M21.00S,441.0,5,0,1
0022500096,4,WAS,DAL,PT01M03.00S,63.0,5,1,0
0022500097,1,POR,GSW,PT00M30.20S,30.2,5,1,1
0022500097,2,POR,GSW,PT03M01.00S,181.0,5,0,1
0022500097,2,GSW,POR,PT00M17.80S,17.8,5,2,0
0022500097,3,GSW,POR,PT05M34.00S,334.0,5,0,1
0022500097,4,GSW,POR,PT08M05.00S,485.0,5,0,1
0022500097,4,POR,GSW,PT04M32.00S,272.0,5,0,0
0022500098,1,UTA,SAC,PT00M32.80S,32.8,5,1,1
0022500098,4,UTA,SAC,PT00M28.10S,28.1,5,2,1
0022500099,1,LAC,PHX,PT04M33.00S,273.0,5,0,1
0022500099,3,LAC,PHX,PT05M42.00S,342.0,5,0,1
0022500099,4,PHX,LAC,PT01M08.00S,68.0,5,1,1
0022500100,1,CHI,ORL,PT00M40.50S,40.5,5,2,1
0022500100,3,ORL,CHI,PT08M58.00S,538.0,5,0,1
0022500100,3,CHI,ORL,PT05M26.00S,326.0,5,0,0
0022500100,4,CHI,ORL,PT05M24.00S,324.0,5,0,1
0022500100,4,ORL,CHI,PT05M10.00S,310.0,5,0,0
0022500101,1,ATL,OKC,PT01M01.00S,61.0,4,2,1
0022500101,2,ATL,OKC,PT04M01.00S,241.0,5,0,1
0022500101,3,OKC,ATL,PT08M22.00S,502.0,5,0,1
0022500101,4,OKC,ATL,PT06M22.00S,382.0,5,0,1
0022500101,4,ATL,OKC,PT00M48.90S,48.9,3,2,0
0022500102,2,CHA,PHI,PT03M22.00S,202.0,5,0,1
0022500102,3,PHI,CHA,PT07M02.00S,422.0,5,0,1
0022500102,3,CHA,PHI,PT01M37.00S,97.0,5,1,0
0022500102,4,CHA,PHI,PT06M07.00S,367.0,5,0,1
0022500102,4,PHI,CHA,PT05M51.00S,351.0,5,0,0
0022500103,2,MEM,IND,PT04M21.00S,261.0,5,0,1
0022500103,2,IND,MEM,PT01M40.00S,100.0,5,1,0
0022500103,3,IND,MEM,PT00M43.30S,43.3,5,2,1
0022500103,3,MEM,IND,PT00M05.30S,5.3,4,2,0
0022500103,4,MEM,IND,PT03M05.00S,185.0,5,0,1
0022500103,4,IND,MEM,PT01M51.00S,111.0,4,2,0
0022500104,1,DEN,PHX,PT04M34.00S,274.0,5,0,1
0022500104,1,PHX,DEN,PT03M03.00S,183.0,5,0,0
0022500104,2,DEN,PHX,PT04M18.00S,258.0,5,0,1
0022500104,2,PHX,DEN,PT01M39.00S,99.0,5,1,0
0022500104,3,DEN,PHX,PT02M55.00S,175.0,5,0,1
0022500104,3,PHX,DEN,PT01M57.00S,117.0,5,1,0
0022500104,4,DEN,PHX,PT05M19.00S,319.0,5,0,1
0022500104,4,PHX,DEN,PT00M48.20S,48.2,5,2,0
0022500105,1,SAS,BKN,PT03M18.00S,198.0,5,0,1
0022500105,1,BKN,SAS,PT00M10.90S,10.9,5,2,0
0022500105,2,BKN,SAS,PT04M29.00S,269.0,5,0,1
0022500105,2,SAS,BKN,PT03M29.00S,209.0,5,0,0
0022500105,3,SAS,BKN,PT05M37.00S,337.0,5,0,1
0022500105,3,BKN,SAS,PT03M10.00S,190.0,5,0,0
0022500105,4,SAS,BKN,PT03M35.00S,215.0,5,0,1
0022500106,1,BOS,DET,PT02M36.00S,156.0,5,0,1
0022500106,1,DET,BOS,PT00M51.20S,51.2,5,1,0
0022500106,2,DET,BOS,PT00M11.00S,11.0,6,1,1
0022500106,3,BOS,DET,PT05M48.00S,348.0,5,0,1
0022500106,3,DET,BOS,PT05M31.00S,331.0,5,0,0
0022500106,4,BOS,DET,PT04M56.00S,296.0,5,0,1
0022500106,4,DET,BOS,PT02M36.00S,156.0,5,0,0
0022500107,1,CLE,MIL,PT04M54.00S,294.0,5,0,1
0022500107,2,MIL,CLE,PT05M38.00S,338.0,5,0,1
0022500107,2,CLE,MIL,PT00M22.50S,22.5,5,1,0
0022500107,3,MIL,CLE,PT05M38.00S,338.0,5,0,1
0022500107,3,CLE,MIL,PT03M41.00S,221.0,5,0,0
0022500107,4,MIL,CLE,PT01M01.00S,61.0,2,2,1
0022500107,4,CLE,MIL,PT00M15.10S,15.1,4,2,0
0022500108,1,NYK,MIA,PT02M10.00S,130.0,5,0,1
0022500108,1,MIA,NYK,PT00M59.10S,59.1,5,1,0
0022500108,3,MIA,NYK,PT06M06.00S,366.0,5,0,1
0022500109,1,CHA,WAS,PT03M00.00S,180.0,5,0,1
0022500109,2,WAS,CHA,PT00M02.40S,2.4,2,2,1
0022500109,3,CHA,WAS,PT05M45.00S,345.0,5,0,1
0022500109,3,WAS,CHA,PT02M39.00S,159.0,5,0,0
0022500109,4,CHA,WAS,PT06M51.00S,411.0,5,0,1
0022500109,4,WAS,CHA,PT02M21.00S,141.0,5,0,0
0022500110,1,IND,MIN,PT02M51.00S,171.0,5,0,1
0022500110,2,MIN,IND,PT04M53.00S,293.0,5,0,1
0022500110,2,IND,MIN,PT01M48.00S,108.0,5,1,0
0022500110,3,MIN,IND,PT08M06.00S,486.0,5,0,1
0022500110,3,IND,MIN,PT00M38.40S,38.4,3,2,0
0022500110,4,IND,MIN,PT08M38.00S,518.0,5,0,1
0022500110,4,MIN,IND,PT01M11.00S,71.0,5,1,0
0022500111,1,DAL,TOR,PT04M52.00S,292.0,5,0,1
0022500111,2,DAL,TOR,PT03M09.00S,189.0,5,0,1
0022500111,2,TOR,DAL,PT02M25.00S,145.0,5,0,0
0022500111,3,DAL,TOR,PT06M13.00S,373.0,5,0,1
0022500111,3,TOR,DAL,PT00M01.80S,1.8,5,2,0
0022500111,4,DAL,TOR,PT03M03.00S,183.0,5,0,1
0022500111,4,TOR,DAL,PT02M45.00S,165.0,5,0,0
0022500112,1,POR,LAC,PT02M27.00S,147.0,5,0,1
0022500112,1,LAC,POR,PT00M40.10S,40.1,4,2,0
0022500112,2,POR,LAC,PT06M37.00S,397.0,5,0,1
0022500112,2,LAC,POR,PT01M48.00S,108.0,5,1,0
0022500112,3,POR,LAC,PT00M23.40S,23.4,5,1,1
0022500112,4,LAC,POR,PT04M22.00S,262.0,5,0,1
0022500112,4,POR,LAC,PT03M01.00S,181.0,5,0,0
0022500113,1,LAL,SAC,PT01M30.00S,90.0,5,1,1
0022500113,2,LAL,SAC,PT03M18.00S,198.0,5,0,1
0022500113,3,LAL,SAC,PT06M11.00S,371.0,5,0,1
0022500113,4,LAL,SAC,PT00M23.00S,23.0,3,2,1
0022500113,4,SAC,LAL,PT00M07.40S,7.4,5,1,0
0022500114,1,ORL,PHI,PT01M33.00S,93.0,5,1,1
0022500114,2,ORL,PHI,PT09M41.00S,581.0,5,0,1
0022500114,2,PHI,ORL,PT00M33.00S,33.0,5,1,0
0022500114,3,PHI,ORL,PT04M36.00S,276.0,5,0,1
0022500114,3,ORL,PHI,PT03M49.00S,229.0,5,0,0
0022500114,4,ORL,PHI,PT00M56.70S,56.7,5,1,1
0022500114,4,PHI,ORL,PT00M47.30S,47.3,5,1,0
0022500115,1,ATL,CHI,PT00M31.10S,31.1,5,1,1
0022500115,2,CHI,ATL,PT03M42.00S,222.0,5,0,1
0022500115,3,ATL,CHI,PT01M31.00S,91.0,5,1,1
0022500115,4,CHI,ATL,PT00M07.70S,7.7,5,1,1
0022500116,1,HOU,BKN,PT05M37.00S,337.0,5,0,1
0022500116,2,BKN,HOU,PT04M04.00S,244.0,5,0,1
0022500116,3,HOU,BKN,PT06M19.00S,379.0,5,0,1
0022500116,3,BKN,HOU,PT04M52.00S,292.0,5,0,0
0022500116,4,BKN,HOU,PT00M33.80S,33.8,4,2,1
0022500117,1,BOS,NOP,PT04M28.00S,268.0,5,0,1
0022500117,1,NOP,BOS,PT03M25.00S,205.0,5,0,0
0022500117,2,NOP,BOS,PT06M35.00S,395.0,5,0,1
0022500117,2,BOS,NOP,PT00M01.40S,1.4,3,2,0
0022500118,1,SAS,TOR,PT02M05.00S,125.0,5,0,1
0022500118,1,TOR,SAS,PT01M06.00S,66.0,3,2,0
0022500118,2,SAS,TOR,PT04M54.00S,294.0,5,0,1
0022500118,3,SAS,TOR,PT02M27.00S,147.0,5,0,1
0022500118,3,TOR,SAS,PT00M01.60S,1.6,5,2,0
0022500119,1,DAL,OKC,PT01M32.00S,92.0,5,1,1
0022500119,3,DAL,OKC,PT04M12.00S,252.0,5,0,1
0022500119,3,OKC,DAL,PT02M38.00S,158.0,5,0,0
0022500119,4,DAL,OKC,PT06M28.00S,388.0,5,0,1
0022500119,4,OKC,DAL,PT00M21.30S,21.3,4,2,0
0022500120,1,UTA,PHX,PT04M31.00S,271.0,5,0,1
0022500120,1,PHX,UTA,PT00M02.30S,2.3,5,1,0
0022500120,2,UTA,PHX,PT05M32.00S,332.0,5,0,1
0022500120,2,PHX,UTA,PT02M01.00S,121.0,5,0,0
0022500120,3,PHX,UTA,PT04M53.00S,293.0,5,0,1
0022500120,3,UTA,PHX,PT00M44.10S,44.1,2,2,0
0022500120,4,UTA,PHX,PT01M48.00S,108.0,5,1,1
0022500120,4,PHX,UTA,PT00M04.90S,4.9,4,2,0
0022500120,5,UTA,PHX,PT01M19.00S,79.0,3,2,1
0022500121,1,GSW,MEM,PT00M28.70S,28.7,3,2,1
0022500121,1,MEM,GSW,PT00M06.50S,6.5,5,1,0
0022500121,2,GSW,MEM,PT04M58.00S,298.0,5,0,1
0022500121,2,MEM,GSW,PT02M37.00S,157.0,5,0,0
0022500121,3,GSW,MEM,PT03M25.00S,205.0,5,0,1
0022500121,4,MEM,GSW,PT03M57.00S,237.0,5,0,1
0022500122,1,LAL,POR,PT00M45.00S,45.0,5,1,1
0022500122,2,POR,LAL,PT01M32.00S,92.0,5,1,1
0022500123,1,PHI,WAS,PT00M55.40S,55.4,5,1,1
0022500123,1,WAS,PHI,PT00M34.10S,34.1,5,2,0
0022500123,2,PHI,WAS,PT02M55.00S,175.0,5,0,1
0022500123,3,WAS,PHI,PT08M20.00S,500.0,5,0,1
0022500123,4,PHI,WAS,PT04M47.00S,287.0,5,0,1
0022500123,5,PHI,WAS,PT00M18.70S,18.7,4,2,1
0022500124,2,MIA,CHA,PT02M04.00S,124.0,5,0,1
0022500124,3,CHA,MIA,PT00M38.80S,38.8,4,2,1
0022500124,4,CHA,MIA,PT04M28.00S,268.0,5,0,1
0022500125,1,NYK,MIL,PT00M34.20S,34.2,5,2,1
0022500125,2,NYK,MIL,PT01M48.00S,108.0,5,1,1
0022500125,3,MIL,NYK,PT02M04.00S,124.0,5,0,1
0022500125,4,MIL,NYK,PT03M45.00S,225.0,5,0,1
0022500126,1,SAC,OKC,PT01M23.00S,83.0,2,2,1
0022500126,2,SAC,OKC,PT04M08.00S,248.0,5,0,1
0022500126,3,SAC,OKC,PT00M22.40S,22.4,5,1,1
0022500127,1,LAC,GSW,PT00M10.20S,10.2,4,2,1
0022500127,4,LAC,GSW,PT00M48.00S,48.0,5,1,1
0022500128,1,CLE,BOS,PT00M53.80S,53.8,4,2,1
0022500128,2,BOS,CLE,PT07M11.00S,431.0,5,0,1
0022500128,2,CLE,BOS,PT00M15.30S,15.3,5,2,0
0022500128,3,BOS,CLE,PT06M02.00S,362.0,5,0,1
0022500128,3,CLE,BOS,PT02M18.00S,138.0,5,0,0
0022500128,4,BOS,CLE,PT02M47.00S,167.0,5,0,1
0022500128,4,CLE,BOS,PT01M28.00S,88.0,5,1,0
0022500129,1,ORL,DET,PT04M18.00S,258.0,5,0,1
0022500129,1,DET,ORL,PT02M24.00S,144.0,5,0,0
0022500129,2,ORL,DET,PT06M54.00S,414.0,5,0,1
0022500129,3,DET,ORL,PT04M43.00S,283.0,5,0,1
0022500129,3,ORL,DET,PT01M07.00S,67.0,5,1,0
0022500129,4,ORL,DET,PT06M36.00S,396.0,5,0,1
0022500129,4,DET,ORL,PT04M37.00S,277.0,5,0,0
0022500130,1,ATL,BKN,PT04M52.00S,292.0,5,0,1
0022500130,1,BKN,ATL,PT02M41.00S,161.0,5,0,0
0022500130,3,BKN,ATL,PT07M13.00S,433.0,5,0,1
0022500130,4,BKN,ATL,PT05M53.00S,353.0,5,0,1
0022500130,4,ATL,BKN,PT00M26.20S,26.2,3,2,0
0022500131,1,HOU,TOR,PT03M04.00S,184.0,5,0,1
0022500131,2,HOU,TOR,PT02M25.00S,145.0,5,0,1
0022500131,3,HOU,TOR,PT04M04.00S,244.0,5,0,1
0022500131,3,TOR,HOU,PT02M01.00S,121.0,5,0,0
0022500131,4,HOU,TOR,PT01M56.00S,116.0,4,2,1
0022500131,4,TOR,HOU,PT00M32.80S,32.8,5,2,0
0022500132,2,CHI,SAC,PT05M16.00S,316.0,5,0,1
0022500132,2,SAC,CHI,PT02M19.00S,139.0,5,0,0
0022500132,3,SAC,CHI,PT03M34.00S,214.0,5,0,1
0022500132,3,CHI,SAC,PT00M26.80S,26.8,2,2,0
0022500132,4,SAC,CHI,PT02M25.00S,145.0,5,0,1
0022500133,1,DAL,IND,PT00M48.80S,48.8,5,1,1
0022500133,2,IND,DAL,PT07M34.00S,454.0,5,0,1
0022500133,2,DAL,IND,PT00M24.50S,24.5,5,1,0
0022500133,3,DAL,IND,PT04M09.00S,249.0,5,0,1
0022500133,3,IND,DAL,PT00M05.70S,5.7,5,1,0
0022500133,4,DAL,IND,PT03M41.00S,221.0,5,0,1
0022500133,4,IND,DAL,PT00M03.40S,3.4,5,2,0
0022500134,1,DEN,NOP,PT01M20.00S,80.0,5,1,1
0022500134,2,NOP,DEN,PT01M46.00S,106.0,5,1,1
0022500134,3,NOP,DEN,PT00M02.10S,2.1,5,2,1
0022500134,4,NOP,DEN,PT04M06.00S,246.0,5,0,1
0022500135,1,UTA,POR,PT04M42.00S,282.0,5,0,1
0022500135,2,UTA,POR,PT06M18.00S,378.0,5,0,1
0022500135,3,POR,UTA,PT06M29.00S,389.0,5,0,1
0022500135,3,UTA,POR,PT00M00.20S,0.2,5,2,0
0022500135,4,UTA,POR,PT04M30.00S,270.0,5,0,1
0022500135,4,POR,UTA,PT01M55.00S,115.0,5,1,0
0022500136,1,LAL,MIN,PT03M03.00S,183.0,5,0,1
0022500136,1,MIN,LAL,PT02M40.00S,160.0,5,0,0
0022500136,2,LAL,MIN,PT00M46.50S,46.5,5,2,1
0022500136,3,LAL,MIN,PT03M14.00S,194.0,5,0,1
0022500136,4,MIN,LAL,PT06M20.00S,380.0,5,0,1
0022500137,3,PHX,MEM,PT00M32.10S,32.1,5,2,1
0022500137,4,PHX,MEM,PT03M09.00S,189.0,5,0,1
0022500137,4,MEM,PHX,PT02M21.00S,141.0,5,0,0
0022500138,1,CHA,ORL,PT01M37.00S,97.0,5,1,1
0022500138,1,ORL,CHA,PT00M54.10S,54.1,5,1,0
0022500138,2,ORL,CHA,PT03M47.00S,227.0,5,0,1
0022500138,3,ORL,CHA,PT00M55.00S,55.0,3,2,1
0022500139,2,GSW,MIL,PT04M26.00S,266.0,5,0,1
0022500139,4,GSW,MIL,PT04M34.00S,274.0,5,0,1
0022500140,1,OKC,WAS,PT00M37.90S,37.9,5,1,1
0022500140,3,OKC,WAS,PT06M01.00S,361.0,5,0,1
0022500140,4,OKC,WAS,PT06M45.00S,405.0,5,0,1
0022500141,1,SAS,MIA,PT03M44.00S,224.0,5,0,1
0022500141,2,SAS,MIA,PT00M09.70S,9.7,5,2,1
0022500141,4,MIA,SAS,PT04M47.00S,287.0,5,0,1
0022500142,1,SAC,MIL,PT05M27.00S,327.0,5,0,1
0022500142,2,SAC,MIL,PT02M37.00S,157.0,5,0,1
0022500142,2,MIL,SAC,PT00M02.00S,2.0,5,2,0
0022500142,4,MIL,SAC,PT06M14.00S,374.0,5,0,1
0022500142,4,SAC,MIL,PT05M23.00S,323.0,5,0,0
0022500143,1,MIN,CHA,PT01M02.00S,62.0,4,2,1
0022500143,3,MIN,CHA,PT00M52.30S,52.3,3,2,1
0022500143,4,CHA,MIN,PT03M25.00S,205.0,5,0,1
0022500143,4,MIN,CHA,PT01M16.00S,76.0,5,2,0
0022500144,1,IND,GSW,PT00M00.60S,0.6,5,2,1
0022500144,3,GSW,IND,PT04M49.00S,289.0,5,0,1
0022500144,3,IND,GSW,PT01M18.00S,78.0,5,2,0
0022500144,4,IND,GSW,PT06M26.00S,386.0,5,0,1
0022500144,4,GSW,IND,PT00M56.50S,56.5,5,1,0
0022500145,2,ORL,WAS,PT01M56.00S,116.0,5,1,1
0022500145,3,ORL,WAS,PT04M33.00S,273.0,5,0,1
0022500145,3,WAS,ORL,PT01M52.00S,112.0,5,1,0
0022500146,1,HOU,BOS,PT00M01.80S,1.8,5,2,1
0022500146,3,HOU,BOS,PT05M56.00S,356.0,5,0,1
0022500146,3,BOS,HOU,PT00M03.60S,3.6,3,2,0
0022500146,4,HOU,BOS,PT03M45.00S,225.0,5,0,1
0022500147,1,DET,DAL,PT02M07.00S,127.0,5,0,1
0022500147,1,DAL,DET,PT01M39.00S,99.0,5,1,0
0022500147,2,DET,DAL,PT07M36.00S,456.0,5,0,1
0022500147,2,DAL,DET,PT02M40.00S,160.0,5,0,0
0022500147,3,DAL,DET,PT01M42.00S,102.0,5,1,1
0022500147,4,DET,DAL,PT03M45.00S,225.0,5,0,1
0022500147,4,DAL,DET,PT02M32.00S,152.0,5,0,0
0022500148,2,NOP,OKC,PT04M32.00S,272.0,5,0,1
0022500148,2,OKC,NOP,PT00M39.00S,39.0,5,2,0
0022500148,3,OKC,NOP,PT02M33.00S,153.0,5,0,1
0022500148,3,NOP,OKC,PT01M36.00S,96.0,5,1,0
0022500148,4,NOP,OKC,PT09M06.00S,546.0,5,0,1
0022500149,1,BKN,PHI,PT02M17.00S,137.0,5,0,1
0022500149,2,BKN,PHI,PT05M39.00S,339.0,5,0,1
0022500149,4,BKN,PHI,PT01M26.00S,86.0,4,2,1
0022500150,1,CHA,UTA,PT04M49.00S,289.0,5,0,1
0022500150,1,UTA,CHA,PT03M57.00S,237.0,5,0,0
0022500150,2,UTA,CHA,PT00M32.10S,32.1,5,1,1
0022500150,3,UTA,CHA,PT04M06.00S,246.0,5,0,1
0022500150,3,CHA,UTA,PT03M30.00S,210.0,5,0,0
0022500151,1,ATL,CLE,PT02M05.00S,125.0,5,0,1
0022500151,1,CLE,ATL,PT00M29.70S,29.7,3,2,0
0022500151,2,CLE,ATL,PT01M02.00S,62.0,5,1,1
0022500151,3,ATL,CLE,PT08M09.00S,489.0,5,0,1
0022500151,3,CLE,ATL,PT00M50.20S,50.2,3,2,0
0022500151,4,ATL,CLE,PT03M54.00S,234.0,5,0,1
0022500151,4,CLE,ATL,PT00M34.60S,34.6,5,2,0
0022500152,1,MEM,TOR,PT04M40.00S,280.0,5,0,1
0022500152,2,TOR,MEM,PT00M24.60S,24.6,5,2,1
0022500152,4,MEM,TOR,PT05M35.00S,335.0,5,0,1
0022500153,1,NYK,CHI,PT01M05.00S,65.0,4,2,1
0022500153,2,CHI,NYK,PT02M34.00S,154.0,5,0,1
0022500153,2,NYK,CHI,PT01M21.00S,81.0,5,1,0
0022500153,3,NYK,CHI,PT05M37.00S,337.0,5,0,1
0022500154,2,PHX,SAS,PT03M56.00S,236.0,5,0,1
0022500154,3,SAS,PHX,PT02M42.00S,162.0,5,0,1
0022500154,4,SAS,PHX,PT06M51.00S,411.0,5,0,1
0022500154,4,PHX,SAS,PT04M04.00S,244.0,5,0,0
0022500155,1,MIA,LAL,PT04M37.00S,277.0,5,0,1
0022500155,1,LAL,MIA,PT01M59.00S,119.0,5,1,0
0022500155,2,LAL,MIA,PT02M15.00S,135.0,5,0,1
0022500155,2,MIA,LAL,PT00M13.00S,13.0,5,1,0
0022500155,3,MIA,LAL,PT04M01.00S,241.0,5,0,1
0022500155,3,LAL,MIA,PT03M13.00S,193.0,5,0,0
0022500155,4,MIA,LAL,PT04M47.00S,287.0,5,0,1
0022500155,4,LAL,MIA,PT00M22.10S,22.1,2,2,0
0022500156,1,BKN,MIN,PT05M41.00S,341.0,5,0,1
0022500156,2,MIN,BKN,PT05M21.00S,321.0,5,0,1
0022500156,3,BKN,MIN,PT06M45.00S,405.0,5,0,1
0022500156,3,MIN,BKN,PT01M42.00S,102.0,5,1,0
0022500156,4,MIN,BKN,PT07M15.00S,435.0,5,0,1
0022500156,4,BKN,MIN,PT00M45.30S,45.3,5,2,0
0022500157,1,MIL,IND,PT03M29.00S,209.0,5,0,1
0022500157,2,IND,MIL,PT04M58.00S,298.0,5,0,1
0022500157,3,IND,MIL,PT02M33.00S,153.0,5,0,1
0022500157,4,IND,MIL,PT00M47.30S,47.3,5,1,1
0022500157,4,MIL,IND,PT00M28.90S,28.9,5,1,0
0022500158,2,UTA,BOS,PT00M00.10S,0.1,5,2,1
0022500158,3,BOS,UTA,PT00M28.40S,28.4,5,1,1
0022500158,3,UTA,BOS,PT00M09.00S,9.0,5,1,0
0022500158,4,UTA,BOS,PT02M06.00S,126.0,5,0,1
0022500158,4,BOS,UTA,PT00M24.80S,24.8,5,1,0
0022500159,4,NYK,WAS,PT03M40.00S,220.0,5,0,1
0022500159,4,WAS,NYK,PT01M13.00S,73.0,5,1,0
0022500160,1,HOU,DAL,PT01M15.00S,75.0,5,1,1
0022500160,2,HOU,DAL,PT03M02.00S,182.0,5,0,1
0022500160,3,HOU,DAL,PT00M48.30S,48.3,5,2,1
0022500160,4,DAL,HOU,PT03M09.00S,189.0,5,0,1
0022500160,4,HOU,DAL,PT01M01.00S,61.0,5,2,0
0022500161,1,MEM,DET,PT01M50.00S,110.0,3,2,1
0022500161,2,MEM,DET,PT05M49.00S,349.0,5,0,1
0022500161,2,DET,MEM,PT02M49.00S,169.0,5,0,0
0022500161,3,MEM,DET,PT00M35.70S,35.7,3,2,1
0022500161,4,DET,MEM,PT00M30.30S,30.3,5,1,1
0022500162,2,DEN,SAC,PT04M15.00S,255.0,5,0,1
0022500162,4,SAC,DEN,PT02M57.00S,177.0,5,0,1
0022500162,4,DEN,SAC,PT00M06.80S,6.8,5,2,0
0022500163,1,POR,LAL,PT01M07.00S,67.0,3,2,1
0022500163,2,LAL,POR,PT02M02.00S,122.0,5,0,1
0022500163,3,POR,LAL,PT08M54.00S,534.0,5,0,1
0022500163,4,LAL,POR,PT05M53.00S,353.0,5,0,1
0022500164,1,MIA,LAC,PT01M12.00S,72.0,3,2,1
0022500164,2,MIA,LAC,PT04M12.00S,252.0,5,0,1
0022500164,3,MIA,LAC,PT06M44.00S,404.0,5,0,1
0022500164,3,LAC,MIA,PT00M32.00S,32.0,5,1,0
0022500164,4,MIA,LAC,PT00M57.40S,57.4,5,1,1
0022500165,1,MIL,TOR,PT02M30.00S,150.0,5,0,1
0022500165,2,TOR,MIL,PT03M07.00S,187.0,5,0,1
0022500165,3,TOR,MIL,PT05M19.00S,319.0,5,0,1
0022500165,3,MIL,TOR,PT02M46.00S,166.0,5,0,0
0022500165,4,TOR,MIL,PT04M13.00S,253.0,5,0,1
0022500165,4,MIL,TOR,PT03M02.00S,182.0,5,0,0
0022500166,1,ATL,ORL,PT06M01.00S,361.0,5,0,1
0022500166,2,ATL,ORL,PT06M33.00S,393.0,5,0,1
0022500166,2,ORL,ATL,PT03M55.00S,235.0,5,0,0
0022500166,3,ORL,ATL,PT06M40.00S,400.0,5,0,1
0022500166,4,ATL,ORL,PT09M05.00S,545.0,5,0,1
0022500166,4,ORL,ATL,PT05M23.00S,323.0,5,0,0
0022500167,1,PHI,CHI,PT00M01.10S,1.1,4,2,1
0022500167,2,PHI,CHI,PT05M31.00S,331.0,5,0,1
0022500167,2,CHI,PHI,PT00M31.00S,31.0,5,1,0
0022500167,4,PHI,CHI,PT04M26.00S,266.0,5,0,1
0022500167,4,CHI,PHI,PT04M16.00S,256.0,5,0,0
0022500168,1,NOP,CHA,PT02M27.00S,147.0,5,0,1
0022500168,1,CHA,NOP,PT01M09.00S,69.0,5,2,0
0022500168,2,CHA,NOP,PT04M26.00S,266.0,5,0,1
0022500168,3,CHA,NOP,PT03M55.00S,235.0,5,0,1
0022500168,3,NOP,CHA,PT00M05.00S,5.0,4,2,0
0022500168,4,NOP,CHA,PT00M13.90S,13.9,5,1,1
0022500169,3,PHX,GSW,PT05M10.00S,310.0,5,0,1
0022500169,3,GSW,PHX,PT01M04.00S,64.0,5,2,0
0022500169,4,GSW,PHX,PT02M48.00S,168.0,5,0,1
0022500170,1,LAC,OKC,PT02M00.00S,120.0,5,1,1
0022500170,2,OKC,LAC,PT02M27.00S,147.0,5,0,1
0022500170,3,LAC,OKC,PT03M50.00S,230.0,5,0,1
0022500170,4,LAC,OKC,PT05M12.00S,312.0,5,0,1
0022500170,4,OKC,LAC,PT02M10.00S,130.0,5,0,0
0022500171,1,PHI,CLE,PT02M27.00S,147.0,5,0,1
0022500171,1,CLE,PHI,PT00M19.90S,19.9,4,2,0
0022500171,2,PHI,CLE,PT06M49.00S,409.0,5,0,1
0022500171,2,CLE,PHI,PT02M26.00S,146.0,5,0,0
0022500171,3,CLE,PHI,PT02M23.00S,143.0,5,0,1
0022500171,3,PHI,CLE,PT01M03.00S,63.0,5,1,0
0022500171,4,PHI,CLE,PT02M47.00S,167.0,5,0,1
0022500171,4,CLE,PHI,PT01M06.00S,66.0,4,2,0
0022500172,1,DET,UTA,PT00M42.00S,42.0,5,1,1
0022500172,1,UTA,DET,PT00M26.10S,26.1,5,1,0
0022500172,3,UTA,DET,PT04M57.00S,297.0,5,0,1
0022500172,3,DET,UTA,PT01M23.00S,83.0,5,1,0
0022500172,4,UTA,DET,PT06M53.00S,413.0,5,0,1
0022500172,4,DET,UTA,PT00M26.10S,26.1,3,2,0
0022500173,2,IND,BKN,PT07M03.00S,423.0,5,0,1
0022500173,2,BKN,IND,PT03M48.00S,228.0,5,0,0
0022500173,4,BKN,IND,PT03M42.00S,222.0,5,0,1
0022500174,1,WAS,BOS,PT05M26.00S,326.0,5,0,1
0022500174,2,WAS,BOS,PT03M51.00S,231.0,5,0,1
0022500174,2,BOS,WAS,PT03M16.00S,196.0,5,0,0
0022500174,3,BOS,WAS,PT07M02.00S,422.0,5,0,1
0022500174,3,WAS,BOS,PT02M39.00S,159.0,5,0,0
0022500175,2,MIN,NYK,PT00M31.50S,31.5,5,1,1
0022500175,3,MIN,NYK,PT02M13.00S,133.0,5,0,1
0022500175,4,MIN,NYK,PT02M01.00S,121.0,5,0,1
0022500176,1,MEM,HOU,PT02M44.00S,164.0,5,0,1
0022500176,1,HOU,MEM,PT00M54.90S,54.9,5,2,0
0022500176,2,MEM,HOU,PT03M19.00S,199.0,5,0,1
0022500176,3,HOU,MEM,PT02M51.00S,171.0,5,0,1
0022500176,4,MEM,HOU,PT03M35.00S,215.0,5,0,1
0022500177,1,DAL,NOP,PT01M18.00S,78.0,4,2,1
0022500177,2,DAL,NOP,PT03M51.00S,231.0,5,0,1
0022500177,4,DAL,NOP,PT01M40.00S,100.0,5,1,1
0022500177,4,NOP,DAL,PT00M46.10S,46.1,5,1,0
0022500178,1,MIA,DEN,PT03M48.00S,228.0,5,0,1
0022500178,2,DEN,MIA,PT07M32.00S,452.0,5,0,1
0022500178,2,MIA,DEN,PT03M03.00S,183.0,5,0,0
0022500178,3,DEN,MIA,PT03M53.00S,233.0,5,0,1
0022500178,4,DEN,MIA,PT00M32.30S,32.3,3,2,1
0022500179,1,LAL,SAS,PT03M16.00S,196.0,5,0,1
0022500179,1,SAS,LAL,PT00M48.60S,48.6,5,1,0
0022500179,2,LAL,SAS,PT08M02.00S,482.0,5,0,1
0022500179,2,SAS,LAL,PT03M18.00S,198.0,5,0,0
0022500179,3,SAS,LAL,PT05M06.00S,306.0,5,0,1
0022500179,3,LAL,SAS,PT01M12.00S,72.0,5,2,0
0022500179,4,LAL,SAS,PT06M09.00S,369.0,5,0,1
0022500179,4,SAS,LAL,PT03M45.00S,225.0,5,0,0
0022500180,1,OKC,POR,PT02M35.00S,155.0,5,0,1
0022500180,1,POR,OKC,PT00M38.20S,38.2,5,2,0
0022500180,2,POR,OKC,PT03M06.00S,186.0,5,0,1
0022500180,3,POR,OKC,PT03M46.00S,226.0,5,0,1
0022500180,3,OKC,POR,PT00M57.00S,57.0,4,2,0
0022500180,4,POR,OKC,PT03M59.00S,239.0,5,0,1
0022500180,4,OKC,POR,PT01M25.00S,85.0,5,1,0
0022500181,2,SAC,GSW,PT00M32.70S,32.7,5,1,1
0022500181,3,SAC,GSW,PT09M03.00S,543.0,5,0,1
0022500181,3,GSW,SAC,PT02M38.00S,158.0,5,0,0
0022500181,4,SAC,GSW,PT00M14.80S,14.8,5,2,1
0022500182,1,LAC,PHX,PT01M53.00S,113.0,5,1,1
0022500182,2,LAC,PHX,PT00M17.00S,17.0,5,1,1
0022500182,3,PHX,LAC,PT06M02.00S,362.0,5,0,1
0022500182,3,LAC,PHX,PT02M44.00S,164.0,5,0,0
0022500182,4,LAC,PHX,PT01M01.00S,61.0,5,2,1
0022500183,1,WAS,DAL,PT00M43.20S,43.2,5,2,1
0022500183,1,DAL,WAS,PT00M38.70S,38.7,5,1,0
0022500183,2,WAS,DAL,PT04M26.00S,266.0,5,0,1
0022500183,2,DAL,WAS,PT03M19.00S,199.0,5,0,0
0022500183,4,DAL,WAS,PT05M22.00S,322.0,5,0,1
0022500184,1,TOR,PHI,PT02M41.00S,161.0,5,0,1
0022500184,2,PHI,TOR,PT01M01.00S,61.0,5,1,1
0022500184,2,TOR,PHI,PT00M54.50S,54.5,5,1,0
0022500184,3,PHI,TOR,PT05M57.00S,357.0,5,0,1
0022500184,3,TOR,PHI,PT00M24.10S,24.1,5,2,0
0022500184,4,PHI,TOR,PT05M46.00S,346.0,5,0,1
0022500185,1,LAL,ATL,PT02M17.00S,137.0,5,0,1
0022500185,1,ATL,LAL,PT01M48.00S,108.0,5,1,0
0022500185,4,LAL,ATL,PT01M15.00S,75.0,5,1,1
0022500186,1,CLE,CHI,PT05M33.00S,333.0,5,0,1
0022500186,1,CHI,CLE,PT00M48.70S,48.7,5,2,0
0022500186,2,CHI,CLE,PT08M22.00S,502.0,5,0,1
0022500186,3,CLE,CHI,PT02M57.00S,177.0,5,0,1
0022500186,3,CHI,CLE,PT01M24.00S,84.0,5,1,0
0022500186,4,CHI,CLE,PT06M56.00S,416.0,5,0,1
0022500186,4,CLE,CHI,PT00M33.40S,33.4,5,2,0
0022500187,1,MIA,POR,PT00M39.40S,39.4,5,2,1
0022500187,2,MIA,POR,PT04M22.00S,262.0,5,0,1
0022500187,2,POR,MIA,PT03M50.00S,230.0,5,0,0
0022500187,3,MIA,POR,PT02M47.00S,167.0,5,0,1
0022500187,3,POR,MIA,PT01M35.00S,95.0,5,1,0
0022500187,4,MIA,POR,PT07M48.00S,468.0,5,0,1
0022500187,4,POR,MIA,PT05M16.00S,316.0,5,0,0
0022500188,1,SAS,NOP,PT00M48.40S,48.4,5,1,1
0022500188,2,NOP,SAS,PT00M52.60S,52.6,3,2,1
0022500188,3,NOP,SAS,PT02M30.00S,150.0,5,0,1
0022500188,3,SAS,NOP,PT01M08.00S,68.0,5,2,0
0022500188,4,NOP,SAS,PT01M37.00S,97.0,5,1,1
0022500188,4,SAS,NOP,PT00M19.40S,19.4,4,2,0
0022500189,2,IND,DEN,PT03M53.00S,233.0,5,0,1
0022500189,2,DEN,IND,PT03M39.00S,219.0,5,0,0
0022500189,3,IND,DEN,PT06M37.00S,397.0,5,0,1
0022500189,3,DEN,IND,PT01M09.00S,69.0,5,1,0
0022500189,4,DEN,IND,PT05M31.00S,331.0,5,0,1
0022500189,4,IND,DEN,PT02M22.00S,142.0,5,0,0
0022500190,1,PHX,LAC,PT01M15.00S,75.0,5,1,1
0022500190,2,LAC,PHX,PT04M34.00S,274.0,5,0,1
0022500190,3,PHX,LAC,PT03M39.00S,219.0,5,0,1
0022500191,3,MIL,HOU,PT04M28.00S,268.0,5,0,1
0022500191,3,HOU,MIL,PT00M08.00S,8.0,5,2,0
0022500191,4,HOU,MIL,PT03M08.00S,188.0,5,0,1
0022500191,4,MIL,HOU,PT00M37.90S,37.9,4,2,0
0022500192,1,NYK,BKN,PT02M26.00S,146.0,5,0,1
0022500192,2,BKN,NYK,PT01M49.00S,109.0,5,1,1
0022500192,3,BKN,NYK,PT01M51.00S,111.0,5,1,1
0022500192,4,BKN,NYK,PT05M53.00S,353.0,5,0,1
0022500192,4,NYK,BKN,PT02M38.00S,158.0,5,0,0
0022500193,1,ORL,BOS,PT01M31.00S,91.0,5,2,1
0022500193,1,BOS,ORL,PT00M36.30S,36.3,5,2,0
0022500193,2,ORL,BOS,PT00M56.80S,56.8,5,1,1
0022500193,3,BOS,ORL,PT05M28.00S,328.0,5,0,1
0022500193,3,ORL,BOS,PT03M20.00S,200.0,5,0,0
0022500193,4,ORL,BOS,PT01M26.00S,86.0,5,1,1
0022500193,4,BOS,ORL,PT00M06.10S,6.1,5,1,0
0022500194,2,OKC,MEM,PT01M11.00S,71.0,5,1,1
0022500194,3,OKC,MEM,PT01M31.00S,91.0,5,1,1
0022500194,3,MEM,OKC,PT00M22.60S,22.6,4,2,0
0022500194,4,OKC,MEM,PT02M51.00S,171.0,5,0,1
0022500194,4,MEM,OKC,PT00M57.70S,57.7,5,1,0
0022500195,1,PHI,DET,PT04M32.00S,272.0,5,0,1
0022500195,3,DET,PHI,PT02M20.00S,140.0,5,0,1
0022500195,4,PHI,DET,PT06M10.00S,370.0,5,0,1
0022500195,4,DET,PHI,PT01M51.00S,111.0,5,1,0
0022500196,2,GSW,IND,PT03M16.00S,196.0,5,0,1
0022500196,2,IND,GSW,PT00M01.50S,1.5,5,2,0
0022500196,3,GSW,IND,PT05M03.00S,303.0,5,0,1
0022500196,3,IND,GSW,PT03M31.00S,211.0,5,0,0
0022500196,4,GSW,IND,PT05M00.00S,300.0,5,0,1
0022500197,2,MIN,SAC,PT03M32.00S,212.0,5,0,1
0022500197,2,SAC,MIN,PT01M21.00S,81.0,5,1,0
0022500197,3,MIN,SAC,PT03M56.00S,236.0,5,0,1
0022500197,3,SAC,MIN,PT00M41.20S,41.2,5,1,0
0022500197,4,SAC,MIN,PT08M06.00S,486.0,5,0,1
0022500198,1,LAL,CHA,PT01M12.00S,72.0,5,1,1
0022500198,2,LAL,CHA,PT02M15.00S,135.0,5,0,1
0022500198,2,CHA,LAL,PT02M06.00S,126.0,5,0,0
0022500198,3,CHA,LAL,PT00M44.90S,44.9,5,1,1
0022500198,4,CHA,LAL,PT09M06.00S,546.0,5,0,1
0022500198,4,LAL,CHA,PT04M17.00S,257.0,5,0,0
0022500199,2,DET,WAS,PT04M49.00S,289.0,5,0,1
0022500199,3,WAS,DET,PT00M27.20S,27.2,4,2,1
0022500199,4,DET,WAS,PT04M27.00S,267.0,5,0,1
0022500199,4,WAS,DET,PT01M14.00S,74.0,5,2,0
0022500199,5,DET,WAS,PT00M17.50S,17.5,3,2,1
0022500200,1,ORL,POR,PT01M24.00S,84.0,5,2,1
0022500200,2,ORL,POR,PT06M10.00S,370.0,5,0,1
0022500200,2,POR,ORL,PT02M36.00S,156.0,5,0,0
0022500200,3,POR,ORL,PT02M54.00S,174.0,5,0,1
0022500200,4,POR,ORL,PT01M47.00S,107.0,5,1,1
0022500200,4,ORL,POR,PT00M11.70S,11.7,5,1,0
0022500201,1,CLE,MIA,PT04M45.00S,285.0,5,0,1
0022500201,2,CLE,MIA,PT03M15.00S,195.0,5,0,1
0022500201,2,MIA,CLE,PT02M02.00S,122.0,5,0,0
0022500201,3,MIA,CLE,PT05M57.00S,357.0,5,0,1
0022500201,3,CLE,MIA,PT00M32.60S,32.6,5,1,0
0022500201,4,CLE,MIA,PT05M12.00S,312.0,5,0,1
0022500201,5,CLE,MIA,PT00M07.20S,7.2,4,2,1
0022500201,5,MIA,CLE,PT00M06.50S,6.5,3,2,0
0022500202,3,CHI,SAS,PT04M10.00S,250.0,5,0,1
0022500202,3,SAS,CHI,PT00M30.40S,30.4,4,2,0
0022500202,4,SAS,CHI,PT02M40.00S,160.0,5,0,1
0022500202,4,CHI,SAS,PT00M09.90S,9.9,4,2,0
0022500203,1,DAL,MIL,PT06M32.00S,392.0,5,0,1
0022500203,1,MIL,DAL,PT00M51.80S,51.8,5,1,0
0022500203,2,MIL,DAL,PT02M53.00S,173.0,5,0,1
0022500203,2,DAL,MIL,PT00M44.00S,44.0,5,1,0
0022500203,3,DAL,MIL,PT01M59.00S,119.0,5,1,1
0022500203,4,DAL,MIL,PT06M32.00S,392.0,5,0,1
0022500203,4,MIL,DAL,PT01M09.00S,69.0,5,2,0
0022500204,1,PHX,NOP,PT00M32.30S,32.3,5,1,1
0022500204,2,NOP,PHX,PT00M49.60S,49.6,5,1,1
0022500204,3,PHX,NOP,PT03M55.00S,235.0,5,0,1
0022500204,4,PHX,NOP,PT06M07.00S,367.0,5,0,1
0022500204,4,NOP,PHX,PT05M51.00S,351.0,5,0,0
0022500205,2,MIN,UTA,PT02M32.00S,152.0,5,0,1
0022500205,2,UTA,MIN,PT01M20.00S,80.0,5,1,0
0022500205,3,MIN,UTA,PT07M20.00S,440.0,5,0,1
0022500205,3,UTA,MIN,PT03M56.00S,236.0,5,0,0
0022500205,4,MIN,UTA,PT03M16.00S,196.0,5,0,1
0022500206,1,LAC,ATL,PT00M17.60S,17.6,5,1,1
0022500206,2,LAC,ATL,PT03M43.00S,223.0,5,0,1
0022500206,2,ATL,LAC,PT01M01.00S,61.0,4,2,0
0022500206,3,LAC,ATL,PT02M12.00S,132.0,5,0,1
0022500206,3,ATL,LAC,PT00M35.10S,35.1,5,2,0
0022500206,4,LAC,ATL,PT00M25.20S,25.2,4,2,1
0022500206,4,ATL,LAC,PT00M10.40S,10.4,3,2,0
0022500207,1,BKN,TOR,PT01M36.00S,96.0,5,1,1
0022500207,2,TOR,BKN,PT02M51.00S,171.0,5,0,1
0022500207,3,BKN,TOR,PT07M25.00S,445.0,5,0,1
0022500207,3,TOR,BKN,PT01M58.00S,118.0,5,1,0
0022500207,4,BKN,TOR,PT04M04.00S,244.0,5,0,1
0022500208,3,MEM,NYK,PT05M17.00S,317.0,5,0,1
0022500208,4,NYK,MEM,PT05M26.00S,326.0,5,0,1
0022500208,4,MEM,NYK,PT01M26.00S,86.0,5,2,0
0022500209,1,BOS,PHI,PT00M33.40S,33.4,5,1,1
0022500209,2,PHI,BOS,PT04M08.00S,248.0,5,0,1
0022500209,2,BOS,PHI,PT01M28.00S,88.0,5,1,0
0022500209,4,BOS,PHI,PT00M33.50S,33.5,5,1,1
0022500210,1,OKC,GSW,PT01M45.00S,105.0,5,2,1
0022500210,1,GSW,OKC,PT01M23.00S,83.0,5,1,0
0022500210,2,GSW,OKC,PT00M19.80S,19.8,5,2,1
0022500210,3,OKC,GSW,PT05M50.00S,350.0,5,0,1
0022500210,3,GSW,OKC,PT02M18.00S,138.0,5,0,0
0022500210,4,GSW,OKC,PT03M37.00S,217.0,5,0,1
0022500210,4,OKC,GSW,PT01M33.00S,93.0,5,1,0
0022500211,1,UTA,IND,PT05M00.00S,300.0,5,0,1
0022500211,2,IND,UTA,PT00M56.00S,56.0,5,2,1
0022500211,3,IND,UTA,PT03M28.00S,208.0,5,0,1
0022500211,3,UTA,IND,PT01M04.00S,64.0,5,2,0
0022500211,4,UTA,IND,PT05M34.00S,334.0,5,0,1
0022500211,4,IND,UTA,PT04M33.00S,273.0,5,0,0
0022500212,2,DEN,SAC,PT04M07.00S,247.0,5,0,1
0022500212,4,DEN,SAC,PT05M39.00S,339.0,5,0,1
0022500212,4,SAC,DEN,PT04M50.00S,290.0,5,0,0
0022500213,2,CHA,MIL,PT05M16.00S,316.0,5,0,1
0022500213,2,MIL,CHA,PT01M53.00S,113.0,5,2,0
0022500213,4,MIL,CHA,PT04M10.00S,250.0,5,0,1
0022500213,4,CHA,MIL,PT02M10.00S,130.0,5,0,0
0022500214,1,DET,CHI,PT00M00.80S,0.8,5,1,1
0022500214,2,CHI,DET,PT02M26.00S,146.0,5,0,1
0022500214,2,DET,CHI,PT00M00.20S,0.2,2,2,0
0022500214,3,CHI,DET,PT02M01.00S,121.0,5,0,1
0022500214,4,CHI,DET,PT08M45.00S,525.0,5,0,1
0022500214,4,DET,CHI,PT00M54.10S,54.1,5,1,0
0022500215,1,NYK,ORL,PT01M15.00S,75.0,5,1,1
0022500215,1,ORL,NYK,PT00M30.80S,30.8,4,2,0
0022500215,2,NYK,ORL,PT03M05.00S,185.0,5,0,1
0022500215,2,ORL,NYK,PT01M06.00S,66.0,5,1,0
0022500215,3,ORL,NYK,PT03M35.00S,215.0,5,0,1
0022500215,4,ORL,NYK,PT05M21.00S,321.0,5,0,1
0022500216,2,MEM,BOS,PT04M07.00S,247.0,5,0,1
0022500216,3,MEM,BOS,PT00M53.10S,53.1,5,1,1
0022500216,4,MEM,BOS,PT00M46.80S,46.8,5,2,1
0022500217,1,MIA,CLE,PT03M56.00S,236.0,5,0,1
0022500217,1,CLE,MIA,PT02M18.00S,138.0,5,0,0
0022500217,2,CLE,MIA,PT02M41.00S,161.0,5,0,1
0022500217,2,MIA,CLE,PT00M00.90S,0.9,5,2,0
0022500217,3,MIA,CLE,PT02M36.00S,156.0,5,0,1
0022500217,4,CLE,MIA,PT06M01.00S,361.0,5,0,1
0022500218,1,HOU,WAS,PT02M43.00S,163.0,5,0,1
0022500218,2,HOU,WAS,PT03M01.00S,181.0,5,0,1
0022500218,2,WAS,HOU,PT01M47.00S,107.0,5,1,0
0022500218,3,WAS,HOU,PT00M32.20S,32.2,4,2,1
0022500218,4,WAS,HOU,PT01M22.00S,82.0,5,1,1
0022500219,1,POR,NOP,PT00M39.10S,39.1,5,1,1
0022500219,2,NOP,POR,PT00M01.90S,1.9,5,2,1
0022500219,3,NOP,POR,PT01M30.00S,90.0,5,2,1
0022500219,3,POR,NOP,PT00M40.10S,40.1,4,2,0
0022500219,4,NOP,POR,PT08M31.00S,511.0,5,0,1
0022500220,2,GSW,SAS,PT05M31.00S,331.0,5,0,1
0022500220,3,GSW,SAS,PT05M34.00S,334.0,5,0,1
0022500220,4,GSW,SAS,PT00M18.40S,18.4,5,2,1
0022500220,4,SAS,GSW,PT00M13.10S,13.1,2,2,0
0022500221,2,DAL,PHX,PT03M46.00S,226.0,5,0,1
0022500221,2,PHX,DAL,PT00M25.20S,25.2,5,2,0
0022500221,3,DAL,PHX,PT04M54.00S,294.0,5,0,1
0022500221,3,PHX,DAL,PT00M53.90S,53.9,5,1,0
0022500221,4,DAL,PHX,PT05M08.00S,308.0,5,0,1
0022500221,4,PHX,DAL,PT00M24.30S,24.3,5,1,0
0022500222,2,LAL,OKC,PT07M38.00S,458.0,5,0,1
0022500222,2,OKC,LAL,PT00M02.30S,2.3,5,2,0
0022500222,3,LAL,OKC,PT06M25.00S,385.0,5,0,1
0022500222,3,OKC,LAL,PT04M20.00S,260.0,5,0,0
0022500222,4,OKC,LAL,PT00M39.30S,39.3,3,2,1
0022500223,2,ATL,SAC,PT00M00.80S,0.8,5,2,1
0022500223,3,ATL,SAC,PT05M08.00S,308.0,5,0,1
0022500223,3,SAC,ATL,PT03M31.00S,211.0,5,0,0
0022500224,1,DEN,LAC,PT03M45.00S,225.0,5,0,1
0022500224,1,LAC,DEN,PT00M27.20S,27.2,3,2,0
0022500224,2,LAC,DEN,PT01M31.00S,91.0,3,2,1
0022500224,2,DEN,LAC,PT00M20.00S,20.0,5,1,0
0022500224,3,DEN,LAC,PT07M26.00S,446.0,5,0,1
0022500224,4,DEN,LAC,PT07M18.00S,438.0,5,0,1
0022500225,1,CLE,TOR,PT06M27.00S,387.0,5,0,1
0022500225,2,TOR,CLE,PT06M23.00S,383.0,5,0,1
0022500225,3,TOR,CLE,PT02M54.00S,174.0,5,0,1
0022500225,3,CLE,TOR,PT00M00.30S,0.3,5,2,0
0022500225,4,CLE,TOR,PT04M43.00S,283.0,5,0,1
0022500226,1,PHX,IND,PT02M06.00S,126.0,5,0,1
0022500226,2,IND,PHX,PT06M05.00S,365.0,5,0,1
0022500226,2,PHX,IND,PT02M44.00S,164.0,5,0,0
0022500226,3,IND,PHX,PT04M40.00S,280.0,5,0,1
0022500226,3,PHX,IND,PT04M01.00S,241.0,5,0,0
0022500227,1,UTA,ATL,PT00M02.90S,2.9,5,1,1
0022500227,2,ATL,UTA,PT00M54.00S,54.0,3,2,1
0022500227,2,UTA,ATL,PT00M43.40S,43.4,5,2,0
0022500227,3,UTA,ATL,PT05M01.00S,301.0,5,0,1
0022500227,4,ATL,UTA,PT04M11.00S,251.0,5,0,1
0022500228,1,MEM,CLE,PT06M54.00S,414.0,5,0,1
0022500228,1,CLE,MEM,PT05M50.00S,350.0,5,0,0
0022500228,2,CLE,MEM,PT03M10.00S,190.0,5,0,1
0022500228,2,MEM,CLE,PT02M35.00S,155.0,5,0,0
0022500228,3,MEM,CLE,PT06M13.00S,373.0,5,0,1
0022500228,4,CLE,MEM,PT03M13.00S,193.0,5,0,1
0022500228,4,MEM,CLE,PT02M43.00S,163.0,5,0,0
0022500229,3,OKC,CHA,PT01M40.00S,100.0,2,2,1
0022500230,2,TOR,IND,PT02M32.00S,152.0,5,0,1
0022500230,3,TOR,IND,PT07M09.00S,429.0,5,0,1
0022500230,3,IND,TOR,PT05M20.00S,320.0,5,0,0
0022500230,4,TOR,IND,PT05M38.00S,338.0,5,0,1
0022500230,4,IND,TOR,PT01M26.00S,86.0,5,1,0
0022500231,1,LAL,MIL,PT03M12.00S,192.0,5,0,1
0022500231,2,MIL,LAL,PT05M10.00S,310.0,5,0,1
0022500231,3,MIL,LAL,PT02M55.00S,175.0,5,0,1
0022500231,3,LAL,MIL,PT02M38.00S,158.0,5,0,0
0022500231,4,LAL,MIL,PT03M35.00S,215.0,5,0,1
0022500232,1,DEN,MIN,PT04M19.00S,259.0,5,0,1
0022500232,1,MIN,DEN,PT01M24.00S,84.0,5,2,0
0022500232,2,MIN,DEN,PT00M11.70S,11.7,4,2,1
0022500232,3,MIN,DEN,PT01M00.00S,60.0,4,2,1
0022500232,3,DEN,MIN,PT00M42.50S,42.5,5,1,0
0022500232,4,DEN,MIN,PT05M09.00S,309.0,5,0,1
0022500233,1,LAC,BOS,PT00M50.70S,50.7,4,2,1
0022500233,3,LAC,BOS,PT07M33.00S,453.0,5,0,1
0022500233,4,BOS,LAC,PT05M03.00S,303.0,5,0,1
0022500233,4,LAC,BOS,PT00M21.80S,21.8,5,1,0
0022500234,2,SAS,SAC,PT03M11.00S,191.0,5,0,1
0022500234,2,SAC,SAS,PT01M05.00S,65.0,3,2,0
0022500234,3,SAC,SAS,PT03M30.00S,210.0,5,0,1
0022500234,4,SAC,SAS,PT00M30.60S,30.6,4,2,1
0022500235,1,BKN,WAS,PT00M55.30S,55.3,5,1,1
0022500235,2,BKN,WAS,PT04M33.00S,273.0,5,0,1
0022500235,2,WAS,BKN,PT01M05.00S,65.0,5,2,0
0022500235,3,BKN,WAS,PT07M38.00S,458.0,5,0,1
0022500235,4,BKN,WAS,PT03M24.00S,204.0,5,0,1
0022500236,2,HOU,ORL,PT04M43.00S,283.0,5,0,1
0022500236,2,ORL,HOU,PT01M26.00S,86.0,3,2,0
0022500236,3,ORL,HOU,PT05M08.00S,308.0,5,0,1
0022500236,3,HOU,ORL,PT00M32.20S,32.2,5,1,0
0022500236,4,ORL,HOU,PT01M56.00S,116.0,5,1,1
0022500236,5,ORL,HOU,PT01M05.00S,65.0,2,2,1
0022500236,5,HOU,ORL,PT00M04.10S,4.1,2,2,0
0022500237,1,NOP,GSW,PT03M37.00S,217.0,5,0,1
0022500237,2,NOP,GSW,PT04M10.00S,250.0,5,0,1
0022500237,4,NOP,GSW,PT02M25.00S,145.0,5,0,1
0022500238,1,DAL,POR,PT06M19.00S,379.0,5,0,1
0022500238,2,POR,DAL,PT06M27.00S,387.0,5,0,1
0022500238,2,DAL,POR,PT04M01.00S,241.0,5,0,0
0022500238,4,DAL,POR,PT03M01.00S,181.0,5,0,1
0022500238,4,POR,DAL,PT01M17.00S,77.0,5,1,0
0022500238,5,DAL,POR,PT02M31.00S,151.0,4,0,1
0022500239,1,ATL,PHX,PT01M27.00S,87.0,5,1,1
0022500239,2,PHX,ATL,PT01M53.00S,113.0,5,1,1
0022500239,4,ATL,PHX,PT03M11.00S,191.0,5,0,1
0022500239,4,PHX,ATL,PT00M07.50S,7.5,4,2,0
0022500240,1,CHI,UTA,PT00M03.90S,3.9,5,2,1
0022500240,1,UTA,CHI,PT00M00.70S,0.7,5,2,0
0022500240,2,CHI,UTA,PT01M54.00S,114.0,5,1,1
0022500240,3,UTA,CHI,PT06M04.00S,364.0,5,0,1
0022500240,3,CHI,UTA,PT02M23.00S,143.0,5,0,0
0022500240,4,UTA,CHI,PT05M23.00S,323.0,5,0,1
0022500240,4,CHI,UTA,PT03M58.00S,238.0,5,0,0
0022500240,6,UTA,CHI,PT03M08.00S,188.0,4,0,1
0022500240,6,CHI,UTA,PT00M08.40S,8.4,2,2,0
0022500241,2,CLE,MIL,PT04M00.00S,240.0,5,0,1
0022500241,2,MIL,CLE,PT01M44.00S,104.0,5,1,0
0022500241,3,MIL,CLE,PT01M29.00S,89.0,5,1,1
0022500242,2,IND,DET,PT04M02.00S,242.0,5,0,1
0022500242,2,DET,IND,PT02M51.00S,171.0,5,0,0
0022500242,3,DET,IND,PT06M28.00S,388.0,5,0,1
0022500242,3,IND,DET,PT02M21.00S,141.0,5,0,0
0022500242,4,IND,DET,PT05M36.00S,336.0,5,0,1
0022500243,1,LAC,PHI,PT01M57.00S,117.0,5,1,1
0022500243,2,PHI,LAC,PT05M24.00S,324.0,5,0,1
0022500243,3,PHI,LAC,PT07M57.00S,477.0,5,0,1
0022500243,3,LAC,PHI,PT01M43.00S,103.0,3,2,0
0022500243,4,LAC,PHI,PT03M34.00S,214.0,5,0,1
0022500243,4,PHI,LAC,PT01M08.00S,68.0,5,2,0
0022500244,2,NYK,MIA,PT06M06.00S,366.0,5,0,1
0022500244,4,MIA,NYK,PT04M05.00S,245.0,5,0,1
0022500245,2,TOR,CHA,PT03M58.00S,238.0,5,0,1
0022500245,2,CHA,TOR,PT03M52.00S,232.0,5,0,0
0022500246,1,MIN,DAL,PT03M38.00S,218.0,5,0,1
0022500246,1,DAL,MIN,PT00M04.60S,4.6,4,2,0
0022500246,2,MIN,DAL,PT02M49.00S,169.0,5,0,1
0022500246,2,DAL,MIN,PT01M48.00S,108.0,5,1,0
0022500246,3,MIN,DAL,PT01M19.00S,79.0,5,2,1
0022500246,4,DAL,MIN,PT07M46.00S,466.0,5,0,1
0022500247,1,OKC,NOP,PT03M41.00S,221.0,5,0,1
0022500247,2,OKC,NOP,PT01M59.00S,119.0,5,1,1
0022500247,2,NOP,OKC,PT00M04.90S,4.9,4,2,0
0022500247,3,OKC,NOP,PT01M52.00S,112.0,5,1,1
0022500247,4,NOP,OKC,PT04M19.00S,259.0,5,0,1
0022500248,1,DEN,CHI,PT00M44.30S,44.3,5,1,1
0022500248,2,DEN,CHI,PT00M12.90S,12.9,5,1,1
0022500248,3,DEN,CHI,PT00M37.20S,37.2,4,2,1
0022500248,3,CHI,DEN,PT00M02.90S,2.9,5,1,0
0022500248,4,CHI,DEN,PT00M11.00S,11.0,5,2,1
0022500249,2,ORL,GSW,PT07M02.00S,422.0,5,0,1
0022500249,3,GSW,ORL,PT02M07.00S,127.0,5,0,1
0022500249,4,GSW,ORL,PT01M17.00S,77.0,5,1,1
0022500250,1,BOS,BKN,PT01M06.00S,66.0,5,1,1
0022500250,2,BKN,BOS,PT01M18.00S,78.0,5,2,1
0022500250,3,BKN,BOS,PT04M47.00S,287.0,5,0,1
0022500250,3,BOS,BKN,PT01M52.00S,112.0,5,1,0
0022500250,4,BKN,BOS,PT04M24.00S,264.0,5,0,1
0022500250,4,BOS,BKN,PT03M34.00S,214.0,5,0,0
0022500251,2,DET,ATL,PT02M07.00S,127.0,5,0,1
0022500251,3,DET,ATL,PT02M06.00S,126.0,5,0,1
0022500251,3,ATL,DET,PT00M01.80S,1.8,5,1,0
0022500251,4,ATL,DET,PT01M36.00S,96.0,5,1,1
0022500251,4,DET,ATL,PT00M30.00S,30.0,5,2,0
0022500252,1,MEM,SAS,PT00M07.20S,7.2,4,2,1
0022500252,3,MEM,SAS,PT02M50.00S,170.0,5,0,1
0022500253,2,LAL,UTA,PT02M54.00S,174.0,5,0,1
0022500253,2,UTA,LAL,PT01M26.00S,86.0,4,2,0
0022500253,3,LAL,UTA,PT03M03.00S,183.0,5,0,1
0022500253,3,UTA,LAL,PT00M56.70S,56.7,5,1,0
0022500253,4,LAL,UTA,PT04M50.00S,290.0,5,0,1
0022500253,4,UTA,LAL,PT02M20.00S,140.0,5,0,0
0022500254,2,POR,PHX,PT04M56.00S,296.0,5,0,1
0022500254,2,PHX,POR,PT02M18.00S,138.0,5,0,0
0022500254,3,POR,PHX,PT04M41.00S,281.0,5,0,1
0022500254,4,POR,PHX,PT03M06.00S,186.0,5,0,1
0022500255,2,CLE,HOU,PT03M34.00S,214.0,5,0,1
0022500255,2,HOU,CLE,PT01M09.00S,69.0,4,2,0
0022500255,3,CLE,HOU,PT05M22.00S,322.0,5,0,1
0022500255,4,CLE,HOU,PT04M37.00S,277.0,5,0,1
0022500255,4,HOU,CLE,PT00M36.70S,36.7,5,1,0
0022500256,1,CHA,IND,PT05M39.00S,339.0,5,0,1
0022500256,2,CHA,IND,PT08M17.00S,497.0,5,0,1
0022500256,2,IND,CHA,PT01M40.00S,100.0,5,1,0
0022500256,3,IND,CHA,PT00M04.90S,4.9,5,2,1
0022500256,4,IND,CHA,PT00M23.00S,23.0,5,2,1
0022500257,1,GSW,MIA,PT03M30.00S,210.0,5,0,1
0022500257,2,MIA,GSW,PT00M25.90S,25.9,5,2,1
0022500257,3,GSW,MIA,PT02M24.00S,144.0,5,0,1
0022500257,3,MIA,GSW,PT00M19.90S,19.9,5,1,0
0022500257,4,MIA,GSW,PT05M00.00S,300.0,5,0,1
0022500258,2,PHI,TOR,PT01M49.00S,109.0,5,1,1
0022500258,3,TOR,PHI,PT08M48.00S,528.0,5,0,1
0022500258,3,PHI,TOR,PT01M14.00S,74.0,5,1,0
0022500258,4,PHI,TOR,PT02M06.00S,126.0,5,0,1
0022500259,1,MIN,WAS,PT02M10.00S,130.0,5,0,1
0022500259,2,WAS,MIN,PT00M17.70S,17.7,2,2,1
0022500259,3,MIN,WAS,PT04M52.00S,292.0,5,0,1
0022500259,4,MIN,WAS,PT04M45.00S,285.0,5,0,1
0022500260,1,NOP,DEN,PT01M09.00S,69.0,3,2,1
0022500260,2,NOP,DEN,PT05M40.00S,340.0,5,0,1
0022500260,2,DEN,NOP,PT04M31.00S,271.0,5,0,0
0022500260,3,NOP,DEN,PT00M29.90S,29.9,3,2,1
0022500260,4,NOP,DEN,PT04M08.00S,248.0,5,0,1
0022500260,4,DEN,NOP,PT00M31.00S,31.0,5,1,0
0022500261,1,SAC,OKC,PT01M48.00S,108.0,5,1,1
0022500261,2,OKC,SAC,PT02M55.00S,175.0,5,0,1
0022500261,2,SAC,OKC,PT01M39.00S,99.0,5,1,0
0022500261,3,OKC,SAC,PT02M35.00S,155.0,5,0,1
0022500261,4,OKC,SAC,PT01M44.00S,104.0,5,1,1
0022500261,4,SAC,OKC,PT01M30.00S,90.0,5,1,0
0022500262,1,NYK,DAL,PT02M19.00S,139.0,5,0,1
0022500262,2,DAL,NYK,PT05M12.00S,312.0,5,0,1
0022500262,2,NYK,DAL,PT03M06.00S,186.0,5,0,0
0022500262,3,NYK,DAL,PT02M07.00S,127.0,5,0,1
0022500262,4,DAL,NYK,PT03M24.00S,204.0,5,0,1
0022500262,4,NYK,DAL,PT00M22.00S,22.0,4,2,0
0022500263,1,POR,CHI,PT03M06.00S,186.0,5,0,1
0022500263,2,CHI,POR,PT03M43.00S,223.0,5,0,1
0022500263,2,POR,CHI,PT02M12.00S,132.0,5,0,0
0022500263,4,POR,CHI,PT07M06.00S,426.0,5,0,1
0022500264,1,LAC,ORL,PT01M43.00S,103.0,5,1,1
0022500264,2,ORL,LAC,PT02M17.00S,137.0,5,0,1
0022500264,4,ORL,LAC,PT00M56.00S,56.0,5,1,1
0022500265,1,MEM,SAC,PT03M21.00S,201.0,5,0,1
0022500265,2,MEM,SAC,PT00M49.10S,49.1,5,2,1
0022500265,3,MEM,SAC,PT04M00.00S,240.0,5,0,1
0022500266,3,MIL,PHI,PT04M35.00S,275.0,5,0,1
0022500266,5,PHI,MIL,PT00M50.80S,50.8,2,2,1
0022500267,2,SAS,ATL,PT04M33.00S,273.0,5,0,1
0022500267,3,SAS,ATL,PT01M49.00S,109.0,5,1,1
0022500267,4,SAS,ATL,PT02M45.00S,165.0,5,0,1
0022500267,4,ATL,SAS,PT02M07.00S,127.0,5,0,0
0022500268,1,CHA,LAC,PT00M30.80S,30.8,5,1,1
0022500268,1,LAC,CHA,PT00M04.90S,4.9,5,2,0
0022500268,3,LAC,CHA,PT05M48.00S,348.0,5,0,1
0022500268,3,CHA,LAC,PT03M32.00S,212.0,5,0,0
0022500268,4,LAC,CHA,PT03M40.00S,220.0,5,0,1
0022500268,4,CHA,LAC,PT00M42.10S,42.1,5,2,0
0022500269,1,ORL,NYK,PT04M39.00S,279.0,5,0,1
0022500269,2,ORL,NYK,PT01M30.00S,90.0,5,2,1
0022500269,2,NYK,ORL,PT00M46.40S,46.4,5,1,0
0022500269,3,NYK,ORL,PT06M12.00S,372.0,5,0,1
0022500269,3,ORL,NYK,PT00M09.50S,9.5,5,1,0
0022500269,4,ORL,NYK,PT02M34.00S,154.0,5,0,1
0022500269,4,NYK,ORL,PT01M49.00S,109.0,5,1,0
0022500270,1,NOP,ATL,PT00M40.00S,40.0,5,1,1
0022500270,2,ATL,NOP,PT03M15.00S,195.0,5,0,1
0022500270,4,NOP,ATL,PT04M02.00S,242.0,5,0,1
0022500271,1,CHI,WAS,PT04M02.00S,242.0,5,0,1
0022500271,1,WAS,CHI,PT02M24.00S,144.0,5,0,0
0022500271,2,CHI,WAS,PT00M30.40S,30.4,5,1,1
0022500271,3,CHI,WAS,PT02M24.00S,144.0,5,0,1
0022500271,4,CHI,WAS,PT00M34.20S,34.2,5,1,1
0022500272,2,MIL,DET,PT02M35.00S,155.0,5,0,1
0022500272,3,DET,MIL,PT01M42.00S,102.0,5,1,1
0022500272,3,MIL,DET,PT00M12.10S,12.1,5,2,0
0022500272,4,DET,MIL,PT04M33.00S,273.0,5,0,1
0022500273,2,DAL,MEM,PT00M33.60S,33.6,5,2,1
0022500273,3,MEM,DAL,PT00M16.90S,16.9,5,1,1
0022500273,4,MEM,DAL,PT06M31.00S,391.0,5,0,1
0022500274,1,DEN,SAC,PT03M30.00S,210.0,5,0,1
0022500274,2,SAC,DEN,PT01M21.00S,81.0,5,1,1
0022500274,2,DEN,SAC,PT00M01.30S,1.3,5,2,0
0022500274,3,SAC,DEN,PT02M00.00S,120.0,5,1,1
0022500274,4,DEN,SAC,PT00M10.00S,10.0,5,1,1
0022500274,4,SAC,DEN,PT00M06.30S,6.3,5,2,0
0022500275,1,MIA,PHI,PT02M02.00S,122.0,5,0,1
0022500275,2,MIA,PHI,PT00M09.10S,9.1,4,2,1
0022500275,4,PHI,MIA,PT00M54.40S,54.4,3,2,1
0022500276,2,CHA,ATL,PT05M40.00S,340.0,5,0,1
0022500276,3,CHA,ATL,PT02M52.00S,172.0,5,0,1
0022500276,4,CHA,ATL,PT03M15.00S,195.0,5,0,1
0022500276,4,ATL,CHA,PT00M11.30S,11.3,3,2,0
0022500277,1,ORL,BOS,PT02M13.00S,133.0,5,0,1
0022500277,2,BOS,ORL,PT02M27.00S,147.0,5,0,1
0022500277,2,ORL,BOS,PT02M16.00S,136.0,5,0,0
0022500277,3,ORL,BOS,PT00M25.10S,25.1,5,2,1
0022500277,4,BOS,ORL,PT00M24.30S,24.3,4,2,1
0022500278,2,LAC,CLE,PT01M37.00S,97.0,5,1,1
0022500278,3,CLE,LAC,PT02M42.00S,162.0,5,0,1
0022500278,3,LAC,CLE,PT01M51.00S,111.0,5,1,0
0022500278,4,LAC,CLE,PT05M14.00S,314.0,5,0,1
0022500279,1,BKN,TOR,PT04M10.00S,250.0,5,0,1
0022500279,2,TOR,BKN,PT02M03.00S,123.0,5,0,1
0022500279,3,BKN,TOR,PT00M35.50S,35.5,5,1,1
0022500279,3,TOR,BKN,PT00M29.30S,29.3,5,1,0
0022500279,4,BKN,TOR,PT06M12.00S,372.0,5,0,1
0022500279,4,TOR,BKN,PT00M29.10S,29.1,5,1,0
0022500280,1,OKC,POR,PT01M05.00S,65.0,5,1,1
0022500280,1,POR,OKC,PT00M45.50S,45.5,5,2,0
0022500280,2,POR,OKC,PT03M15.00S,195.0,5,0,1
0022500280,3,OKC,POR,PT05M30.00S,330.0,5,0,1
0022500280,3,POR,OKC,PT01M57.00S,117.0,5,1,0
0022500281,1,SAS,PHX,PT04M54.00S,294.0,5,0,1
0022500281,2,SAS,PHX,PT01M18.00S,78.0,5,2,1
0022500281,3,PHX,SAS,PT02M01.00S,121.0,5,0,1
0022500281,4,SAS,PHX,PT04M13.00S,253.0,5,0,1
0022500281,4,PHX,SAS,PT00M26.80S,26.8,3,2,0
0022500282,1,LAL,UTA,PT03M01.00S,181.0,5,0,1
0022500282,2,UTA,LAL,PT03M40.00S,220.0,5,0,1
0022500282,3,LAL,UTA,PT02M26.00S,146.0,5,0,1
0022500282,4,UTA,LAL,PT05M24.00S,324.0,5,0,1
0022500282,4,LAL,UTA,PT04M41.00S,281.0,5,0,0
0022500283,2,DET,IND,PT05M22.00S,322.0,5,0,1
0022500283,2,IND,DET,PT04M40.00S,280.0,5,0,0
0022500283,3,IND,DET,PT07M24.00S,444.0,5,0,1
0022500283,3,DET,IND,PT03M48.00S,228.0,5,0,0
0022500283,4,DET,IND,PT05M40.00S,340.0,5,0,1
0022500283,4,IND,DET,PT02M17.00S,137.0,5,0,0
0022500284,1,CLE,TOR,PT02M45.00S,165.0,5,0,1
0022500284,2,TOR,CLE,PT01M20.00S,80.0,5,1,1
0022500285,2,BKN,NYK,PT01M45.00S,105.0,5,1,1
0022500285,2,NYK,BKN,PT00M33.90S,33.9,5,2,0
0022500285,3,BKN,NYK,PT03M26.00S,206.0,5,0,1
0022500285,4,BKN,NYK,PT01M22.00S,82.0,5,1,1
0022500286,1,DAL,MIA,PT02M38.00S,158.0,5,0,1
0022500286,2,MIA,DAL,PT05M20.00S,320.0,5,0,1
0022500286,4,MIA,DAL,PT00M03.10S,3.1,5,2,1
0022500287,1,MEM,DEN,PT00M29.80S,29.8,5,1,1
0022500287,2,MEM,DEN,PT01M20.00S,80.0,3,2,1
0022500287,2,DEN,MEM,PT00M25.90S,25.9,5,2,0
0022500288,1,POR,MIL,PT04M13.00S,253.0,5,0,1
0022500288,2,POR,MIL,PT05M38.00S,338.0,5,0,1
0022500288,3,POR,MIL,PT01M11.00S,71.0,5,1,1
0022500288,4,MIL,POR,PT01M23.00S,83.0,5,1,1
0022500289,2,NOP,CHI,PT02M25.00S,145.0,5,0,1
0022500289,3,CHI,NOP,PT03M23.00S,203.0,5,0,1
0022500289,3,NOP,CHI,PT00M55.00S,55.0,5,1,0
0022500289,4,CHI,NOP,PT02M45.00S,165.0,5,0,1
0022500289,4,NOP,CHI,PT01M00.00S,60.0,4,2,0
0022500290,2,HOU,PHX,PT04M35.00S,275.0,5,0,1
0022500290,2,PHX,HOU,PT01M47.00S,107.0,3,2,0
0022500290,3,HOU,PHX,PT03M54.00S,234.0,5,0,1
0022500290,3,PHX,HOU,PT02M22.00S,142.0,5,0,0
0022500290,4,PHX,HOU,PT01M58.00S,118.0,5,1,1
0022500291,1,GSW,UTA,PT00M13.70S,13.7,3,2,1
0022500291,3,GSW,UTA,PT01M11.00S,71.0,5,2,1
0022500291,3,UTA,GSW,PT00M06.60S,6.6,5,1,0
0022500292,1,SAC,MIN,PT00M50.50S,50.5,4,2,1
0022500292,2,MIN,SAC,PT05M12.00S,312.0,5,0,1
0022500292,3,MIN,SAC,PT05M32.00S,332.0,5,0,1
0022500292,3,SAC,MIN,PT00M33.30S,33.3,5,2,0
0022500292,4,SAC,MIN,PT01M29.00S,89.0,5,1,1
0022500292,5,SAC,MIN,PT00M20.20S,20.2,4,2,1
0022500293,1,MIN,BOS,PT00M35.20S,35.2,5,2,1
0022500293,2,MIN,BOS,PT00M50.80S,50.8,3,2,1
0022500293,3,MIN,BOS,PT01M57.00S,117.0,5,1,1
0022500293,4,BOS,MIN,PT03M33.00S,213.0,5,0,1
0022500293,4,MIN,BOS,PT00M44.60S,44.6,5,1,0
0022500294,2,CHA,TOR,PT03M57.00S,237.0,5,0,1
0022500294,3,TOR,CHA,PT04M30.00S,270.0,5,0,1
0022500294,3,CHA,TOR,PT00M50.90S,50.9,5,1,0
0022500294,4,CHA,TOR,PT00M18.20S,18.2,5,2,1
0022500294,4,TOR,CHA,PT00M12.60S,12.6,5,2,0
0022500294,5,TOR,CHA,PT00M09.50S,9.5,2,2,1
0022500294,5,CHA,TOR,PT00M03.90S,3.9,4,2,0
0022500295,4,IND,CHI,PT00M10.70S,10.7,4,2,1
0022500296,1,MIA,DET,PT04M51.00S,291.0,5,0,1
0022500296,2,MIA,DET,PT05M28.00S,328.0,5,0,1
0022500296,3,MIA,DET,PT05M32.00S,332.0,5,0,1
0022500296,3,DET,MIA,PT01M00.00S,60.0,5,2,0
0022500296,4,MIA,DET,PT04M25.00S,265.0,5,0,1
0022500296,4,DET,MIA,PT00M12.90S,12.9,5,2,0
0022500297,2,MIL,BKN,PT01M03.00S,63.0,5,1,1
0022500297,3,MIL,BKN,PT01M53.00S,113.0,5,1,1
0022500297,4,BKN,MIL,PT04M55.00S,295.0,5,0,1
0022500298,1,NOP,GSW,PT00M44.10S,44.1,4,2,1
0022500298,1,GSW,NOP,PT00M22.20S,22.2,4,2,0
0022500298,2,GSW,NOP,PT02M26.00S,146.0,5,0,1
0022500298,2,NOP,GSW,PT00M37.60S,37.6,5,1,0
0022500298,3,NOP,GSW,PT00M40.20S,40.2,5,2,1
0022500298,4,NOP,GSW,PT04M02.00S,242.0,5,0,1
0022500298,4,GSW,NOP,PT00M40.20S,40.2,3,2,0
0022500299,1,DEN,PHX,PT00M06.00S,6.0,5,1,1
0022500299,2,DEN,PHX,PT03M40.00S,220.0,5,0,1
0022500299,2,PHX,DEN,PT00M47.20S,47.2,5,1,0
0022500299,3,DEN,PHX,PT01M47.00S,107.0,5,1,1
0022500299,3,PHX,DEN,PT01M36.00S,96.0,5,1,0
0022500299,4,DEN,PHX,PT01M29.00S,89.0,5,1,1
0022500300,2,LAC,DAL,PT01M34.00S,94.0,5,1,1
0022500300,3,DAL,LAC,PT00M48.10S,48.1,3,2,1
0022500300,4,LAC,DAL,PT04M13.00S,253.0,5,0,1
0022500300,4,DAL,LAC,PT01M20.00S,80.0,5,1,0
0022500301,1,HOU,UTA,PT01M16.00S,76.0,5,1,1
0022500301,1,UTA,HOU,PT00M00.60S,0.6,5,1,0
0022500301,2,HOU,UTA,PT04M04.00S,244.0,5,0,1
0022500301,3,HOU,UTA,PT02M42.00S,162.0,5,0,1
0022500301,4,UTA,HOU,PT04M25.00S,265.0,5,0,1
0022500302,2,BOS,CLE,PT01M05.00S,65.0,5,1,1
0022500302,3,BOS,CLE,PT01M34.00S,94.0,5,1,1
0022500302,4,BOS,CLE,PT01M55.00S,115.0,5,1,1
0022500302,4,CLE,BOS,PT01M31.00S,91.0,5,2,0
0022500303,3,NYK,TOR,PT02M00.00S,120.0,5,1,1
0022500303,3,TOR,NYK,PT00M41.00S,41.0,3,2,0
0022500304,1,PHI,ATL,PT00M36.00S,36.0,4,2,1
0022500304,2,PHI,ATL,PT00M03.90S,3.9,5,1,1
0022500304,3,PHI,ATL,PT06M25.00S,385.0,5,0,1
0022500304,3,ATL,PHI,PT01M28.00S,88.0,4,2,0
0022500304,4,ATL,PHI,PT02M58.00S,178.0,5,0,1
0022500304,4,PHI,ATL,PT00M12.70S,12.7,5,1,0
0022500304,5,PHI,ATL,PT00M04.60S,4.6,3,2,1
0022500304,5,ATL,PHI,PT00M00.30S,0.3,2,2,0
0022500304,6,ATL,PHI,PT00M12.50S,12.5,4,2,1
0022500305,1,OKC,POR,PT00M17.40S,17.4,4,2,1
0022500305,2,OKC,POR,PT02M50.00S,170.0,5,0,1
0022500305,2,POR,OKC,PT02M19.00S,139.0,5,0,0
0022500305,3,POR,OKC,PT04M26.00S,266.0,5,0,1
0022500305,3,OKC,POR,PT01M53.00S,113.0,5,1,0
0022500305,4,POR,OKC,PT04M35.00S,275.0,5,0,1
0022500305,4,OKC,POR,PT00M22.10S,22.1,3,2,0
0022500306,3,MIN,SAS,PT03M42.00S,222.0,5,0,1
0022500306,3,SAS,MIN,PT02M05.00S,125.0,5,0,0
0022500306,4,MIN,SAS,PT01M17.00S,77.0,3,2,1
0022500306,4,SAS,MIN,PT00M32.90S,32.9,5,2,0
0022500307,2,MEM,SAC,PT03M59.00S,239.0,5,0,1
0022500307,2,SAC,MEM,PT03M02.00S,182.0,5,0,0
0022500307,4,SAC,MEM,PT01M11.00S,71.0,5,2,1
0022500307,4,MEM,SAC,PT00M47.20S,47.2,5,1,0
0022500308,1,LAL,NOP,PT01M55.00S,115.0,5,1,1
0022500308,2,LAL,NOP,PT02M14.00S,134.0,5,0,1
0022500308,3,LAL,NOP,PT04M46.00S,286.0,5,0,1
0022500308,4,LAL,NOP,PT03M30.00S,210.0,5,0,1
0022500309,4,DET,ATL,PT02M37.00S,157.0,5,0,1
0022500310,2,IND,CLE,PT06M04.00S,364.0,5,0,1
0022500310,2,CLE,IND,PT05M29.00S,329.0,5,0,0
0022500310,3,CLE,IND,PT06M46.00S,406.0,5,0,1
0022500310,3,IND,CLE,PT02M10.00S,130.0,5,0,0
0022500310,4,IND,CLE,PT06M57.00S,417.0,5,0,1
0022500310,4,CLE,IND,PT00M35.30S,35.3,5,1,0
0022500311,4,MIL,WAS,PT00M39.30S,39.3,5,1,1
0022500311,4,WAS,MIL,PT00M05.40S,5.4,5,2,0
0022500312,1,CHA,BKN,PT00M30.20S,30.2,5,2,1
0022500312,3,CHA,BKN,PT05M38.00S,338.0,5,0,1
0022500312,3,BKN,CHA,PT00M53.10S,53.1,3,2,0
0022500312,4,BKN,CHA,PT02M01.00S,121.0,5,0,1
0022500312,4,CHA,BKN,PT00M06.70S,6.7,4,2,0
0022500313,1,LAC,MIA,PT03M00.00S,180.0,5,0,1
0022500313,2,LAC,MIA,PT07M14.00S,434.0,5,0,1
0022500313,2,MIA,LAC,PT02M26.00S,146.0,5,0,0
0022500313,4,LAC,MIA,PT06M21.00S,381.0,5,0,1
0022500314,2,ORL,CHI,PT07M25.00S,445.0,5,0,1
0022500314,3,ORL,CHI,PT03M38.00S,218.0,5,0,1
0022500314,4,CHI,ORL,PT07M09.00S,429.0,5,0,1
0022500314,4,ORL,CHI,PT00M35.30S,35.3,5,1,0
0022500315,2,DEN,DAL,PT01M18.00S,78.0,5,2,1
0022500315,3,DEN,DAL,PT02M20.00S,140.0,5,0,1
0022500316,1,HOU,UTA,PT03M18.00S,198.0,5,0,1
0022500316,1,UTA,HOU,PT01M20.00S,80.0,5,1,0
0022500316,2,HOU,UTA,PT01M37.00S,97.0,5,1,1
0022500316,2,UTA,HOU,PT01M13.00S,73.0,5,1,0
0022500316,3,HOU,UTA,PT00M50.90S,50.9,5,1,1
0022500316,4,HOU,UTA,PT07M22.00S,442.0,5,0,1
0022500316,4,UTA,HOU,PT03M13.00S,193.0,5,0,0
0022500317,3,PHX,LAL,PT05M05.00S,305.0,5,0,1
0022500317,3,LAL,PHX,PT00M16.00S,16.0,4,2,0
0022500318,1,WAS,PHI,PT04M35.00S,275.0,5,0,1
0022500318,2,WAS,PHI,PT01M45.00S,105.0,5,1,1
0022500318,3,WAS,PHI,PT02M58.00S,178.0,5,0,1
0022500318,3,PHI,WAS,PT00M32.10S,32.1,5,1,0
0022500319,1,TOR,POR,PT01M47.00S,107.0,5,1,1
0022500319,2,POR,TOR,PT04M46.00S,286.0,5,0,1
0022500319,2,TOR,POR,PT00M00.10S,0.1,5,2,0
0022500319,3,POR,TOR,PT05M53.00S,353.0,5,0,1
0022500319,4,POR,TOR,PT05M44.00S,344.0,5,0,1
0022500319,4,TOR,POR,PT00M05.50S,5.5,5,2,0
0022500320,1,NYK,BOS,PT02M54.00S,174.0,5,0,1
0022500320,2,BOS,NYK,PT05M10.00S,310.0,5,0,1
0022500320,4,NYK,BOS,PT03M08.00S,188.0,5,0,1
0022500320,4,BOS,NYK,PT01M27.00S,87.0,4,2,0
0022500321,1,MIN,NOP,PT00M22.40S,22.4,5,1,1
0022500321,2,NOP,MIN,PT06M36.00S,396.0,5,0,1
0022500321,2,MIN,NOP,PT00M05.60S,5.6,5,2,0
0022500321,3,MIN,NOP,PT04M05.00S,245.0,5,0,1
0022500321,4,NOP,MIN,PT03M14.00S,194.0,5,0,1
0022500322,1,SAS,MEM,PT03M12.00S,192.0,5,0,1
0022500322,2,SAS,MEM,PT04M35.00S,275.0,5,0,1
0022500322,3,MEM,SAS,PT05M53.00S,353.0,5,0,1
0022500322,3,SAS,MEM,PT01M17.00S,77.0,5,2,0
0022500322,4,SAS,MEM,PT01M54.00S,114.0,5,1,1
0022500322,4,MEM,SAS,PT00M50.00S,50.0,4,2,0
0022500323,1,OKC,GSW,PT00M49.20S,49.2,5,1,1
0022500323,1,GSW,OKC,PT00M39.50S,39.5,4,2,0
0022500323,2,OKC,GSW,PT01M16.00S,76.0,2,2,1
0022500323,3,OKC,GSW,PT00M03.70S,3.7,4,2,1
0022500323,4,OKC,GSW,PT06M35.00S,395.0,5,0,1
0022500324,1,POR,CLE,PT05M10.00S,310.0,5,0,1
0022500324,2,POR,CLE,PT03M33.00S,213.0,5,0,1
0022500324,3,CLE,POR,PT04M49.00S,289.0,5,0,1
0022500324,3,POR,CLE,PT00M23.60S,23.6,5,2,0
0022500324,4,CLE,POR,PT06M03.00S,363.0,5,0,1
0022500324,4,POR,CLE,PT00M56.30S,56.3,4,2,0
0022500325,1,DEN,IND,PT01M42.00S,102.0,4,2,1
0022500325,3,DEN,IND,PT03M17.00S,197.0,5,0,1
0022500325,3,IND,DEN,PT02M43.00S,163.0,5,0,0
0022500325,4,IND,DEN,PT06M51.00S,411.0,5,0,1
0022500325,4,DEN,IND,PT03M19.00S,199.0,5,0,0
0022500326,1,ORL,SAS,PT00M21.30S,21.3,5,2,1
0022500326,3,ORL,SAS,PT00M31.00S,31.0,5,2,1
0022500326,4,SAS,ORL,PT04M49.00S,289.0,5,0,1
0022500326,4,ORL,SAS,PT00M07.70S,7.7,5,2,0
0022500327,2,LAC,ATL,PT03M40.00S,220.0,5,0,1
0022500327,2,ATL,LAC,PT02M50.00S,170.0,5,0,0
0022500327,3,LAC,ATL,PT00M44.70S,44.7,4,2,1
0022500327,4,ATL,LAC,PT00M08.30S,8.3,5,2,1
0022500328,3,CHA,NYK,PT02M32.00S,152.0,5,0,1
0022500328,3,NYK,CHA,PT00M49.70S,49.7,5,1,0
0022500328,4,CHA,NYK,PT01M55.00S,115.0,5,1,1
0022500328,4,NYK,CHA,PT00M59.80S,59.8,5,1,0
0022500329,1,CHI,BKN,PT03M05.00S,185.0,5,0,1
0022500329,2,CHI,BKN,PT02M30.00S,150.0,5,0,1
0022500329,2,BKN,CHI,PT01M25.00S,85.0,5,1,0
0022500330,3,HOU,SAC,PT02M26.00S,146.0,5,0,1
0022500330,4,SAC,HOU,PT02M14.00S,134.0,5,0,1
0022500331,1,DET,MIL,PT01M50.00S,110.0,5,1,1
0022500331,1,MIL,DET,PT00M12.90S,12.9,5,2,0
0022500331,2,MIL,DET,PT03M39.00S,219.0,5,0,1
0022500331,3,DET,MIL,PT04M58.00S,298.0,5,0,1
0022500331,4,MIL,DET,PT00M13.50S,13.5,3,2,1
0022500331,4,DET,MIL,PT00M01.90S,1.9,3,2,0
0022500332,1,MIA,DAL,PT00M36.80S,36.8,5,2,1
0022500333,1,PHI,GSW,PT02M26.00S,146.0,5,0,1
0022500333,3,GSW,PHI,PT03M25.00S,205.0,5,0,1
0022500333,3,PHI,GSW,PT00M13.60S,13.6,5,1,0
0022500333,4,PHI,GSW,PT01M10.00S,70.0,5,1,1
0022500334,1,BOS,WAS,PT00M51.70S,51.7,4,2,1
0022500334,2,WAS,BOS,PT03M45.00S,225.0,5,0,1
0022500334,3,BOS,WAS,PT09M04.00S,544.0,5,0,1
0022500334,3,WAS,BOS,PT00M38.80S,38.8,5,2,0
0022500335,2,BKN,UTA,PT03M14.00S,194.0,5,0,1
0022500335,3,UTA,BKN,PT06M35.00S,395.0,5,0,1
0022500335,3,BKN,UTA,PT05M43.00S,343.0,5,0,0
0022500335,4,UTA,BKN,PT01M06.00S,66.0,4,2,1
0022500336,1,LAL,TOR,PT00M00.80S,0.8,4,2,1
0022500336,2,TOR,LAL,PT00M52.40S,52.4,5,1,1
0022500336,3,LAL,TOR,PT01M54.00S,114.0,5,1,1
0022500336,4,TOR,LAL,PT02M41.00S,161.0,5,0,1
0022500337,1,MIN,NOP,PT02M53.00S,173.0,5,0,1
0022500337,1,NOP,MIN,PT00M02.40S,2.4,4,2,0
0022500337,3,NOP,MIN,PT07M41.00S,461.0,5,0,1
0022500337,3,MIN,NOP,PT01M37.00S,97.0,5,1,0
0022500337,4,NOP,MIN,PT02M07.00S,127.0,5,0,1
0022500337,4,MIN,NOP,PT01M14.00S,74.0,4,2,0
0022500338,1,BOS,LAL,PT00M22.10S,22.1,5,2,1
0022500338,2,LAL,BOS,PT05M52.00S,352.0,5,0,1
0022500338,3,LAL,BOS,PT02M05.00S,125.0,5,0,1
0022500339,2,MIA,ORL,PT03M35.00S,215.0,5,0,1
0022500339,2,ORL,MIA,PT03M02.00S,182.0,5,0,0
0022500339,3,MIA,ORL,PT02M06.00S,126.0,5,0,1
0022500339,3,ORL,MIA,PT00M54.00S,54.0,5,2,0
0022500340,2,DEN,ATL,PT02M31.00S,151.0,5,0,1
0022500340,3,DEN,ATL,PT03M24.00S,204.0,5,0,1
0022500340,3,ATL,DEN,PT00M33.70S,33.7,5,1,0
0022500340,4,ATL,DEN,PT03M47.00S,227.0,5,0,1
0022500340,4,DEN,ATL,PT00M17.40S,17.4,5,1,0
0022500341,1,SAS,CLE,PT04M17.00S,257.0,5,0,1
0022500341,1,CLE,SAS,PT03M05.00S,185.0,5,0,0
0022500341,2,CLE,SAS,PT00M21.90S,21.9,5,1,1
0022500341,3,CLE,SAS,PT01M37.00S,97.0,5,1,1
0022500341,4,SAS,CLE,PT01M14.00S,74.0,5,1,1
0022500342,1,POR,DET,PT02M56.00S,176.0,5,0,1
0022500342,2,POR,DET,PT07M54.00S,474.0,5,0,1
0022500342,2,DET,POR,PT06M51.00S,411.0,5,0,0
0022500342,3,POR,DET,PT03M19.00S,199.0,5,0,1
0022500342,3,DET,POR,PT02M08.00S,128.0,5,0,0
0022500342,4,DET,POR,PT09M31.00S,571.0,5,0,1
0022500342,4,POR,DET,PT00M21.20S,21.2,5,1,0
0022500343,1,NYK,UTA,PT02M36.00S,156.0,5,0,1
0022500343,2,UTA,NYK,PT05M05.00S,305.0,5,0,1
0022500343,3,NYK,UTA,PT02M08.00S,128.0,5,0,1
0022500343,4,UTA,NYK,PT01M41.00S,101.0,5,1,1
0022500344,2,CHA,TOR,PT08M15.00S,495.0,5,0,1
0022500344,4,CHA,TOR,PT03M53.00S,233.0,5,0,1
0022500344,4,TOR,CHA,PT01M44.00S,104.0,4,2,0
0022500345,1,CHI,IND,PT06M02.00S,362.0,5,0,1
0022500345,2,CHI,IND,PT02M01.00S,121.0,5,0,1
0022500345,4,CHI,IND,PT06M39.00S,399.0,5,0,1
0022500345,4,IND,CHI,PT04M20.00S,260.0,5,0,0
0022500346,1,HOU,PHX,PT03M20.00S,200.0,5,0,1
0022500346,1,PHX,HOU,PT01M11.00S,71.0,5,2,0
0022500346,4,HOU,PHX,PT09M09.00S,549.0,5,0,1
0022500347,2,MEM,LAC,PT00M41.40S,41.4,3,2,1
0022500347,3,MEM,LAC,PT03M14.00S,194.0,5,0,1
0022500347,3,LAC,MEM,PT00M39.70S,39.7,5,1,0
0022500347,4,MEM,LAC,PT00M27.30S,27.3,4,2,1
0022500348,2,PHI,MIL,PT06M19.00S,379.0,5,0,1
0022500348,2,MIL,PHI,PT02M07.00S,127.0,5,0,0
0022500348,3,MIL,PHI,PT06M18.00S,378.0,5,0,1
0022500348,4,MIL,PHI,PT02M24.00S,144.0,5,0,1
0022500348,4,PHI,MIL,PT01M11.00S,71.0,5,2,0
0022500349,2,DAL,OKC,PT03M46.00S,226.0,5,0,1
0022500349,2,OKC,DAL,PT02M21.00S,141.0,5,0,0
0022500349,3,OKC,DAL,PT00M15.70S,15.7,4,2,1
0022500349,4,DAL,OKC,PT01M43.00S,103.0,5,1,1
0022500350,2,NOP,BKN,PT01M07.00S,67.0,2,2,1
0022500350,3,BKN,NOP,PT05M31.00S,331.0,5,0,1
0022500350,3,NOP,BKN,PT02M28.00S,148.0,5,0,0
0022500350,4,BKN,NOP,PT07M22.00S,442.0,5,0,1
0022500350,4,NOP,BKN,PT00M43.70S,43.7,4,2,0
0022500351,1,WAS,ATL,PT00M34.70S,34.7,5,2,1
0022500351,4,ATL,WAS,PT05M01.00S,301.0,5,0,1
0022500352,3,GSW,CLE,PT06M10.00S,370.0,5,0,1
0022500352,4,CLE,GSW,PT00M20.90S,20.9,5,2,1
0022500352,4,GSW,CLE,PT00M11.30S,11.3,4,2,0
0022500353,1,DET,MIL,PT02M22.00S,142.0,5,0,1
0022500353,2,MIL,DET,PT07M46.00S,466.0,5,0,1
0022500353,2,DET,MIL,PT01M38.00S,98.0,5,1,0
0022500353,3,DET,MIL,PT02M05.00S,125.0,5,0,1
0022500353,4,MIL,DET,PT03M34.00S,214.0,5,0,1
0022500354,1,SAC,MIA,PT00M38.20S,38.2,5,2,1
0022500354,4,MIA,SAC,PT07M00.00S,420.0,5,0,1
0022500354,4,SAC,MIA,PT05M07.00S,307.0,5,0,0
0022500355,1,LAC,MIN,PT01M15.00S,75.0,4,2,1
0022500355,2,MIN,LAC,PT02M40.00S,160.0,5,0,1
0022500355,2,LAC,MIN,PT00M31.00S,31.0,5,2,0
0022500355,3,MIN,LAC,PT06M03.00S,363.0,5,0,1
0022500355,3,LAC,MIN,PT04M23.00S,263.0,5,0,0
0022500355,4,MIN,LAC,PT07M56.00S,476.0,5,0,1
0022500355,4,LAC,MIN,PT02M13.00S,133.0,5,0,0
0022500356,1,DAL,HOU,PT01M42.00S,102.0,5,2,1
0022500356,2,DAL,HOU,PT00M41.50S,41.5,5,1,1
0022500356,2,HOU,DAL,PT00M00.70S,0.7,5,2,0
0022500356,4,HOU,DAL,PT03M11.00S,191.0,5,0,1
0022500357,1,ORL,NYK,PT00M14.70S,14.7,5,1,1
0022500357,1,NYK,ORL,PT00M00.60S,0.6,5,1,0
0022500357,2,ORL,NYK,PT03M24.00S,204.0,5,0,1
0022500357,3,NYK,ORL,PT01M06.00S,66.0,5,2,1
0022500357,4,ORL,NYK,PT04M28.00S,268.0,5,0,1
0022500357,4,NYK,ORL,PT02M04.00S,124.0,5,0,0
0022500358,2,TOR,BOS,PT02M23.00S,143.0,5,0,1
0022500358,2,BOS,TOR,PT00M05.40S,5.4,5,1,0
0022500358,4,BOS,TOR,PT01M06.00S,66.0,5,2,1
0022500359,3,DEN,CHA,PT02M40.00S,160.0,5,0,1
0022500359,3,CHA,DEN,PT02M16.00S,136.0,5,0,0
0022500359,4,DEN,CHA,PT04M09.00S,249.0,5,0,1
0022500359,4,CHA,DEN,PT03M27.00S,207.0,5,0,0
0022500360,1,POR,MEM,PT01M41.00S,101.0,5,1,1
0022500360,1,MEM,POR,PT00M36.60S,36.6,5,1,0
0022500360,2,MEM,POR,PT02M41.00S,161.0,5,0,1
0022500360,3,POR,MEM,PT07M33.00S,453.0,5,0,1
0022500360,3,MEM,POR,PT03M24.00S,204.0,5,0,0
0022500360,4,MEM,POR,PT05M03.00S,303.0,5,0,1
0022500360,4,POR,MEM,PT00M44.00S,44.0,5,1,0
0022500361,2,GSW,CHI,PT02M15.00S,135.0,5,0,1
0022500361,3,CHI,GSW,PT04M47.00S,287.0,5,0,1
0022500362,1,PHI,LAL,PT01M32.00S,92.0,5,1,1
0022500362,2,LAL,PHI,PT04M28.00S,268.0,5,0,1
0022500362,2,PHI,LAL,PT00M38.90S,38.9,5,2,0
0022500362,3,LAL,PHI,PT01M40.00S,100.0,5,1,1
0022500362,3,PHI,LAL,PT00M21.30S,21.3,5,2,0
0022500362,4,PHI,LAL,PT04M47.00S,287.0,5,0,1
0022500362,4,LAL,PHI,PT00M04.20S,4.2,3,2,0
0022500363,3,OKC,UTA,PT08M17.00S,497.0,5,0,1
0022500363,3,UTA,OKC,PT00M11.30S,11.3,4,2,0
0022500363,4,UTA,OKC,PT04M43.00S,283.0,5,0,1
0022500364,1,IND,SAC,PT03M57.00S,237.0,5,0,1
0022500364,2,SAC,IND,PT05M25.00S,325.0,5,0,1
0022500364,2,IND,SAC,PT00M31.60S,31.6,5,2,0
0022500364,3,SAC,IND,PT01M24.00S,84.0,5,1,1
0022500364,4,IND,SAC,PT00M26.70S,26.7,3,2,1
0022500365,1,MIN,PHX,PT00M29.80S,29.8,5,1,1
0022500365,2,PHX,MIN,PT04M05.00S,245.0,5,0,1
0022500365,2,MIN,PHX,PT02M30.00S,150.0,5,0,0
0022500365,3,MIN,PHX,PT01M36.00S,96.0,5,2,1
0022500365,4,PHX,MIN,PT00M06.30S,6.3,5,2,1
0022500366,2,SAS,NOP,PT04M19.00S,259.0,5,0,1
0022500366,3,NOP,SAS,PT05M47.00S,347.0,5,0,1
0022500366,4,SAS,NOP,PT08M55.00S,535.0,5,0,1
0022500366,4,NOP,SAS,PT07M01.00S,421.0,5,0,0
0022500367,2,CHI,CLE,PT00M58.50S,58.5,5,2,1
0022500367,2,CLE,CHI,PT00M40.10S,40.1,5,2,0
0022500367,3,CHI,CLE,PT00M39.80S,39.8,5,1,1
0022500367,4,CLE,CHI,PT01M04.00S,64.0,4,2,1
0022500368,2,MEM,MIN,PT04M49.00S,289.0,5,0,1
0022500368,2,MIN,MEM,PT00M48.40S,48.4,5,1,0
0022500368,3,MIN,MEM,PT00M03.80S,3.8,4,2,1
0022500368,4,MIN,MEM,PT06M45.00S,405.0,5,0,1
0022500368,4,MEM,MIN,PT02M32.00S,152.0,5,0,0
0022500369,1,OKC,LAC,PT02M03.00S,123.0,5,0,1
0022500369,2,LAC,OKC,PT02M32.00S,152.0,5,0,1
0022500369,3,LAC,OKC,PT00M32.70S,32.7,5,1,1
0022500369,4,LAC,OKC,PT04M43.00S,283.0,5,0,1
0022500370,1,SAS,WAS,PT00M54.70S,54.7,4,2,1
0022500370,3,SAS,WAS,PT00M49.00S,49.0,5,2,1
0022500370,4,SAS,WAS,PT01M21.00S,81.0,5,1,1
0022500371,2,CHA,ATL,PT00M05.30S,5.3,4,2,1
0022500371,3,CHA,ATL,PT04M33.00S,273.0,5,0,1
0022500371,3,ATL,CHA,PT00M58.60S,58.6,5,1,0
0022500371,4,CHA,ATL,PT00M09.80S,9.8,5,1,1
0022500372,1,NYK,IND,PT00M54.90S,54.9,4,2,1
0022500372,2,NYK,IND,PT01M39.00S,99.0,5,1,1
0022500372,2,IND,NYK,PT00M09.20S,9.2,5,2,0
0022500372,3,IND,NYK,PT02M46.00S,166.0,5,0,1
0022500372,3,NYK,IND,PT01M31.00S,91.0,5,1,0
0022500373,4,MIA,BKN,PT03M21.00S,201.0,5,0,1
0022500373,4,BKN,MIA,PT03M13.00S,193.0,5,0,0
0022500374,2,MIL,TOR,PT04M47.00S,287.0,5,0,1
0022500374,3,TOR,MIL,PT07M48.00S,468.0,5,0,1
0022500374,4,TOR,MIL,PT07M01.00S,421.0,5,0,1
0022500375,1,HOU,NOP,PT00M08.80S,8.8,5,1,1
0022500375,2,NOP,HOU,PT01M24.00S,84.0,5,1,1
0022500375,2,HOU,NOP,PT00M42.00S,42.0,5,1,0
0022500375,3,NOP,HOU,PT01M03.00S,63.0,5,1,1
0022500375,3,HOU,NOP,PT00M44.40S,44.4,5,1,0
0022500375,4,HOU,NOP,PT00M44.30S,44.3,4,2,1
0022500375,4,NOP,HOU,PT00M09.40S,9.4,4,2,0
0022500375,5,HOU,NOP,PT00M20.30S,20.3,2,2,1
0022500375,5,NOP,HOU,PT00M12.50S,12.5,3,2,0
0022500376,1,DAL,DET,PT02M23.00S,143.0,5,0,1
0022500376,2,DAL,DET,PT04M31.00S,271.0,5,0,1
0022500376,3,DAL,DET,PT03M36.00S,216.0,5,0,1
0022500376,3,DET,DAL,PT03M25.00S,205.0,5,0,0
0022500376,4,DET,DAL,PT00M59.00S,59.0,5,1,1
0022500377,1,DEN,ORL,PT01M27.00S,87.0,5,1,1
0022500377,4,ORL,DEN,PT07M31.00S,451.0,5,0,1
0022500377,4,DEN,ORL,PT00M56.70S,56.7,5,2,0
0022500378,1,GSW,PHX,PT02M56.00S,176.0,5,0,1
0022500378,3,PHX,GSW,PT06M23.00S,383.0,5,0,1
0022500378,4,PHX,GSW,PT03M09.00S,189.0,5,0,1
0022500378,4,GSW,PHX,PT00M21.70S,21.7,4,2,0
0022500379,1,LAL,UTA,PT02M44.00S,164.0,5,0,1
0022500379,1,UTA,LAL,PT01M51.00S,111.0,5,1,0
0022500379,2,UTA,LAL,PT08M34.00S,514.0,5,0,1
0022500379,2,LAL,UTA,PT00M03.30S,3.3,4,2,0
0022500379,4,LAL,UTA,PT06M26.00S,386.0,5,0,1
0022500379,4,UTA,LAL,PT02M02.00S,122.0,5,0,0
0022500380,2,POR,SAC,PT02M12.00S,132.0,5,0,1
0022500380,2,SAC,POR,PT01M58.00S,118.0,5,1,0
0022500380,3,POR,SAC,PT02M05.00S,125.0,5,0,1
0022500380,3,SAC,POR,PT01M08.00S,68.0,4,2,0
0022500380,4,SAC,POR,PT03M50.00S,230.0,5,0,1
0022500380,4,POR,SAC,PT00M28.00S,28.0,5,1,0
0022500380,5,SAC,POR,PT01M51.00S,111.0,4,1,1
0022500380,5,POR,SAC,PT00M33.20S,33.2,4,2,0
0022500381,1,MIA,BOS,PT01M02.00S,62.0,5,1,1
0022500381,2,BOS,MIA,PT01M03.00S,63.0,5,1,1
0022500381,3,BOS,MIA,PT04M42.00S,282.0,5,0,1
0022500381,3,MIA,BOS,PT02M54.00S,174.0,5,0,0
0022500382,1,NYK,PHI,PT00M15.80S,15.8,5,2,1
0022500382,2,NYK,PHI,PT08M54.00S,534.0,5,0,1
0022500382,2,PHI,NYK,PT00M58.90S,58.9,5,1,0
0022500382,3,NYK,PHI,PT03M10.00S,190.0,5,0,1
0022500382,3,PHI,NYK,PT02M56.00S,176.0,5,0,0
0022500383,2,ATL,SAS,PT03M21.00S,201.0,5,0,1
0022500384,4,CLE,CHI,PT02M27.00S,147.0,5,0,1
0022500384,4,CHI,CLE,PT00M39.70S,39.7,5,2,0
0022500385,2,MIN,OKC,PT06M53.00S,413.0,5,0,1
0022500385,2,OKC,MIN,PT04M47.00S,287.0,5,0,0
0022500385,3,MIN,OKC,PT05M54.00S,354.0,5,0,1
0022500385,3,OKC,MIN,PT02M11.00S,131.0,5,0,0
0022500385,4,MIN,OKC,PT05M08.00S,308.0,5,0,1
0022500385,4,OKC,MIN,PT04M08.00S,248.0,5,0,0
0022500386,3,DEN,HOU,PT01M29.00S,89.0,4,2,1
0022500386,4,HOU,DEN,PT08M53.00S,533.0,5,0,1
0022500386,4,DEN,HOU,PT05M19.00S,319.0,5,0,0
0022500387,1,PHI,DAL,PT05M37.00S,337.0,5,0,1
0022500387,1,DAL,PHI,PT01M32.00S,92.0,5,1,0
0022500387,4,PHI,DAL,PT00M23.30S,23.3,3,2,1
0022500388,2,TOR,BOS,PT02M21.00S,141.0,5,0,1
0022500388,2,BOS,TOR,PT01M05.00S,65.0,5,1,0
0022500388,3,BOS,TOR,PT02M01.00S,121.0,5,0,1
0022500388,3,TOR,BOS,PT01M52.00S,112.0,5,1,0
0022500388,4,TOR,BOS,PT02M26.00S,146.0,5,0,1
0022500388,4,BOS,TOR,PT02M12.00S,132.0,5,0,0
0022500389,2,NOP,IND,PT02M12.00S,132.0,5,0,1
0022500389,3,NOP,IND,PT06M54.00S,414.0,5,0,1
0022500389,3,IND,NOP,PT05M16.00S,316.0,5,0,0
0022500389,4,NOP,IND,PT05M08.00S,308.0,5,0,1
0022500389,4,IND,NOP,PT02M55.00S,175.0,5,0,0
0022500390,1,CHA,DET,PT03M09.00S,189.0,5,0,1
0022500390,1,DET,CHA,PT01M11.00S,71.0,5,1,0
0022500390,2,DET,CHA,PT06M33.00S,393.0,5,0,1
0022500390,3,CHA,DET,PT03M01.00S,181.0,5,0,1
0022500390,4,DET,CHA,PT06M30.00S,390.0,5,0,1
0022500391,2,WAS,MEM,PT02M31.00S,151.0,5,0,1
0022500391,2,MEM,WAS,PT01M09.00S,69.0,5,1,0
0022500391,3,WAS,MEM,PT03M12.00S,192.0,5,0,1
0022500391,4,WAS,MEM,PT00M31.70S,31.7,2,2,1
0022500391,4,MEM,WAS,PT00M19.70S,19.7,5,1,0
0022500392,1,GSW,PHX,PT00M08.50S,8.5,3,2,1
0022500392,2,GSW,PHX,PT04M44.00S,284.0,5,0,1
0022500392,3,PHX,GSW,PT02M48.00S,168.0,5,0,1
0022500392,3,GSW,PHX,PT01M07.00S,67.0,5,1,0
0022500392,4,PHX,GSW,PT02M35.00S,155.0,5,0,1
0022500392,4,GSW,PHX,PT00M12.10S,12.1,4,2,0
0022500393,1,ORL,UTA,PT01M46.00S,106.0,5,1,1
0022500393,1,UTA,ORL,PT00M15.30S,15.3,5,2,0
0022500393,2,ORL,UTA,PT06M28.00S,388.0,5,0,1
0022500393,2,UTA,ORL,PT05M01.00S,301.0,5,0,0
0022500393,3,ORL,UTA,PT04M54.00S,294.0,5,0,1
0022500393,3,UTA,ORL,PT02M30.00S,150.0,5,0,0
0022500393,4,ORL,UTA,PT03M49.00S,229.0,5,0,1
0022500393,4,UTA,ORL,PT02M29.00S,149.0,5,0,0
0022500393,5,ORL,UTA,PT01M07.00S,67.0,3,2,1
0022500393,5,UTA,ORL,PT00M04.10S,4.1,3,2,0
0022500394,1,POR,SAC,PT00M26.60S,26.6,5,2,1
0022500394,2,POR,SAC,PT02M12.00S,132.0,5,0,1
0022500394,3,SAC,POR,PT06M25.00S,385.0,5,0,1
0022500394,4,POR,SAC,PT01M24.00S,84.0,5,1,1
0022500394,4,SAC,POR,PT00M18.20S,18.2,5,2,0
0022500395,1,LAL,LAC,PT01M13.00S,73.0,5,1,1
0022500395,2,LAL,LAC,PT03M21.00S,201.0,5,0,1
0022500395,2,LAC,LAL,PT01M29.00S,89.0,5,2,0
0022500395,3,LAC,LAL,PT02M00.00S,120.0,5,1,1
0022500395,4,LAL,LAC,PT02M45.00S,165.0,5,0,1
0022500395,4,LAC,LAL,PT01M39.00S,99.0,5,2,0
0022500396,2,CHI,ATL,PT08M31.00S,511.0,5,0,1
0022500396,2,ATL,CHI,PT01M30.00S,90.0,5,1,0
0022500396,3,ATL,CHI,PT05M45.00S,345.0,5,0,1
0022500396,3,CHI,ATL,PT00M57.60S,57.6,5,2,0
0022500396,4,CHI,ATL,PT00M48.00S,48.0,5,2,1
0022500396,4,ATL,CHI,PT00M41.50S,41.5,5,1,0
0022500397,3,BKN,TOR,PT06M48.00S,408.0,5,0,1
0022500398,1,MIA,NYK,PT00M43.00S,43.0,3,2,1
0022500398,2,MIA,NYK,PT00M45.30S,45.3,5,1,1
0022500398,2,NYK,MIA,PT00M29.20S,29.2,3,2,0
0022500398,3,MIA,NYK,PT04M12.00S,252.0,5,0,1
0022500398,4,MIA,NYK,PT05M16.00S,316.0,5,0,1
0022500398,4,NYK,MIA,PT00M33.40S,33.4,5,2,0
0022500399,1,SAS,WAS,PT02M02.00S,122.0,5,0,1
0022500399,1,WAS,SAS,PT01M24.00S,84.0,5,2,0
0022500399,2,SAS,WAS,PT06M16.00S,376.0,5,0,1
0022500399,3,SAS,WAS,PT05M33.00S,333.0,5,0,1
0022500399,3,WAS,SAS,PT01M00.00S,60.0,5,1,0
0022500399,4,SAS,WAS,PT07M38.00S,458.0,5,0,1
0022500400,1,MIN,MIL,PT01M33.00S,93.0,5,2,1
0022500400,2,MIL,MIN,PT06M46.00S,406.0,5,0,1
0022500400,2,MIN,MIL,PT02M17.00S,137.0,5,0,0
0022500401,2,HOU,SAC,PT01M37.00S,97.0,5,1,1
0022500401,3,SAC,HOU,PT03M02.00S,182.0,5,0,1
0022500401,4,HOU,SAC,PT02M16.00S,136.0,5,0,1
0022500401,5,SAC,HOU,PT00M55.10S,55.1,3,2,1
0022500401,5,HOU,SAC,PT00M10.40S,10.4,3,2,0
0022500402,1,CHA,CLE,PT01M45.00S,105.0,5,1,1
0022500402,1,CLE,CHA,PT01M37.00S,97.0,5,1,0
0022500402,3,CHA,CLE,PT05M59.00S,359.0,5,0,1
0022500402,4,CLE,CHA,PT02M55.00S,175.0,5,0,1
0022500402,4,CHA,CLE,PT00M10.30S,10.3,5,1,0
0022500403,1,IND,BOS,PT00M52.20S,52.2,4,2,1
0022500403,3,BOS,IND,PT01M07.00S,67.0,4,2,1
0022500403,4,BOS,IND,PT02M59.00S,179.0,5,0,1
0022500403,4,IND,BOS,PT00M32.20S,32.2,5,1,0
0022500404,4,DAL,NOP,PT04M53.00S,293.0,5,0,1
0022500404,4,NOP,DAL,PT04M37.00S,277.0,5,0,0
0022500405,2,UTA,DEN,PT01M06.00S,66.0,5,1,1
0022500405,2,DEN,UTA,PT00M00.30S,0.3,3,2,0
0022500405,3,DEN,UTA,PT08M00.00S,480.0,5,0,1
0022500405,4,DEN,UTA,PT03M09.00S,189.0,5,0,1
0022500406,1,OKC,MEM,PT00M44.70S,44.7,2,2,1
0022500406,1,MEM,OKC,PT00M22.20S,22.2,5,1,0
0022500406,4,MEM,OKC,PT06M29.00S,389.0,5,0,1
0022500407,1,ORL,GSW,PT00M45.50S,45.5,5,2,1
0022500407,2,GSW,ORL,PT04M21.00S,261.0,5,0,1
0022500407,3,ORL,GSW,PT01M26.00S,86.0,5,1,1
0022500407,4,ORL,GSW,PT02M32.00S,152.0,5,0,1
0022500408,1,POR,DET,PT04M58.00S,298.0,5,0,1
0022500408,1,DET,POR,PT03M17.00S,197.0,5,0,0
0022500408,2,POR,DET,PT04M07.00S,247.0,5,0,1
0022500408,2,DET,POR,PT02M26.00S,146.0,5,0,0
0022500408,3,POR,DET,PT06M08.00S,368.0,5,0,1
0022500408,3,DET,POR,PT01M37.00S,97.0,5,1,0
0022500408,4,POR,DET,PT02M07.00S,127.0,5,0,1
0022500408,4,DET,POR,PT00M30.40S,30.4,4,2,0
0022500409,1,WAS,CHA,PT04M09.00S,249.0,5,0,1
0022500409,2,CHA,WAS,PT00M59.40S,59.4,5,1,1
0022500409,3,WAS,CHA,PT03M01.00S,181.0,5,0,1
0022500409,3,CHA,WAS,PT01M07.00S,67.0,5,2,0
0022500410,1,PHI,BKN,PT03M56.00S,236.0,5,0,1
0022500410,1,BKN,PHI,PT01M15.00S,75.0,5,1,0
0022500410,2,BKN,PHI,PT03M52.00S,232.0,5,0,1
0022500410,2,PHI,BKN,PT02M32.00S,152.0,5,0,0
0022500410,3,PHI,BKN,PT00M37.20S,37.2,5,1,1
0022500410,4,PHI,BKN,PT04M40.00S,280.0,5,0,1
0022500410,4,BKN,PHI,PT04M24.00S,264.0,5,0,0
0022500411,1,ATL,CHI,PT00M41.90S,41.9,3,2,1
0022500411,2,ATL,CHI,PT00M06.40S,6.4,5,2,1
0022500411,3,ATL,CHI,PT06M26.00S,386.0,5,0,1
0022500411,3,CHI,ATL,PT00M54.80S,54.8,5,2,0
0022500411,4,CHI,ATL,PT07M10.00S,430.0,5,0,1
0022500412,2,NOP,CLE,PT06M09.00S,369.0,5,0,1
0022500412,2,CLE,NOP,PT03M04.00S,184.0,5,0,0
0022500412,3,NOP,CLE,PT02M27.00S,147.0,5,0,1
0022500412,4,CLE,NOP,PT04M37.00S,277.0,5,0,1
0022500412,4,NOP,CLE,PT01M05.00S,65.0,5,1,0
0022500413,1,IND,MIL,PT01M38.00S,98.0,5,1,1
0022500413,2,MIL,IND,PT00M45.30S,45.3,5,1,1
0022500413,3,MIL,IND,PT06M21.00S,381.0,5,0,1
0022500413,3,IND,MIL,PT04M44.00S,284.0,5,0,0
0022500413,4,IND,MIL,PT03M08.00S,188.0,5,0,1
0022500413,4,MIL,IND,PT00M54.00S,54.0,3,2,0
0022500414,1,TOR,MIA,PT01M20.00S,80.0,4,2,1
0022500414,2,MIA,TOR,PT04M12.00S,252.0,5,0,1
0022500414,3,TOR,MIA,PT01M09.00S,69.0,5,2,1
0022500414,4,MIA,TOR,PT03M57.00S,237.0,5,0,1
0022500414,4,TOR,MIA,PT02M21.00S,141.0,5,0,0
0022500415,3,DAL,DEN,PT01M39.00S,99.0,5,1,1
0022500416,3,NYK,MIN,PT05M23.00S,323.0,5,0,1
0022500416,4,MIN,NYK,PT00M34.90S,34.9,5,2,1
0022500417,4,SAS,OKC,PT04M15.00S,255.0,5,0,1
0022500418,2,LAL,PHX,PT07M11.00S,431.0,5,0,1
0022500418,2,PHX,LAL,PT01M22.00S,82.0,5,1,0
0022500418,3,PHX,LAL,PT05M22.00S,322.0,5,0,1
0022500418,4,LAL,PHX,PT02M32.00S,152.0,5,0,1
0022500419,1,MEM,UTA,PT01M11.00S,71.0,5,2,1
0022500419,1,UTA,MEM,PT00M44.10S,44.1,5,1,0
0022500419,2,UTA,MEM,PT05M58.00S,358.0,5,0,1
0022500419,4,MEM,UTA,PT06M17.00S,377.0,5,0,1
0022500419,4,UTA,MEM,PT03M40.00S,220.0,5,0,0
0022500420,2,ORL,POR,PT02M32.00S,152.0,5,0,1
0022500420,2,POR,ORL,PT01M15.00S,75.0,5,1,0
0022500420,3,POR,ORL,PT00M36.10S,36.1,5,1,1
0022500420,4,ORL,POR,PT00M11.00S,11.0,4,2,1
0022500421,1,SAC,DET,PT00M26.20S,26.2,5,1,1
0022500421,2,DET,SAC,PT03M49.00S,229.0,5,0,1
0022500421,2,SAC,DET,PT01M23.00S,83.0,5,1,0
0022500421,3,SAC,DET,PT00M45.90S,45.9,5,2,1
0022500421,4,DET,SAC,PT07M10.00S,430.0,5,0,1
0022500421,4,SAC,DET,PT03M10.00S,190.0,5,0,0
0022500422,3,LAC,HOU,PT03M45.00S,225.0,5,0,1
0022500422,3,HOU,LAC,PT01M22.00S,82.0,5,1,0
0022500422,4,LAC,HOU,PT06M01.00S,361.0,5,0,1
0022500422,4,HOU,LAC,PT01M52.00S,112.0,5,1,0
0022500423,3,ATL,MIA,PT00M37.50S,37.5,5,2,1
0022500423,4,ATL,MIA,PT00M55.90S,55.9,4,2,1
0022500424,3,CHA,ORL,PT04M46.00S,286.0,5,0,1
0022500424,3,ORL,CHA,PT02M39.00S,159.0,5,0,0
0022500424,4,CHA,ORL,PT07M50.00S,470.0,5,0,1
0022500424,4,ORL,CHA,PT03M12.00S,192.0,5,0,0
0022500425,3,TOR,WAS,PT03M17.00S,197.0,5,0,1
0022500425,3,WAS,TOR,PT00M59.60S,59.6,5,1,0
0022500425,4,WAS,TOR,PT05M00.00S,300.0,5,0,1
0022500425,4,TOR,WAS,PT04M52.00S,292.0,5,0,0
0022500426,1,BOS,IND,PT00M46.00S,46.0,5,2,1
0022500426,2,IND,BOS,PT02M04.00S,124.0,5,0,1
0022500426,2,BOS,IND,PT00M29.90S,29.9,5,1,0
0022500426,3,BOS,IND,PT04M49.00S,289.0,5,0,1
0022500426,4,BOS,IND,PT06M42.00S,402.0,5,0,1
0022500426,4,IND,BOS,PT00M44.50S,44.5,5,1,0
0022500427,1,PHI,CHI,PT03M42.00S,222.0,5,0,1
0022500427,1,CHI,PHI,PT00M22.40S,22.4,5,2,0
0022500427,3,CHI,PHI,PT02M11.00S,131.0,5,0,1
0022500427,4,PHI,CHI,PT06M19.00S,379.0,5,0,1
0022500427,4,CHI,PHI,PT04M26.00S,266.0,5,0,0
0022500428,1,MIL,MEM,PT00M00.90S,0.9,5,2,1
0022500428,2,MIL,MEM,PT03M48.00S,228.0,5,0,1
0022500428,2,MEM,MIL,PT03M17.00S,197.0,5,0,0
0022500428,3,MEM,MIL,PT04M39.00S,279.0,5,0,1
0022500428,3,MIL,MEM,PT01M53.00S,113.0,5,1,0
0022500428,4,MEM,MIL,PT05M47.00S,347.0,5,0,1
0022500429,1,NOP,PHX,PT01M37.00S,97.0,5,1,1
0022500429,1,PHX,NOP,PT00M55.10S,55.1,5,1,0
0022500429,2,PHX,NOP,PT00M37.30S,37.3,3,2,1
0022500429,3,NOP,PHX,PT05M20.00S,320.0,5,0,1
0022500429,4,NOP,PHX,PT06M48.00S,408.0,5,0,1
0022500429,4,PHX,NOP,PT05M14.00S,314.0,5,0,0
0022500430,3,UTA,DET,PT08M09.00S,489.0,5,0,1
0022500430,3,DET,UTA,PT01M21.00S,81.0,4,2,0
0022500430,4,DET,UTA,PT03M53.00S,233.0,5,0,1
0022500431,3,LAC,POR,PT04M58.00S,298.0,5,0,1
0022500431,3,POR,LAC,PT00M02.20S,2.2,5,2,0
0022500431,4,POR,LAC,PT06M13.00S,373.0,5,0,1
0022500431,4,LAC,POR,PT04M57.00S,297.0,5,0,0
0022500432,2,DAL,SAC,PT00M24.40S,24.4,5,2,1
0022500432,4,DAL,SAC,PT00M11.40S,11.4,5,1,1
0022500432,4,SAC,DAL,PT00M09.00S,9.0,5,2,0
0022500433,2,ORL,DEN,PT02M26.00S,146.0,5,0,1
0022500433,2,DEN,ORL,PT00M00.20S,0.2,5,1,0
0022500433,3,ORL,DEN,PT00M12.80S,12.8,4,2,1
0022500433,4,ORL,DEN,PT09M12.00S,552.0,5,0,1
0022500433,4,DEN,ORL,PT07M26.00S,446.0,5,0,0
0022500434,1,PHX,NOP,PT01M35.00S,95.0,5,1,1
0022500434,2,PHX,NOP,PT04M11.00S,251.0,5,0,1
0022500434,3,NOP,PHX,PT02M53.00S,173.0,5,0,1
0022500434,3,PHX,NOP,PT00M21.90S,21.9,5,1,0
0022500434,4,NOP,PHX,PT03M54.00S,234.0,5,0,1
0022500434,4,PHX,NOP,PT00M18.40S,18.4,5,2,0
0022500435,1,NYK,ATL,PT01M35.00S,95.0,5,1,1
0022500435,1,ATL,NYK,PT01M07.00S,67.0,5,1,0
0022500435,2,ATL,NYK,PT04M27.00S,267.0,5,0,1
0022500435,3,NYK,ATL,PT01M22.00S,82.0,5,1,1
0022500435,3,ATL,NYK,PT00M24.20S,24.2,4,2,0
0022500435,4,ATL,NYK,PT07M41.00S,461.0,5,0,1
0022500435,4,NYK,ATL,PT00M29.60S,29.6,5,1,0
0022500436,2,IND,MIA,PT00M57.30S,57.3,5,1,1
0022500436,3,MIA,IND,PT05M49.00S,349.0,5,0,1
0022500436,3,IND,MIA,PT01M11.00S,71.0,5,1,0
0022500436,4,MIA,IND,PT01M43.00S,103.0,5,1,1
0022500437,2,MIL,CHI,PT03M15.00S,195.0,5,0,1
0022500437,3,CHI,MIL,PT03M35.00S,215.0,5,0,1
0022500437,3,MIL,CHI,PT00M04.30S,4.3,6,1,0
0022500437,4,MIL,CHI,PT00M23.10S,23.1,3,2,1
0022500438,1,HOU,CLE,PT04M36.00S,276.0,5,0,1
0022500438,4,CLE,HOU,PT05M07.00S,307.0,5,0,1
0022500439,1,BKN,MIN,PT00M02.60S,2.6,5,2,1
0022500439,2,BKN,MIN,PT03M06.00S,186.0,5,0,1
0022500439,3,BKN,MIN,PT02M31.00S,151.0,5,0,1
0022500439,3,MIN,BKN,PT01M36.00S,96.0,5,1,0
0022500439,4,MIN,BKN,PT06M03.00S,363.0,5,0,1
0022500440,1,SAS,UTA,PT04M39.00S,279.0,5,0,1
0022500440,2,UTA,SAS,PT07M08.00S,428.0,5,0,1
0022500440,2,SAS,UTA,PT00M01.20S,1.2,3,2,0
0022500440,3,SAS,UTA,PT06M02.00S,362.0,5,0,1
0022500440,3,UTA,SAS,PT01M03.00S,63.0,5,1,0
0022500440,4,UTA,SAS,PT01M44.00S,104.0,4,2,1
0022500441,1,GSW,TOR,PT00M37.10S,37.1,4,2,1
0022500441,2,GSW,TOR,PT05M59.00S,359.0,5,0,1
0022500441,3,GSW,TOR,PT05M56.00S,356.0,5,0,1
0022500441,3,TOR,GSW,PT02M34.00S,154.0,5,0,0
0022500441,4,GSW,TOR,PT04M12.00S,252.0,5,0,1
0022500442,2,OKC,PHI,PT06M40.00S,400.0,5,0,1
0022500442,3,PHI,OKC,PT01M01.00S,61.0,4,2,1
0022500442,3,OKC,PHI,PT00M00.80S,0.8,5,2,0
0022500442,4,PHI,OKC,PT02M23.00S,143.0,5,0,1
0022500443,1,WAS,MEM,PT00M20.80S,20.8,2,2,1
0022500443,2,MEM,WAS,PT00M31.10S,31.1,4,2,1
0022500443,3,MEM,WAS,PT03M23.00S,203.0,5,0,1
0022500443,3,WAS,MEM,PT01M34.00S,94.0,5,1,0
0022500443,4,MEM,WAS,PT04M56.00S,296.0,5,0,1
0022500443,4,WAS,MEM,PT00M04.70S,4.7,5,2,0
0022500444,2,BOS,POR,PT06M50.00S,410.0,5,0,1
0022500444,3,BOS,POR,PT01M09.00S,69.0,5,2,1
0022500444,4,POR,BOS,PT00M22.40S,22.4,5,2,1
0022500445,1,LAC,DET,PT03M31.00S,211.0,5,0,1
0022500445,2,DET,LAC,PT07M19.00S,439.0,5,0,1
0022500445,3,DET,LAC,PT01M30.00S,90.0,5,1,1
0022500445,4,DET,LAC,PT06M20.00S,380.0,5,0,1
0022500445,4,LAC,DET,PT02M52.00S,172.0,5,0,0
0022500446,1,LAL,SAC,PT03M03.00S,183.0,5,0,1
0022500446,1,SAC,LAL,PT02M02.00S,122.0,5,0,0
0022500446,2,LAL,SAC,PT03M31.00S,211.0,5,0,1
0022500446,4,LAL,SAC,PT04M36.00S,276.0,5,0,1
0022500447,2,MIL,CHA,PT03M01.00S,181.0,5,0,1
0022500447,3,MIL,CHA,PT03M48.00S,228.0,5,0,1
0022500447,4,CHA,MIL,PT01M12.00S,72.0,5,2,1
0022500448,1,PHX,WAS,PT00M29.00S,29.0,5,1,1
0022500448,2,PHX,WAS,PT00M26.80S,26.8,5,1,1
0022500448,3,WAS,PHX,PT04M39.00S,279.0,5,0,1
0022500448,3,PHX,WAS,PT02M46.00S,166.0,5,0,0
0022500449,1,GSW,BKN,PT00M48.40S,48.4,5,2,1
0022500449,2,BKN,GSW,PT04M46.00S,286.0,5,0,1
0022500449,3,GSW,BKN,PT05M51.00S,351.0,5,0,1
0022500449,3,BKN,GSW,PT00M53.10S,53.1,5,1,0
0022500449,4,GSW,BKN,PT02M13.00S,133.0,5,0,1
0022500449,4,BKN,GSW,PT00M57.90S,57.9,5,1,0
0022500450,1,DEN,MIA,PT04M03.00S,243.0,5,0,1
0022500450,2,MIA,DEN,PT03M10.00S,190.0,5,0,1
0022500450,2,DEN,MIA,PT02M58.00S,178.0,5,0,0
0022500450,4,DEN,MIA,PT05M08.00S,308.0,5,0,1
0022500450,4,MIA,DEN,PT00M48.40S,48.4,5,1,0
0022500451,1,ORL,TOR,PT01M13.00S,73.0,5,2,1
0022500451,2,TOR,ORL,PT05M42.00S,342.0,5,0,1
0022500451,2,ORL,TOR,PT05M13.00S,313.0,5,0,0
0022500451,3,TOR,ORL,PT02M52.00S,172.0,5,0,1
0022500451,4,TOR,ORL,PT03M26.00S,206.0,5,0,1
0022500452,1,MIN,CHI,PT00M24.50S,24.5,3,2,1
0022500452,3,CHI,MIN,PT00M06.70S,6.7,5,1,1
0022500452,4,MIN,CHI,PT07M41.00S,461.0,5,0,1
0022500453,1,HOU,IND,PT03M14.00S,194.0,5,0,1
0022500453,2,HOU,IND,PT05M34.00S,334.0,5,0,1
0022500453,4,IND,HOU,PT02M26.00S,146.0,5,0,1
0022500453,4,HOU,IND,PT01M34.00S,94.0,5,1,0
0022500454,1,NOP,NYK,PT02M10.00S,130.0,5,0,1
0022500454,1,NYK,NOP,PT01M26.00S,86.0,4,2,0
0022500454,2,NYK,NOP,PT02M30.00S,150.0,5,0,1
0022500454,2,NOP,NYK,PT00M02.50S,2.5,5,1,0
0022500454,3,NOP,NYK,PT00M19.40S,19.4,5,1,1
0022500454,4,NYK,NOP,PT00M16.10S,16.1,2,2,1
0022500455,1,OKC,ATL,PT04M45.00S,285.0,5,0,1
0022500455,1,ATL,OKC,PT02M08.00S,128.0,5,0,0
0022500455,2,ATL,OKC,PT01M01.00S,61.0,5,1,1
0022500455,3,ATL,OKC,PT01M12.00S,72.0,5,1,1
0022500455,3,OKC,ATL,PT00M34.40S,34.4,5,1,0
0022500456,2,SAS,CLE,PT05M08.00S,308.0,5,0,1
0022500456,2,CLE,SAS,PT00M29.70S,29.7,5,1,0
0022500456,3,SAS,CLE,PT04M36.00S,276.0,5,0,1
0022500456,3,CLE,SAS,PT00M00.70S,0.7,5,2,0
0022500456,4,CLE,SAS,PT01M04.00S,64.0,4,2,1
0022500457,1,DAL,POR,PT03M06.00S,186.0,5,0,1
0022500457,2,DAL,POR,PT04M06.00S,246.0,5,0,1
0022500457,4,DAL,POR,PT03M13.00S,193.0,5,0,1
0022500457,4,POR,DAL,PT00M53.20S,53.2,5,2,0
0022500458,1,PHI,MEM,PT01M12.00S,72.0,2,2,1
0022500458,2,PHI,MEM,PT04M17.00S,257.0,5,0,1
0022500458,2,MEM,PHI,PT03M07.00S,187.0,5,0,0
0022500458,4,MEM,PHI,PT03M21.00S,201.0,5,0,1
0022500459,1,BOS,UTA,PT00M43.80S,43.8,2,2,1
0022500459,2,BOS,UTA,PT00M26.60S,26.6,5,1,1
0022500459,3,UTA,BOS,PT00M36.40S,36.4,5,2,1
0022500459,4,UTA,BOS,PT08M34.00S,514.0,5,0,1
0022500459,4,BOS,UTA,PT00M41.60S,41.6,5,1,0
0022500460,1,LAL,DET,PT04M17.00S,257.0,5,0,1
0022500460,2,DET,LAL,PT05M56.00S,356.0,5,0,1
0022500460,2,LAL,DET,PT03M32.00S,212.0,5,0,0
0022500460,3,DET,LAL,PT04M30.00S,270.0,5,0,1
0022500460,3,LAL,DET,PT02M28.00S,148.0,5,0,0
0022500460,4,DET,LAL,PT02M56.00S,176.0,5,0,1
0022500461,1,LAC,SAC,PT02M21.00S,141.0,5,0,1
0022500461,2,LAC,SAC,PT03M04.00S,184.0,5,0,1
0022500461,3,LAC,SAC,PT00M12.70S,12.7,5,1,1
0022500462,1,CHA,GSW,PT01M33.00S,93.0,4,2,1
0022500462,2,CHA,GSW,PT04M40.00S,280.0,5,0,1
0022500462,2,GSW,CHA,PT00M06.30S,6.3,5,1,0
0022500462,4,GSW,CHA,PT00M27.10S,27.1,5,1,1
0022500463,1,MIN,ATL,PT01M04.00S,64.0,3,2,1
0022500463,3,ATL,MIN,PT03M25.00S,205.0,5,0,1
0022500463,3,MIN,ATL,PT01M50.00S,110.0,5,1,0
0022500464,1,IND,ORL,PT03M11.00S,191.0,5,0,1
0022500464,1,ORL,IND,PT02M25.00S,145.0,5,0,0
0022500464,2,ORL,IND,PT03M55.00S,235.0,5,0,1
0022500464,3,IND,ORL,PT05M45.00S,345.0,5,0,1
0022500464,4,IND,ORL,PT00M29.10S,29.1,4,2,1
0022500465,2,CLE,PHX,PT02M44.00S,164.0,5,0,1
0022500465,2,PHX,CLE,PT00M07.20S,7.2,4,2,0
0022500465,4,CLE,PHX,PT03M41.00S,221.0,5,0,1
0022500466,1,CHI,NOP,PT01M36.00S,96.0,4,2,1
0022500466,2,NOP,CHI,PT01M45.00S,105.0,5,1,1
0022500466,3,CHI,NOP,PT08M05.00S,485.0,5,0,1
0022500466,3,NOP,CHI,PT02M41.00S,161.0,5,0,0
0022500467,1,SAS,NYK,PT02M43.00S,163.0,5,0,1
0022500467,2,SAS,NYK,PT00M32.90S,32.9,5,1,1
0022500467,3,NYK,SAS,PT01M04.00S,64.0,5,1,1
0022500467,4,SAS,NYK,PT08M26.00S,506.0,5,0,1
0022500468,1,DEN,TOR,PT03M47.00S,227.0,5,0,1
0022500468,2,TOR,DEN,PT01M57.00S,117.0,5,1,1
0022500468,3,DEN,TOR,PT08M17.00S,497.0,5,0,1
0022500468,4,DEN,TOR,PT04M18.00S,258.0,5,0,1
0022500468,4,TOR,DEN,PT01M06.00S,66.0,5,1,0
0022500469,1,MIL,WAS,PT01M56.00S,116.0,5,1,1
0022500469,2,MIL,WAS,PT03M26.00S,206.0,5,0,1
0022500469,4,WAS,MIL,PT07M27.00S,447.0,5,0,1
0022500469,4,MIL,WAS,PT01M15.00S,75.0,3,2,0
0022500470,2,POR,OKC,PT03M53.00S,233.0,5,0,1
0022500470,2,OKC,POR,PT02M43.00S,163.0,5,0,0
0022500470,4,OKC,POR,PT02M19.00S,139.0,5,0,1
0022500471,1,BKN,HOU,PT03M51.00S,231.0,5,0,1
0022500471,1,HOU,BKN,PT01M51.00S,111.0,5,1,0
0022500471,2,BKN,HOU,PT01M26.00S,86.0,5,1,1
0022500471,3,BKN,HOU,PT04M46.00S,286.0,5,0,1
0022500471,4,BKN,HOU,PT01M28.00S,88.0,5,1,1
0022500472,1,MIA,DET,PT03M04.00S,184.0,5,0,1
0022500472,2,DET,MIA,PT05M37.00S,337.0,5,0,1
0022500472,4,MIA,DET,PT04M08.00S,248.0,5,0,1
0022500472,4,DET,MIA,PT02M53.00S,173.0,5,0,0
0022500473,2,PHI,DAL,PT06M14.00S,374.0,5,0,1
0022500473,2,DAL,PHI,PT02M24.00S,144.0,5,0,0
0022500473,3,DAL,PHI,PT02M17.00S,137.0,5,0,1
0022500474,4,BOS,SAC,PT06M57.00S,417.0,5,0,1
0022500474,4,SAC,BOS,PT02M09.00S,129.0,5,0,0
0022500475,1,LAC,UTA,PT03M39.00S,219.0,5,0,1
0022500475,1,UTA,LAC,PT00M04.00S,4.0,5,2,0
0022500475,2,UTA,LAC,PT03M59.00S,239.0,5,0,1
0022500475,2,LAC,UTA,PT00M14.20S,14.2,4,2,0
0022500475,3,UTA,LAC,PT04M59.00S,299.0,5,0,1
0022500475,3,LAC,UTA,PT04M52.00S,292.0,5,0,0
0022500476,1,SAS,IND,PT04M58.00S,298.0,5,0,1
0022500476,2,SAS,IND,PT00M10.40S,10.4,5,1,1
0022500476,3,SAS,IND,PT01M02.00S,62.0,5,1,1
0022500476,4,SAS,IND,PT04M13.00S,253.0,5,0,1
0022500476,4,IND,SAS,PT01M53.00S,113.0,5,1,0
0022500477,1,WAS,BKN,PT00M46.20S,46.2,5,1,1
0022500477,3,BKN,WAS,PT01M52.00S,112.0,5,1,1
0022500477,4,WAS,BKN,PT03M04.00S,184.0,5,0,1
0022500477,4,BKN,WAS,PT02M30.00S,150.0,5,0,0
0022500478,1,CLE,DEN,PT01M04.00S,64.0,5,2,1
0022500478,3,DEN,CLE,PT01M24.00S,84.0,5,2,1
0022500478,4,CLE,DEN,PT00M13.70S,13.7,5,1,1
0022500479,1,ATL,NYK,PT01M02.00S,62.0,5,1,1
0022500479,3,NYK,ATL,PT06M43.00S,403.0,5,0,1
0022500479,4,ATL,NYK,PT02M32.00S,152.0,5,0,1
0022500480,2,ORL,CHI,PT02M01.00S,121.0,5,0,1
0022500480,3,CHI,ORL,PT02M29.00S,149.0,5,0,1
0022500480,4,CHI,ORL,PT07M40.00S,460.0,5,0,1
0022500480,4,ORL,CHI,PT00M27.90S,27.9,3,2,0
0022500481,1,CHA,MIL,PT00M08.60S,8.6,3,2,1
0022500481,2,MIL,CHA,PT03M18.00S,198.0,5,0,1
0022500481,2,CHA,MIL,PT02M48.00S,168.0,5,0,0
0022500481,4,CHA,MIL,PT06M01.00S,361.0,5,0,1
0022500481,4,MIL,CHA,PT02M23.00S,143.0,5,0,0
0022500482,1,NOP,POR,PT08M31.00S,511.0,5,0,1
0022500482,1,POR,NOP,PT00M51.70S,51.7,5,1,0
0022500482,2,POR,NOP,PT01M58.00S,118.0,5,1,1
0022500482,3,POR,NOP,PT00M51.50S,51.5,5,2,1
0022500482,4,POR,NOP,PT04M22.00S,262.0,5,0,1
0022500483,1,SAC,PHX,PT02M23.00S,143.0,5,0,1
0022500483,1,PHX,SAC,PT00M44.00S,44.0,5,1,0
0022500483,2,PHX,SAC,PT02M19.00S,139.0,5,0,1
0022500483,3,SAC,PHX,PT02M53.00S,173.0,5,0,1
0022500483,3,PHX,SAC,PT00M36.70S,36.7,5,1,0
0022500483,4,SAC,PHX,PT05M12.00S,312.0,5,0,1
0022500483,4,PHX,SAC,PT03M24.00S,204.0,5,0,0
0022500484,2,GSW,OKC,PT02M37.00S,157.0,5,0,1
0022500484,3,OKC,GSW,PT01M44.00S,104.0,5,1,1
0022500484,3,GSW,OKC,PT00M00.60S,0.6,5,1,0
0022500485,1,LAL,MEM,PT02M11.00S,131.0,5,0,1
0022500485,2,LAL,MEM,PT00M27.50S,27.5,5,1,1
0022500485,3,MEM,LAL,PT05M37.00S,337.0,5,0,1
0022500485,3,LAL,MEM,PT03M09.00S,189.0,5,0,0
0022500486,1,MIN,MIA,PT00M27.10S,27.1,5,1,1
0022500486,2,MIA,MIN,PT02M43.00S,163.0,5,0,1
0022500486,3,MIA,MIN,PT05M49.00S,349.0,5,0,1
0022500486,4,MIN,MIA,PT04M22.00S,262.0,5,0,1
0022500487,2,PHI,NYK,PT02M04.00S,124.0,5,0,1
0022500487,3,NYK,PHI,PT05M13.00S,313.0,5,0,1
0022500487,4,NYK,PHI,PT02M08.00S,128.0,5,0,1
0022500487,4,PHI,NYK,PT00M50.00S,50.0,5,2,0
0022500488,1,TOR,ATL,PT03M13.00S,193.0,5,0,1
0022500488,1,ATL,TOR,PT01M37.00S,97.0,5,1,0
0022500488,2,ATL,TOR,PT05M10.00S,310.0,5,0,1
0022500489,2,CHI,CHA,PT00M24.30S,24.3,4,2,1
0022500489,3,CHI,CHA,PT02M41.00S,161.0,5,0,1
0022500489,4,CHA,CHI,PT05M42.00S,342.0,5,0,1
0022500490,1,SAS,POR,PT00M00.40S,0.4,3,2,1
0022500490,3,POR,SAS,PT01M40.00S,100.0,5,2,1
0022500490,4,POR,SAS,PT03M32.00S,212.0,5,0,1
0022500490,4,SAS,POR,PT01M59.00S,119.0,5,1,0
0022500491,1,HOU,DAL,PT03M12.00S,192.0,5,0,1
0022500491,2,DAL,HOU,PT02M38.00S,158.0,5,0,1
0022500491,4,DAL,HOU,PT00M32.70S,32.7,5,2,1
0022500492,2,GSW,UTA,PT01M05.00S,65.0,5,2,1
0022500492,3,GSW,UTA,PT02M20.00S,140.0,5,0,1
0022500492,3,UTA,GSW,PT01M33.00S,93.0,5,1,0
0022500492,4,GSW,UTA,PT03M34.00S,214.0,5,0,1
0022500493,1,LAC,BOS,PT00M53.50S,53.5,5,1,1
0022500493,3,LAC,BOS,PT04M54.00S,294.0,5,0,1
0022500493,3,BOS,LAC,PT00M21.00S,21.0,5,2,0
0022500493,4,LAC,BOS,PT00M51.40S,51.4,5,2,1
0022500494,1,CLE,DET,PT01M43.00S,103.0,4,2,1
0022500494,2,CLE,DET,PT06M18.00S,378.0,5,0,1
0022500494,3,CLE,DET,PT03M11.00S,191.0,5,0,1
0022500494,3,DET,CLE,PT02M03.00S,123.0,5,0,0
0022500494,4,CLE,DET,PT00M07.60S,7.6,5,1,1
0022500494,4,DET,CLE,PT00M05.70S,5.7,4,2,0
0022500495,1,ORL,IND,PT02M03.00S,123.0,5,0,1
0022500495,2,ORL,IND,PT06M41.00S,401.0,5,0,1
0022500495,2,IND,ORL,PT00M37.40S,37.4,5,2,0
0022500495,3,IND,ORL,PT03M25.00S,205.0,5,0,1
0022500495,3,ORL,IND,PT02M38.00S,158.0,5,0,0
0022500495,4,ORL,IND,PT04M41.00S,281.0,5,0,1
0022500496,1,BKN,DEN,PT04M16.00S,256.0,5,0,1
0022500496,2,BKN,DEN,PT01M45.00S,105.0,5,1,1
0022500496,2,DEN,BKN,PT01M17.00S,77.0,5,1,0
0022500496,3,DEN,BKN,PT02M14.00S,134.0,5,0,1
0022500496,3,BKN,DEN,PT00M45.30S,45.3,5,1,0
0022500496,4,BKN,DEN,PT04M59.00S,299.0,5,0,1
0022500496,4,DEN,BKN,PT00M59.60S,59.6,5,1,0
0022500497,1,NOP,MIA,PT03M11.00S,191.0,5,0,1
0022500497,1,MIA,NOP,PT01M31.00S,91.0,5,1,0
0022500498,2,MIN,WAS,PT04M30.00S,270.0,5,0,1
0022500498,2,WAS,MIN,PT00M56.70S,56.7,5,1,0
0022500498,3,MIN,WAS,PT07M20.00S,440.0,5,0,1
0022500498,3,WAS,MIN,PT03M54.00S,234.0,5,0,0
0022500498,4,WAS,MIN,PT05M54.00S,354.0,5,0,1
0022500499,2,PHX,OKC,PT03M49.00S,229.0,5,0,1
0022500499,3,OKC,PHX,PT01M20.00S,80.0,5,1,1
0022500499,4,OKC,PHX,PT01M32.00S,92.0,5,1,1
0022500500,2,MIL,SAC,PT03M23.00S,203.0,5,0,1
0022500500,2,SAC,MIL,PT02M24.00S,144.0,5,0,0
0022500500,3,MIL,SAC,PT04M33.00S,273.0,5,0,1
0022500500,3,SAC,MIL,PT01M23.00S,83.0,5,1,0
0022500500,4,MIL,SAC,PT05M15.00S,315.0,5,0,1
0022500500,4,SAC,MIL,PT03M21.00S,201.0,5,0,0
0022500501,1,LAL,MEM,PT00M47.30S,47.3,5,1,1
0022500501,2,LAL,MEM,PT05M14.00S,314.0,5,0,1
0022500501,3,MEM,LAL,PT05M11.00S,311.0,5,0,1
0022500501,3,LAL,MEM,PT02M48.00S,168.0,5,0,0
0022500501,4,LAL,MEM,PT06M27.00S,387.0,5,0,1
0022500501,4,MEM,LAL,PT00M46.90S,46.9,5,1,0
0022500502,4,NYK,DET,PT03M53.00S,233.0,5,0,1
0022500504,1,TOR,ATL,PT02M53.00S,173.0,5,0,1
0022500504,1,ATL,TOR,PT00M58.20S,58.2,4,2,0
0022500504,2,TOR,ATL,PT09M52.00S,592.0,5,0,1
0022500504,3,TOR,ATL,PT02M15.00S,135.0,5,0,1
0022500504,3,ATL,TOR,PT00M55.20S,55.2,4,2,0
0022500505,2,HOU,PHX,PT00M31.00S,31.0,5,2,1
0022500505,4,PHX,HOU,PT02M12.00S,132.0,5,0,1
0022500506,2,OKC,CHA,PT07M14.00S,434.0,5,0,1
0022500506,2,CHA,OKC,PT00M37.60S,37.6,3,2,0
0022500506,3,CHA,OKC,PT02M25.00S,145.0,5,0,1
0022500506,4,OKC,CHA,PT03M18.00S,198.0,5,0,1
0022500507,1,DEN,PHI,PT00M03.80S,3.8,5,2,1
0022500507,2,PHI,DEN,PT02M07.00S,127.0,5,0,1
0022500507,3,PHI,DEN,PT04M18.00S,258.0,5,0,1
0022500507,3,DEN,PHI,PT01M51.00S,111.0,5,1,0
0022500507,4,DEN,PHI,PT01M51.00S,111.0,5,1,1
0022500508,1,LAC,GSW,PT01M23.00S,83.0,5,1,1
0022500508,1,GSW,LAC,PT01M11.00S,71.0,4,2,0
0022500508,2,LAC,GSW,PT00M47.30S,47.3,4,2,1
0022500508,3,GSW,LAC,PT00M27.80S,27.8,5,2,1
0022500508,4,GSW,LAC,PT06M33.00S,393.0,5,0,1
0022500508,4,LAC,GSW,PT05M38.00S,338.0,5,0,0
0022500509,2,UTA,POR,PT02M35.00S,155.0,5,0,1
0022500509,2,POR,UTA,PT01M08.00S,68.0,5,1,0
0022500509,3,UTA,POR,PT00M18.70S,18.7,3,2,1
0022500509,4,UTA,POR,PT05M00.00S,300.0,5,0,1
0022500510,3,IND,CLE,PT03M19.00S,199.0,5,0,1
0022500510,4,IND,CLE,PT00M58.30S,58.3,5,2,1
0022500510,4,CLE,IND,PT00M07.20S,7.2,5,1,0
0022500511,2,ORL,WAS,PT03M59.00S,239.0,5,0,1
0022500511,2,WAS,ORL,PT02M03.00S,123.0,5,0,0
0022500511,3,WAS,ORL,PT08M18.00S,498.0,5,0,1
0022500511,3,ORL,WAS,PT05M42.00S,342.0,5,0,0
0022500511,4,WAS,ORL,PT00M36.60S,36.6,5,1,1
0022500512,3,MEM,SAS,PT02M28.00S,148.0,5,0,1
0022500512,3,SAS,MEM,PT01M51.00S,111.0,5,1,0
0022500512,4,MEM,SAS,PT03M13.00S,193.0,5,0,1
0022500513,2,MIN,MIA,PT03M54.00S,234.0,5,0,1
0022500513,2,MIA,MIN,PT00M46.40S,46.4,5,2,0
0022500513,3,MIN,MIA,PT04M42.00S,282.0,5,0,1
0022500513,3,MIA,MIN,PT01M57.00S,117.0,5,1,0
0022500513,4,MIA,MIN,PT03M41.00S,221.0,5,0,1
0022500514,2,LAL,NOP,PT02M46.00S,166.0,5,0,1
0022500514,2,NOP,LAL,PT01M08.00S,68.0,5,1,0
0022500514,3,NOP,LAL,PT01M48.00S,108.0,4,2,1
0022500514,4,NOP,LAL,PT04M33.00S,273.0,5,0,1
0022500514,4,LAL,NOP,PT00M35.00S,35.0,4,2,0
0022500515,1,DAL,SAC,PT00M00.60S,0.6,5,1,1
0022500515,3,DAL,SAC,PT02M12.00S,132.0,5,0,1
0022500515,4,DAL,SAC,PT00M08.10S,8.1,5,1,1
0022500516,1,TOR,CHA,PT05M18.00S,318.0,5,0,1
0022500516,1,CHA,TOR,PT00M28.10S,28.1,5,1,0
0022500516,2,TOR,CHA,PT02M26.00S,146.0,5,0,1
0022500516,4,CHA,TOR,PT07M03.00S,423.0,5,0,1
0022500517,2,DET,CHI,PT01M59.00S,119.0,5,1,1
0022500517,2,CHI,DET,PT01M25.00S,85.0,5,1,0
0022500517,4,CHI,DET,PT00M57.80S,57.8,5,2,1
0022500518,2,PHI,WAS,PT01M04.00S,64.0,3,2,1
0022500518,4,PHI,WAS,PT04M45.00S,285.0,5,0,1
0022500519,1,NOP,ATL,PT03M08.00S,188.0,5,0,1
0022500519,1,ATL,NOP,PT00M18.40S,18.4,3,2,0
0022500519,3,NOP,ATL,PT04M37.00S,277.0,5,0,1
0022500519,3,ATL,NOP,PT02M17.00S,137.0,5,0,0
0022500520,4,BOS,DEN,PT02M04.00S,124.0,5,0,1
0022500520,4,DEN,BOS,PT00M47.40S,47.4,4,2,0
0022500521,3,ORL,BKN,PT05M21.00S,321.0,5,0,1
0022500521,3,BKN,ORL,PT00M40.20S,40.2,5,2,0
0022500522,3,NYK,LAC,PT04M05.00S,245.0,5,0,1
0022500522,3,LAC,NYK,PT01M45.00S,105.0,5,1,0
0022500522,4,LAC,NYK,PT01M18.00S,78.0,5,1,1
0022500523,1,SAS,LAL,PT08M20.00S,500.0,5,0,1
0022500523,1,LAL,SAS,PT01M48.00S,108.0,5,2,0
0022500523,3,SAS,LAL,PT03M19.00S,199.0,5,0,1
0022500523,3,LAL,SAS,PT01M46.00S,106.0,5,1,0
0022500524,2,MEM,PHX,PT03M48.00S,228.0,5,0,1
0022500524,3,MEM,PHX,PT03M03.00S,183.0,5,0,1
0022500525,1,OKC,UTA,PT05M02.00S,302.0,5,0,1
0022500525,2,OKC,UTA,PT02M53.00S,173.0,5,0,1
0022500525,2,UTA,OKC,PT01M08.00S,68.0,5,1,0
0022500525,3,UTA,OKC,PT05M01.00S,301.0,5,0,1
0022500525,3,OKC,UTA,PT04M50.00S,290.0,5,0,0
0022500525,4,OKC,UTA,PT02M12.00S,132.0,5,0,1
0022500525,5,OKC,UTA,PT01M05.00S,65.0,3,2,1
0022500526,1,MIL,GSW,PT00M38.80S,38.8,4,2,1
0022500526,2,GSW,MIL,PT00M59.90S,59.9,5,1,1
0022500526,3,MIL,GSW,PT00M43.70S,43.7,5,1,1
0022500526,4,GSW,MIL,PT01M59.00S,119.0,5,1,1
0022500527,1,HOU,POR,PT00M30.30S,30.3,5,1,1
0022500527,2,POR,HOU,PT04M17.00S,257.0,5,0,1
0022500527,4,POR,HOU,PT07M39.00S,459.0,5,0,1
0022500527,4,HOU,POR,PT06M29.00S,389.0,5,0,0
0022500528,1,IND,CHA,PT01M34.00S,94.0,5,2,1
0022500528,2,CHA,IND,PT06M12.00S,372.0,5,0,1
0022500528,4,CHA,IND,PT02M48.00S,168.0,5,0,1
0022500528,4,IND,CHA,PT00M08.00S,8.0,4,2,0
0022500529,1,CHI,MIA,PT00M57.10S,57.1,5,1,1
0022500529,2,MIA,CHI,PT04M10.00S,250.0,5,0,1
0022500529,3,MIA,CHI,PT02M19.00S,139.0,5,0,1
0022500529,3,CHI,MIA,PT01M11.00S,71.0,5,2,0
0022500529,4,CHI,MIA,PT00M10.10S,10.1,5,1,1
0022500529,4,MIA,CHI,PT00M08.90S,8.9,5,1,0
0022500530,1,CLE,MIN,PT05M37.00S,337.0,5,0,1
0022500530,2,MIN,CLE,PT02M56.00S,176.0,5,0,1
0022500530,4,CLE,MIN,PT03M21.00S,201.0,5,0,1
0022500530,4,MIN,CLE,PT00M29.40S,29.4,5,2,0
0022500531,2,DAL,UTA,PT00M12.20S,12.2,5,2,1
0022500531,4,UTA,DAL,PT00M07.10S,7.1,3,2,1
0022500532,2,BOS,TOR,PT00M04.20S,4.2,4,2,1
0022500532,3,BOS,TOR,PT05M49.00S,349.0,5,0,1
0022500532,3,TOR,BOS,PT03M06.00S,186.0,5,0,0
0022500532,4,BOS,TOR,PT03M00.00S,180.0,5,0,1
0022500533,1,ORL,PHI,PT01M47.00S,107.0,5,1,1
0022500533,2,PHI,ORL,PT00M33.90S,33.9,5,1,1
0022500533,3,PHI,ORL,PT00M50.60S,50.6,5,1,1
0022500533,3,ORL,PHI,PT00M31.30S,31.3,3,2,0
0022500533,4,ORL,PHI,PT06M48.00S,408.0,5,0,1
0022500534,1,NOP,WAS,PT02M25.00S,145.0,5,0,1
0022500534,2,NOP,WAS,PT04M55.00S,295.0,5,0,1
0022500534,2,WAS,NOP,PT03M58.00S,238.0,5,0,0
0022500534,3,NOP,WAS,PT08M28.00S,508.0,5,0,1
0022500534,3,WAS,NOP,PT03M54.00S,234.0,5,0,0
0022500534,4,WAS,NOP,PT05M59.00S,359.0,5,0,1
0022500534,4,NOP,WAS,PT03M55.00S,235.0,5,0,0
0022500535,1,LAC,BKN,PT01M05.00S,65.0,3,2,1
0022500535,3,LAC,BKN,PT03M57.00S,237.0,5,0,1
0022500535,4,LAC,BKN,PT06M41.00S,401.0,5,0,1
0022500536,1,MEM,OKC,PT02M20.00S,140.0,5,0,1
0022500536,1,OKC,MEM,PT00M38.40S,38.4,5,2,0
0022500536,2,OKC,MEM,PT01M23.00S,83.0,5,2,1
0022500536,3,MEM,OKC,PT00M59.10S,59.1,5,1,1
0022500536,3,OKC,MEM,PT00M34.10S,34.1,4,2,0
0022500536,4,MEM,OKC,PT03M32.00S,212.0,5,0,1
0022500536,4,OKC,MEM,PT03M19.00S,199.0,5,0,0
0022500537,2,DEN,ATL,PT06M04.00S,364.0,5,0,1
0022500538,2,NYK,PHX,PT03M16.00S,196.0,5,0,1
0022500538,3,PHX,NYK,PT00M32.70S,32.7,5,1,1
0022500538,3,NYK,PHX,PT00M07.50S,7.5,5,2,0
0022500538,4,NYK,PHX,PT03M04.00S,184.0,5,0,1
0022500538,4,PHX,NYK,PT00M30.40S,30.4,4,2,0
0022500539,3,GSW,SAC,PT02M39.00S,159.0,5,0,1
0022500539,4,GSW,SAC,PT05M40.00S,340.0,5,0,1
0022500540,2,HOU,POR,PT06M44.00S,404.0,5,0,1
0022500540,2,POR,HOU,PT04M17.00S,257.0,5,0,0
0022500540,4,POR,HOU,PT00M30.50S,30.5,4,2,1
0022500541,2,MIL,LAL,PT01M54.00S,114.0,5,1,1
0022500541,3,MIL,LAL,PT05M52.00S,352.0,5,0,1
0022500541,4,MIL,LAL,PT02M38.00S,158.0,5,0,1
0022500542,2,CLE,MIN,PT04M41.00S,281.0,5,0,1
0022500542,3,CLE,MIN,PT01M18.00S,78.0,5,1,1
0022500542,4,MIN,CLE,PT04M34.00S,274.0,5,0,1
0022500543,1,IND,MIA,PT04M37.00S,277.0,5,0,1
0022500543,1,MIA,IND,PT01M48.00S,108.0,5,1,0
0022500543,3,MIA,IND,PT01M40.00S,100.0,4,2,1
0022500543,4,IND,MIA,PT06M04.00S,364.0,5,0,1
0022500544,2,LAC,DET,PT03M47.00S,227.0,5,0,1
0022500544,3,LAC,DET,PT04M44.00S,284.0,5,0,1
0022500544,4,LAC,DET,PT03M43.00S,223.0,5,0,1
0022500544,4,DET,LAC,PT00M17.40S,17.4,5,1,0
0022500545,2,SAS,BOS,PT00M21.70S,21.7,5,2,1
0022500545,3,SAS,BOS,PT04M36.00S,276.0,5,0,1
0022500545,4,SAS,BOS,PT00M07.10S,7.1,5,1,1
0022500546,2,CHI,DAL,PT01M01.00S,61.0,3,2,1
0022500546,2,DAL,CHI,PT00M01.50S,1.5,3,2,0
0022500546,3,CHI,DAL,PT01M54.00S,114.0,5,1,1
0022500546,4,DAL,CHI,PT06M07.00S,367.0,5,0,1
0022500547,2,CHA,UTA,PT04M11.00S,251.0,5,0,1
0022500547,2,UTA,CHA,PT00M40.50S,40.5,5,2,0
0022500547,3,CHA,UTA,PT03M42.00S,222.0,5,0,1
0022500547,3,UTA,CHA,PT01M55.00S,115.0,5,1,0
0022500547,4,CHA,UTA,PT03M16.00S,196.0,5,0,1
0022500547,4,UTA,CHA,PT00M46.40S,46.4,4,2,0
0022500548,2,ORL,NOP,PT05M13.00S,313.0,5,0,1
0022500548,3,NOP,ORL,PT01M04.00S,64.0,5,1,1
0022500548,4,ORL,NOP,PT05M49.00S,349.0,5,0,1
0022500549,1,MEM,BKN,PT01M06.00S,66.0,4,2,1
0022500549,2,BKN,MEM,PT01M32.00S,92.0,5,1,1
0022500549,3,BKN,MEM,PT05M21.00S,321.0,5,0,1
0022500549,4,MEM,BKN,PT00M10.00S,10.0,5,1,1
0022500550,1,PHI,TOR,PT03M53.00S,233.0,5,0,1
0022500550,1,TOR,PHI,PT00M53.20S,53.2,5,2,0
0022500550,2,PHI,TOR,PT04M44.00S,284.0,5,0,1
0022500550,2,TOR,PHI,PT02M30.00S,150.0,5,0,0
0022500550,3,PHI,TOR,PT03M32.00S,212.0,5,0,1
0022500550,4,TOR,PHI,PT04M48.00S,288.0,5,0,1
0022500550,4,PHI,TOR,PT01M46.00S,106.0,5,1,0
0022500550,5,TOR,PHI,PT00M00.80S,0.8,3,2,1
0022500551,2,POR,NYK,PT02M48.00S,168.0,5,0,1
0022500551,4,POR,NYK,PT08M52.00S,532.0,5,0,1
0022500552,1,MIN,SAS,PT00M00.90S,0.9,5,2,1
0022500552,2,MIN,SAS,PT04M07.00S,247.0,5,0,1
0022500552,2,SAS,MIN,PT01M39.00S,99.0,3,2,0
0022500552,3,SAS,MIN,PT03M20.00S,200.0,5,0,1
0022500552,4,SAS,MIN,PT03M54.00S,234.0,5,0,1
0022500553,1,OKC,MIA,PT00M51.60S,51.6,5,2,1
0022500553,2,OKC,MIA,PT05M24.00S,324.0,5,0,1
0022500553,2,MIA,OKC,PT01M45.00S,105.0,5,1,0
0022500553,3,OKC,MIA,PT04M49.00S,289.0,5,0,1
0022500553,3,MIA,OKC,PT01M22.00S,82.0,5,1,0
0022500553,4,OKC,MIA,PT01M49.00S,109.0,5,1,1
0022500554,2,MIL,DEN,PT01M56.00S,116.0,5,1,1
0022500554,2,DEN,MIL,PT00M36.10S,36.1,5,1,0
0022500554,3,DEN,MIL,PT02M09.00S,129.0,5,0,1
0022500554,3,MIL,DEN,PT00M40.90S,40.9,3,2,0
0022500554,4,DEN,MIL,PT00M09.20S,9.2,5,1,1
0022500555,2,WAS,PHX,PT00M30.70S,30.7,5,2,1
0022500555,3,PHX,WAS,PT06M44.00S,404.0,5,0,1
0022500555,4,WAS,PHX,PT03M24.00S,204.0,5,0,1
0022500556,1,GSW,ATL,PT03M47.00S,227.0,5,0,1
0022500556,2,ATL,GSW,PT05M49.00S,349.0,5,0,1
0022500556,2,GSW,ATL,PT00M08.50S,8.5,5,1,0
0022500556,4,GSW,ATL,PT03M58.00S,238.0,5,0,1
0022500556,4,ATL,GSW,PT02M19.00S,139.0,5,0,0
0022500557,3,SAC,HOU,PT05M55.00S,355.0,5,0,1
0022500557,4,HOU,SAC,PT08M48.00S,528.0,5,0,1
0022500558,1,UTA,CLE,PT01M15.00S,75.0,5,1,1
0022500558,2,CLE,UTA,PT02M30.00S,150.0,5,0,1
0022500558,4,UTA,CLE,PT03M38.00S,218.0,5,0,1
0022500560,1,TOR,PHI,PT03M48.00S,228.0,5,0,1
0022500560,1,PHI,TOR,PT03M35.00S,215.0,5,0,0
0022500560,2,TOR,PHI,PT04M44.00S,284.0,5,0,1
0022500560,2,PHI,TOR,PT00M33.10S,33.1,4,2,0
0022500560,4,PHI,TOR,PT02M30.00S,150.0,5,0,1
0022500560,4,TOR,PHI,PT00M59.50S,59.5,5,1,0
0022500561,1,DAL,BKN,PT06M42.00S,402.0,5,0,1
0022500561,1,BKN,DAL,PT00M46.90S,46.9,5,2,0
0022500561,2,DAL,BKN,PT00M08.30S,8.3,5,2,1
0022500561,4,DAL,BKN,PT00M20.40S,20.4,3,2,1
0022500562,1,SAC,LAL,PT00M15.70S,15.7,4,2,1
0022500562,2,LAL,SAC,PT01M38.00S,98.0,5,1,1
0022500562,3,LAL,SAC,PT02M54.00S,174.0,5,0,1
0022500563,1,LAC,CHA,PT01M46.00S,106.0,5,1,1
0022500563,4,LAC,CHA,PT00M30.70S,30.7,5,2,1
0022500564,1,PHX,MIA,PT03M23.00S,203.0,5,0,1
0022500564,2,MIA,PHX,PT06M35.00S,395.0,5,0,1
0022500564,2,PHX,MIA,PT04M12.00S,252.0,5,0,0
0022500564,3,PHX,MIA,PT05M15.00S,315.0,5,0,1
0022500564,3,MIA,PHX,PT00M17.30S,17.3,5,2,0
0022500564,4,PHX,MIA,PT01M26.00S,86.0,5,1,1
0022500564,4,MIA,PHX,PT00M11.50S,11.5,5,1,0
0022500565,2,HOU,CHI,PT05M50.00S,350.0,5,0,1
0022500565,3,CHI,HOU,PT02M13.00S,133.0,5,0,1
0022500565,3,HOU,CHI,PT00M13.60S,13.6,5,1,0
0022500565,4,HOU,CHI,PT02M29.00S,149.0,5,0,1
0022500566,2,MIL,MIN,PT01M02.00S,62.0,5,2,1
0022500566,3,MIL,MIN,PT00M51.40S,51.4,5,1,1
0022500566,4,MIN,MIL,PT01M24.00S,84.0,5,1,1
0022500567,2,DEN,NOP,PT04M54.00S,294.0,5,0,1
0022500567,2,NOP,DEN,PT00M34.60S,34.6,5,1,0
0022500567,3,NOP,DEN,PT06M28.00S,388.0,5,0,1
0022500567,3,DEN,NOP,PT00M51.10S,51.1,5,1,0
0022500567,4,NOP,DEN,PT07M47.00S,467.0,5,0,1
0022500567,4,DEN,NOP,PT00M08.60S,8.6,4,2,0
0022500568,1,SAS,OKC,PT01M12.00S,72.0,5,1,1
0022500568,1,OKC,SAS,PT00M39.30S,39.3,4,2,0
0022500568,2,OKC,SAS,PT05M01.00S,301.0,5,0,1
0022500568,2,SAS,OKC,PT00M55.90S,55.9,5,2,0
0022500568,3,OKC,SAS,PT03M35.00S,215.0,5,0,1
0022500568,4,OKC,SAS,PT05M32.00S,332.0,5,0,1
0022500568,4,SAS,OKC,PT05M23.00S,323.0,5,0,0
0022500569,2,LAL,ATL,PT02M59.00S,179.0,5,0,1
0022500569,3,ATL,LAL,PT01M11.00S,71.0,5,1,1
0022500569,3,LAL,ATL,PT00M27.80S,27.8,5,2,0
0022500569,4,LAL,ATL,PT03M45.00S,225.0,5,0,1
0022500570,1,POR,GSW,PT00M12.90S,12.9,5,2,1
0022500570,4,GSW,POR,PT02M02.00S,122.0,5,0,1
0022500571,3,IND,TOR,PT03M50.00S,230.0,5,0,1
0022500571,3,TOR,IND,PT02M45.00S,165.0,5,0,0
0022500571,4,IND,TOR,PT06M05.00S,365.0,5,0,1
0022500571,4,TOR,IND,PT00M43.30S,43.3,4,2,0
0022500572,2,PHI,CLE,PT03M06.00S,186.0,5,0,1
0022500572,3,CLE,PHI,PT01M17.00S,77.0,5,1,1
0022500572,4,PHI,CLE,PT00M52.90S,52.9,5,1,1
0022500573,1,CHI,UTA,PT04M58.00S,298.0,5,0,1
0022500573,3,UTA,CHI,PT03M14.00S,194.0,5,0,1
0022500573,3,CHI,UTA,PT00M42.70S,42.7,4,2,0
0022500573,4,CHI,UTA,PT03M55.00S,235.0,5,0,1
0022500573,4,UTA,CHI,PT01M55.00S,115.0,5,1,0
0022500574,3,NOP,BKN,PT01M50.00S,110.0,4,2,1
0022500574,4,NOP,BKN,PT06M52.00S,412.0,5,0,1
0022500575,2,DEN,DAL,PT04M37.00S,277.0,5,0,1
0022500575,3,DAL,DEN,PT04M57.00S,297.0,5,0,1
0022500575,4,DAL,DEN,PT02M04.00S,124.0,5,0,1
0022500575,4,DEN,DAL,PT00M33.30S,33.3,5,2,0
0022500576,1,SAC,NYK,PT00M58.50S,58.5,5,2,1
0022500576,2,SAC,NYK,PT02M17.00S,137.0,5,0,1
0022500576,3,SAC,NYK,PT06M49.00S,409.0,5,0,1
0022500576,3,NYK,SAC,PT04M42.00S,282.0,5,0,0
0022500577,1,LAC,WAS,PT02M10.00S,130.0,5,0,1
0022500577,3,LAC,WAS,PT04M49.00S,289.0,5,0,1
0022500577,3,WAS,LAC,PT02M29.00S,149.0,5,0,0
0022500578,2,MEM,ORL,PT00M16.50S,16.5,3,2,1
0022500578,3,MEM,ORL,PT01M00.00S,60.0,4,2,1
0022500578,4,MEM,ORL,PT01M46.00S,106.0,5,1,1
0022500578,4,ORL,MEM,PT01M39.00S,99.0,4,2,0
0022500579,2,DET,PHX,PT05M23.00S,323.0,5,0,1
0022500579,2,PHX,DET,PT05M16.00S,316.0,5,0,0
0022500579,4,DET,PHX,PT01M52.00S,112.0,5,1,1
0022500580,1,MIA,BOS,PT02M15.00S,135.0,5,0,1
0022500580,2,BOS,MIA,PT00M03.30S,3.3,5,1,1
0022500580,3,MIA,BOS,PT05M35.00S,335.0,5,0,1
0022500580,4,MIA,BOS,PT05M01.00S,301.0,5,0,1
0022500580,4,BOS,MIA,PT00M13.70S,13.7,3,2,0
0022500581,2,HOU,OKC,PT02M02.00S,122.0,5,0,1
0022500581,3,HOU,OKC,PT00M51.40S,51.4,5,1,1
0022500581,4,OKC,HOU,PT03M05.00S,185.0,5,0,1
0022500582,2,SAS,MIL,PT03M28.00S,208.0,5,0,1
0022500582,3,SAS,MIL,PT01M55.00S,115.0,5,1,1
0022500582,4,MIL,SAS,PT05M47.00S,347.0,5,0,1
0022500583,1,DAL,UTA,PT00M12.90S,12.9,5,1,1
0022500583,2,UTA,DAL,PT07M24.00S,444.0,5,0,1
0022500584,2,NYK,GSW,PT03M27.00S,207.0,5,0,1
0022500584,2,GSW,NYK,PT00M58.30S,58.3,2,2,0
0022500584,3,GSW,NYK,PT02M35.00S,155.0,5,0,1
0022500584,4,NYK,GSW,PT03M55.00S,235.0,5,0,1
0022500585,1,POR,ATL,PT00M00.90S,0.9,5,2,1
0022500585,2,POR,ATL,PT04M03.00S,243.0,5,0,1
0022500585,2,ATL,POR,PT02M11.00S,131.0,5,0,0
0022500585,4,ATL,POR,PT05M47.00S,347.0,5,0,1
0022500585,4,POR,ATL,PT01M25.00S,85.0,5,1,0
0022500586,1,CHA,LAL,PT00M29.70S,29.7,3,2,1
0022500586,2,CHA,LAL,PT02M40.00S,160.0,5,0,1
0022500586,3,LAL,CHA,PT05M26.00S,326.0,5,0,1
0022500586,4,LAL,CHA,PT03M20.00S,200.0,5,0,1
0022500587,3,CHI,BKN,PT02M56.00S,176.0,5,0,1
0022500587,4,BKN,CHI,PT00M02.50S,2.5,4,2,1
0022500588,2,NOP,IND,PT05M09.00S,309.0,5,0,1
0022500588,3,NOP,IND,PT02M28.00S,148.0,5,0,1
0022500588,4,IND,NOP,PT02M19.00S,139.0,5,0,1
0022500588,4,NOP,IND,PT01M48.00S,108.0,5,1,0
0022500589,2,CLE,PHI,PT02M56.00S,176.0,5,0,1
0022500589,2,PHI,CLE,PT01M19.00S,79.0,5,1,0
0022500590,1,TOR,LAC,PT01M08.00S,68.0,5,1,1
0022500590,3,TOR,LAC,PT01M38.00S,98.0,5,1,1
0022500590,3,LAC,TOR,PT01M08.00S,68.0,5,1,0
0022500590,4,LAC,TOR,PT01M24.00S,84.0,5,1,1
0022500590,5,LAC,TOR,PT00M07.00S,7.0,4,2,1
0022500591,3,HOU,MIN,PT07M52.00S,472.0,5,0,1
0022500591,3,MIN,HOU,PT02M45.00S,165.0,5,0,0
0022500591,4,MIN,HOU,PT04M58.00S,298.0,5,0,1
0022500591,4,HOU,MIN,PT00M51.90S,51.9,5,1,0
0022500592,1,SAC,WAS,PT02M31.00S,151.0,5,0,1
0022500592,2,WAS,SAC,PT04M25.00S,265.0,5,0,1
0022500592,2,SAC,WAS,PT03M05.00S,185.0,5,0,0
0022500592,3,SAC,WAS,PT03M02.00S,182.0,5,0,1
0022500593,2,DAL,UTA,PT01M41.00S,101.0,5,1,1
0022500593,3,UTA,DAL,PT01M20.00S,80.0,5,1,1
0022500593,3,DAL,UTA,PT00M34.10S,34.1,6,1,0
0022500593,4,DAL,UTA,PT08M42.00S,522.0,5,0,1
0022500594,1,ATL,BOS,PT01M18.00S,78.0,5,2,1
0022500594,1,BOS,ATL,PT01M03.00S,63.0,4,2,0
0022500594,3,BOS,ATL,PT02M57.00S,177.0,5,0,1
0022500594,4,ATL,BOS,PT01M22.00S,82.0,5,2,1
0022500595,1,DET,IND,PT07M02.00S,422.0,5,0,1
0022500595,1,IND,DET,PT06M05.00S,365.0,5,0,0
0022500595,2,IND,DET,PT00M24.20S,24.2,5,1,1
0022500595,3,IND,DET,PT05M34.00S,334.0,5,0,1
0022500595,4,IND,DET,PT03M39.00S,219.0,5,0,1
0022500596,2,PHX,NYK,PT01M28.00S,88.0,5,1,1
0022500596,2,NYK,PHX,PT00M13.80S,13.8,5,2,0
0022500596,4,NYK,PHX,PT06M09.00S,369.0,5,0,1
0022500596,4,PHX,NYK,PT03M09.00S,189.0,5,0,0
0022500597,2,MIA,OKC,PT01M04.00S,64.0,5,2,1
0022500597,3,OKC,MIA,PT06M11.00S,371.0,5,0,1
0022500597,3,MIA,OKC,PT00M26.50S,26.5,4,2,0
0022500597,4,MIA,OKC,PT04M32.00S,272.0,5,0,1
0022500598,2,SAS,MIN,PT07M19.00S,439.0,5,0,1
0022500598,2,MIN,SAS,PT00M45.60S,45.6,3,2,0
0022500598,3,MIN,SAS,PT05M59.00S,359.0,5,0,1
0022500598,4,MIN,SAS,PT03M59.00S,239.0,5,0,1
0022500598,4,SAS,MIN,PT02M26.00S,146.0,5,0,0
0022500599,2,GSW,CHA,PT04M01.00S,241.0,5,0,1
0022500599,3,CHA,GSW,PT01M51.00S,111.0,5,1,1
0022500599,3,GSW,CHA,PT00M19.50S,19.5,4,2,0
0022500599,4,CHA,GSW,PT00M52.00S,52.0,5,1,1
0022500600,2,WAS,DEN,PT07M08.00S,428.0,5,0,1
0022500600,3,DEN,WAS,PT04M48.00S,288.0,5,0,1
0022500600,4,WAS,DEN,PT06M19.00S,379.0,5,0,1
0022500600,4,DEN,WAS,PT00M59.20S,59.2,5,2,0
0022500601,1,POR,LAL,PT06M55.00S,415.0,5,0,1
0022500601,2,LAL,POR,PT00M56.10S,56.1,5,2,1
0022500602,1,MEM,ORL,PT00M05.60S,5.6,4,2,1
0022500602,2,MEM,ORL,PT06M11.00S,371.0,5,0,1
0022500602,3,ORL,MEM,PT00M58.30S,58.3,5,1,1
0022500602,4,MEM,ORL,PT01M51.00S,111.0,5,1,1
0022500602,4,ORL,MEM,PT01M26.00S,86.0,5,1,0
0022500603,4,BKN,CHI,PT02M46.00S,166.0,5,0,1
0022500604,1,HOU,NOP,PT01M22.00S,82.0,5,1,1
0022500604,4,HOU,NOP,PT00M15.20S,15.2,4,2,1
0022500605,1,CHA,DEN,PT02M31.00S,151.0,5,0,1
0022500605,2,DEN,CHA,PT02M12.00S,132.0,5,0,1
0022500605,2,CHA,DEN,PT00M12.50S,12.5,4,2,0
0022500605,3,DEN,CHA,PT05M24.00S,324.0,5,0,1
0022500605,4,DEN,CHA,PT02M13.00S,133.0,5,0,1
0022500606,1,SAC,POR,PT06M09.00S,369.0,5,0,1
0022500606,3,POR,SAC,PT06M55.00S,415.0,5,0,1
0022500606,4,POR,SAC,PT06M50.00S,410.0,5,0,1
0022500606,4,SAC,POR,PT00M18.10S,18.1,4,2,0
0022500607,2,TOR,LAL,PT01M16.00S,76.0,5,1,1
0022500607,4,LAL,TOR,PT04M17.00S,257.0,5,0,1
0022500608,1,WAS,LAC,PT01M18.00S,78.0,3,2,1
0022500608,1,LAC,WAS,PT00M36.60S,36.6,4,2,0
0022500608,2,WAS,LAC,PT04M24.00S,264.0,5,0,1
0022500608,4,LAC,WAS,PT06M31.00S,391.0,5,0,1
0022500608,4,WAS,LAC,PT03M23.00S,203.0,5,0,0
0022500609,1,PHI,IND,PT00M05.80S,5.8,5,1,1
0022500609,2,PHI,IND,PT01M22.00S,82.0,4,2,1
0022500609,3,PHI,IND,PT04M43.00S,283.0,5,0,1
0022500609,3,IND,PHI,PT00M40.10S,40.1,4,2,0
0022500609,4,PHI,IND,PT00M47.10S,47.1,5,1,1
0022500610,1,BKN,PHX,PT00M42.60S,42.6,4,2,1
0022500610,3,PHX,BKN,PT04M50.00S,290.0,5,0,1
0022500610,4,PHX,BKN,PT04M39.00S,279.0,5,0,1
0022500611,2,UTA,SAS,PT04M02.00S,242.0,5,0,1
0022500611,3,SAS,UTA,PT04M17.00S,257.0,5,0,1
0022500611,4,SAS,UTA,PT08M24.00S,504.0,5,0,1
0022500611,4,UTA,SAS,PT03M50.00S,230.0,5,0,0
0022500612,1,MIA,GSW,PT06M09.00S,369.0,5,0,1
0022500612,1,GSW,MIA,PT00M48.50S,48.5,5,2,0
0022500612,3,GSW,MIA,PT04M20.00S,260.0,5,0,1
0022500613,1,PHX,PHI,PT05M16.00S,316.0,5,0,1
0022500613,3,PHI,PHX,PT02M37.00S,157.0,5,0,1
0022500613,3,PHX,PHI,PT00M06.20S,6.2,4,2,0
0022500613,4,PHI,PHX,PT01M04.00S,64.0,3,2,1
0022500613,4,PHX,PHI,PT00M29.60S,29.6,3,2,0
0022500614,1,LAC,CHI,PT00M01.00S,1.0,3,2,1
0022500614,4,LAC,CHI,PT00M14.40S,14.4,5,2,1
0022500615,2,HOU,SAS,PT06M34.00S,394.0,5,0,1
0022500615,4,HOU,SAS,PT00M12.50S,12.5,3,2,1
0022500616,2,MIN,UTA,PT05M49.00S,349.0,5,0,1
0022500616,3,MIN,UTA,PT00M38.90S,38.9,5,1,1
0022500616,4,UTA,MIN,PT02M14.00S,134.0,5,0,1
0022500616,4,MIN,UTA,PT02M13.00S,133.0,5,0,0
0022500617,1,DEN,LAL,PT00M51.50S,51.5,5,1,1
0022500617,2,LAL,DEN,PT05M49.00S,349.0,5,0,1
0022500617,2,DEN,LAL,PT01M19.00S,79.0,5,1,0
0022500617,4,LAL,DEN,PT03M14.00S,194.0,5,0,1
0022500618,2,GSW,TOR,PT00M44.20S,44.2,5,1,1
0022500618,3,GSW,TOR,PT04M09.00S,249.0,5,0,1
0022500618,3,TOR,GSW,PT02M59.00S,179.0,5,0,0
0022500618,4,TOR,GSW,PT03M10.00S,190.0,5,0,1
0022500619,2,MIA,SAC,PT05M51.00S,351.0,5,0,1
0022500619,2,SAC,MIA,PT01M44.00S,104.0,5,1,0
0022500619,3,SAC,MIA,PT02M17.00S,137.0,5,0,1
0022500620,1,CLE,CHA,PT00M55.40S,55.4,5,1,1
0022500620,3,CHA,CLE,PT04M09.00S,249.0,5,0,1
0022500620,3,CLE,CHA,PT03M09.00S,189.0,5,0,0
0022500620,4,CHA,CLE,PT04M08.00S,248.0,5,0,1
0022500620,4,CLE,CHA,PT03M54.00S,234.0,5,0,0
0022500621,1,BOS,IND,PT03M14.00S,194.0,5,0,1
0022500621,2,IND,BOS,PT02M42.00S,162.0,5,0,1
0022500621,3,BOS,IND,PT06M25.00S,385.0,5,0,1
0022500621,3,IND,BOS,PT05M15.00S,315.0,5,0,0
0022500622,1,NYK,BKN,PT02M02.00S,122.0,5,0,1
0022500622,2,BKN,NYK,PT00M29.50S,29.5,5,2,1
0022500622,2,NYK,BKN,PT00M02.80S,2.8,5,2,0
0022500623,2,ATL,MEM,PT03M30.00S,210.0,5,0,1
0022500623,2,MEM,ATL,PT00M30.70S,30.7,5,1,0
0022500623,3,MEM,ATL,PT01M24.00S,84.0,5,1,1
0022500623,3,ATL,MEM,PT00M26.30S,26.3,5,2,0
0022500623,4,ATL,MEM,PT03M57.00S,237.0,5,0,1
0022500623,4,MEM,ATL,PT03M03.00S,183.0,5,0,0
0022500624,2,NOP,DET,PT04M45.00S,285.0,5,0,1
0022500624,2,DET,NOP,PT01M19.00S,79.0,5,1,0
0022500624,3,DET,NOP,PT02M14.00S,134.0,5,0,1
0022500624,4,DET,NOP,PT02M58.00S,178.0,5,0,1
0022500625,2,MIL,OKC,PT00M07.00S,7.0,4,2,1
0022500625,3,OKC,MIL,PT04M23.00S,263.0,5,0,1
0022500626,2,SAC,TOR,PT03M35.00S,215.0,5,0,1
0022500626,2,TOR,SAC,PT00M03.40S,3.4,3,2,0
0022500626,3,TOR,SAC,PT04M41.00S,281.0,5,0,1
0022500626,3,SAC,TOR,PT03M24.00S,204.0,5,0,0
0022500626,4,SAC,TOR,PT04M02.00S,242.0,5,0,1
0022500627,1,ORL,CHA,PT01M47.00S,107.0,5,1,1
0022500627,1,CHA,ORL,PT00M16.60S,16.6,5,1,0
0022500627,3,CHA,ORL,PT04M35.00S,275.0,5,0,1
0022500627,3,ORL,CHA,PT02M03.00S,123.0,5,0,0
0022500627,4,CHA,ORL,PT00M26.60S,26.6,5,1,1
0022500628,1,HOU,PHI,PT00M36.80S,36.8,5,1,1
0022500628,2,HOU,PHI,PT03M46.00S,226.0,5,0,1
0022500628,2,PHI,HOU,PT02M34.00S,154.0,5,0,0
0022500628,3,HOU,PHI,PT01M23.00S,83.0,5,1,1
0022500628,5,PHI,HOU,PT00M18.90S,18.9,2,2,1
0022500629,1,DEN,WAS,PT01M49.00S,109.0,5,1,1
0022500629,2,WAS,DEN,PT02M10.00S,130.0,5,0,1
0022500629,3,DEN,WAS,PT05M08.00S,308.0,5,0,1
0022500629,3,WAS,DEN,PT00M35.50S,35.5,3,2,0
0022500629,4,DEN,WAS,PT01M50.00S,110.0,5,1,1
0022500630,3,DAL,GSW,PT04M30.00S,270.0,5,0,1
0022500630,3,GSW,DAL,PT00M52.10S,52.1,5,2,0
0022500630,4,DAL,GSW,PT06M10.00S,370.0,5,0,1
0022500631,1,CHI,MIN,PT01M44.00S,104.0,5,1,1
0022500631,2,CHI,MIN,PT08M14.00S,494.0,5,0,1
0022500631,2,MIN,CHI,PT00M00.60S,0.6,5,2,0
0022500631,3,CHI,MIN,PT05M50.00S,350.0,5,0,1
0022500631,3,MIN,CHI,PT03M53.00S,233.0,5,0,0
0022500631,4,CHI,MIN,PT00M11.00S,11.0,4,2,1
0022500632,2,SAS,UTA,PT02M59.00S,179.0,5,0,1
0022500632,3,SAS,UTA,PT01M55.00S,115.0,5,1,1
0022500633,4,LAC,LAL,PT03M46.00S,226.0,5,0,1
0022500634,2,MIA,POR,PT02M09.00S,129.0,5,0,1
0022500634,3,MIA,POR,PT02M22.00S,142.0,5,0,1
0022500635,1,HOU,DET,PT00M50.30S,50.3,5,1,1
0022500635,2,DET,HOU,PT03M34.00S,214.0,5,0,1
0022500635,2,HOU,DET,PT00M07.50S,7.5,5,2,0
0022500635,3,HOU,DET,PT03M31.00S,211.0,5,0,1
0022500635,4,DET,HOU,PT03M05.00S,185.0,5,0,1
0022500635,4,HOU,DET,PT00M57.00S,57.0,3,2,0
0022500636,1,ATL,PHX,PT01M20.00S,80.0,3,2,1
0022500636,4,ATL,PHX,PT00M36.90S,36.9,5,1,1
0022500637,1,BKN,BOS,PT02M11.00S,131.0,5,0,1
0022500637,1,BOS,BKN,PT00M26.80S,26.8,5,1,0
0022500637,3,BKN,BOS,PT02M25.00S,145.0,5,0,1
0022500637,4,BKN,BOS,PT00M50.80S,50.8,4,2,1
0022500637,4,BOS,BKN,PT00M11.00S,11.0,5,2,0
0022500637,5,BKN,BOS,PT00M19.50S,19.5,4,1,1
0022500638,1,CLE,SAC,PT01M22.00S,82.0,5,1,1
0022500638,1,SAC,CLE,PT00M30.90S,30.9,3,2,0
0022500638,2,CLE,SAC,PT04M19.00S,259.0,5,0,1
0022500638,2,SAC,CLE,PT00M01.90S,1.9,5,1,0
0022500638,3,CLE,SAC,PT03M19.00S,199.0,5,0,1
0022500638,4,SAC,CLE,PT06M06.00S,366.0,5,0,1
0022500638,4,CLE,SAC,PT01M17.00S,77.0,5,2,0
0022500639,1,MEM,NOP,PT02M07.00S,127.0,5,0,1
0022500639,2,NOP,MEM,PT04M06.00S,246.0,5,0,1
0022500639,2,MEM,NOP,PT02M18.00S,138.0,5,0,0
0022500639,4,NOP,MEM,PT02M34.00S,154.0,5,0,1
0022500640,2,MIL,DEN,PT01M50.00S,110.0,5,1,1
0022500640,3,DEN,MIL,PT01M50.00S,110.0,5,1,1
0022500640,4,MIL,DEN,PT03M50.00S,230.0,5,0,1
0022500640,4,DEN,MIL,PT01M08.00S,68.0,5,1,0
0022500641,1,OKC,IND,PT00M05.60S,5.6,4,2,1
0022500641,4,IND,OKC,PT04M44.00S,284.0,5,0,1
0022500641,4,OKC,IND,PT04M20.00S,260.0,5,0,0
0022500642,1,POR,TOR,PT00M34.90S,34.9,4,2,1
0022500642,2,POR,TOR,PT01M46.00S,106.0,5,2,1
0022500642,3,POR,TOR,PT00M20.80S,20.8,2,2,1
0022500642,4,TOR,POR,PT00M45.40S,45.4,5,2,1
0022500643,1,NYK,PHI,PT02M12.00S,132.0,5,0,1
0022500643,2,NYK,PHI,PT06M35.00S,395.0,5,0,1
0022500643,2,PHI,NYK,PT01M39.00S,99.0,5,1,0
0022500643,4,PHI,NYK,PT05M24.00S,324.0,5,0,1
0022500643,4,NYK,PHI,PT00M33.30S,33.3,5,1,0
0022500644,2,GSW,MIN,PT04M49.00S,289.0,5,0,1
0022500644,4,MIN,GSW,PT09M23.00S,563.0,5,0,1
0022500644,4,GSW,MIN,PT00M28.80S,28.8,5,1,0
0022500645,2,WAS,CHA,PT06M46.00S,406.0,5,0,1
0022500645,2,CHA,WAS,PT05M07.00S,307.0,5,0,0
0022500645,4,CHA,WAS,PT04M26.00S,266.0,5,0,1
0022500646,1,CLE,ORL,PT01M07.00S,67.0,5,2,1
0022500646,2,ORL,CLE,PT06M32.00S,392.0,5,0,1
0022500646,3,ORL,CLE,PT01M20.00S,80.0,5,1,1
0022500646,4,ORL,CLE,PT05M21.00S,321.0,5,0,1
0022500646,4,CLE,ORL,PT00M52.10S,52.1,5,1,0
0022500648,1,LAL,DAL,PT03M04.00S,184.0,5,0,1
0022500648,2,DAL,LAL,PT01M17.00S,77.0,5,2,1
0022500648,2,LAL,DAL,PT01M01.00S,61.0,3,2,0
0022500648,4,LAL,DAL,PT05M06.00S,306.0,5,0,1
0022500648,4,DAL,LAL,PT02M58.00S,178.0,5,0,0
0022500649,1,MIA,UTA,PT01M37.00S,97.0,5,1,1
0022500649,2,UTA,MIA,PT03M46.00S,226.0,5,0,1
0022500649,2,MIA,UTA,PT03M18.00S,198.0,5,0,0
0022500649,3,MIA,UTA,PT02M32.00S,152.0,5,0,1
0022500649,3,UTA,MIA,PT00M46.50S,46.5,5,1,0
0022500649,4,MIA,UTA,PT03M37.00S,217.0,5,0,1
0022500649,4,UTA,MIA,PT02M32.00S,152.0,5,0,0
0022500650,1,DET,SAC,PT00M22.60S,22.6,5,1,1
0022500650,1,SAC,DET,PT00M10.30S,10.3,5,2,0
0022500650,2,DET,SAC,PT06M12.00S,372.0,5,0,1
0022500650,4,SAC,DET,PT05M01.00S,301.0,5,0,1
0022500650,4,DET,SAC,PT00M24.60S,24.6,5,1,0
0022500651,2,MEM,DEN,PT06M13.00S,373.0,5,0,1
0022500651,2,DEN,MEM,PT01M18.00S,78.0,5,2,0
0022500651,3,DEN,MEM,PT02M13.00S,133.0,5,0,1
0022500651,4,MEM,DEN,PT00M14.80S,14.8,5,1,1
0022500652,1,DAL,MIL,PT00M41.40S,41.4,5,2,1
0022500652,2,MIL,DAL,PT02M00.00S,120.0,5,1,1
0022500652,4,DAL,MIL,PT04M32.00S,272.0,5,0,1
0022500652,4,MIL,DAL,PT02M01.00S,121.0,5,0,0
0022500653,1,OKC,TOR,PT00M54.70S,54.7,4,2,1
0022500653,3,OKC,TOR,PT03M46.00S,226.0,5,0,1
0022500653,4,TOR,OKC,PT00M08.20S,8.2,5,2,1
0022500654,2,SAS,NOP,PT06M01.00S,361.0,5,0,1
0022500654,2,NOP,SAS,PT00M04.80S,4.8,5,1,0
0022500654,4,SAS,NOP,PT04M39.00S,279.0,5,0,1
0022500654,4,NOP,SAS,PT00M26.60S,26.6,5,2,0
0022500655,1,MIA,PHX,PT04M57.00S,297.0,5,0,1
0022500655,2,PHX,MIA,PT04M31.00S,271.0,5,0,1
0022500655,2,MIA,PHX,PT00M07.10S,7.1,5,2,0
0022500655,3,PHX,MIA,PT01M33.00S,93.0,5,1,1
0022500655,4,PHX,MIA,PT06M18.00S,378.0,5,0,1
0022500656,1,LAC,BKN,PT00M47.80S,47.8,5,1,1
0022500656,2,LAC,BKN,PT01M59.00S,119.0,5,1,1
0022500656,2,BKN,LAC,PT00M45.30S,45.3,4,2,0
0022500656,3,LAC,BKN,PT05M49.00S,349.0,5,0,1
0022500656,4,BKN,LAC,PT01M59.00S,119.0,5,1,1
0022500657,2,CHA,PHI,PT02M25.00S,145.0,5,0,1
0022500657,2,PHI,CHA,PT01M08.00S,68.0,5,1,0
0022500657,3,CHA,PHI,PT05M15.00S,315.0,5,0,1
0022500658,2,ORL,CLE,PT01M16.00S,76.0,4,2,1
0022500658,3,CLE,ORL,PT01M47.00S,107.0,5,1,1
0022500658,3,ORL,CLE,PT01M06.00S,66.0,5,1,0
0022500658,4,CLE,ORL,PT02M55.00S,175.0,5,0,1
0022500659,2,IND,ATL,PT04M19.00S,259.0,5,0,1
0022500659,3,IND,ATL,PT03M45.00S,225.0,5,0,1
0022500659,3,ATL,IND,PT03M07.00S,187.0,5,0,0
0022500659,4,IND,ATL,PT01M20.00S,80.0,5,1,1
0022500660,2,BOS,POR,PT03M57.00S,237.0,5,0,1
0022500660,2,POR,BOS,PT01M46.00S,106.0,5,1,0
0022500660,3,POR,BOS,PT04M26.00S,266.0,5,0,1
0022500660,4,BOS,POR,PT01M59.00S,119.0,5,1,1
0022500660,4,POR,BOS,PT00M41.50S,41.5,4,2,0
0022500661,3,LAL,CHI,PT00M19.40S,19.4,5,1,1
0022500661,4,CHI,LAL,PT05M07.00S,307.0,5,0,1
0022500661,4,LAL,CHI,PT02M08.00S,128.0,5,0,0
0022500662,2,HOU,MEM,PT04M47.00S,287.0,5,0,1
0022500662,3,HOU,MEM,PT03M27.00S,207.0,5,0,1
0022500662,4,HOU,MEM,PT00M15.40S,15.4,5,2,1
0022500663,2,MIN,GSW,PT00M39.90S,39.9,4,2,1
0022500663,3,MIN,GSW,PT00M18.90S,18.9,3,2,1
0022500663,4,GSW,MIN,PT02M50.00S,170.0,5,0,1
0022500663,4,MIN,GSW,PT02M04.00S,124.0,5,0,0
0022500664,1,POR,WAS,PT01M36.00S,96.0,2,2,1
0022500664,2,POR,WAS,PT00M59.20S,59.2,5,2,1
0022500664,3,POR,WAS,PT01M17.00S,77.0,5,1,1
0022500664,4,WAS,POR,PT03M31.00S,211.0,5,0,1
0022500665,2,NYK,SAC,PT02M52.00S,172.0,5,0,1
0022500665,2,SAC,NYK,PT00M58.70S,58.7,5,2,0
0022500665,3,SAC,NYK,PT02M19.00S,139.0,5,0,1
0022500665,3,NYK,SAC,PT01M37.00S,97.0,5,1,0
0022500666,1,MIL,PHI,PT04M50.00S,290.0,5,0,1
0022500666,3,MIL,PHI,PT06M31.00S,391.0,5,0,1
0022500667,1,OKC,NOP,PT00M17.40S,17.4,5,1,1
0022500667,2,NOP,OKC,PT03M51.00S,231.0,5,0,1
0022500667,3,OKC,NOP,PT00M00.50S,0.5,5,1,1
0022500667,4,OKC,NOP,PT00M34.50S,34.5,5,2,1
0022500668,1,DEN,DET,PT00M56.00S,56.0,4,2,1
0022500668,3,DEN,DET,PT02M45.00S,165.0,5,0,1
0022500668,4,DEN,DET,PT03M03.00S,183.0,5,0,1
0022500668,4,DET,DEN,PT00M02.00S,2.0,4,2,0
0022500669,1,PHX,BKN,PT00M57.80S,57.8,3,2,1
0022500669,2,PHX,BKN,PT02M54.00S,174.0,5,0,1
0022500669,3,BKN,PHX,PT04M13.00S,253.0,5,0,1
0022500669,4,BKN,PHX,PT01M52.00S,112.0,5,1,1
0022500669,4,PHX,BKN,PT01M23.00S,83.0,5,1,0
0022500670,2,LAC,UTA,PT03M12.00S,192.0,5,0,1
0022500670,4,UTA,LAC,PT03M41.00S,221.0,5,0,1
0022500671,2,LAL,CLE,PT02M36.00S,156.0,5,0,1
0022500672,2,IND,CHI,PT01M53.00S,113.0,5,1,1
0022500672,3,IND,CHI,PT05M07.00S,307.0,5,0,1
0022500672,3,CHI,IND,PT03M43.00S,223.0,5,0,0
0022500672,4,IND,CHI,PT04M07.00S,247.0,5,0,1
0022500673,1,BOS,ATL,PT00M28.20S,28.2,4,2,1
0022500673,3,BOS,ATL,PT01M00.00S,60.0,5,2,1
0022500674,1,MIA,ORL,PT08M24.00S,504.0,5,0,1
0022500674,2,MIA,ORL,PT06M13.00S,373.0,5,0,1
0022500674,2,ORL,MIA,PT00M00.90S,0.9,4,2,0
0022500674,4,ORL,MIA,PT01M06.00S,66.0,5,1,1
0022500675,1,TOR,NYK,PT03M47.00S,227.0,5,0,1
0022500675,1,NYK,TOR,PT01M31.00S,91.0,5,1,0
0022500675,2,TOR,NYK,PT05M16.00S,316.0,5,0,1
0022500675,4,NYK,TOR,PT03M16.00S,196.0,5,0,1
0022500676,1,MEM,CHA,PT00M09.50S,9.5,3,2,1
0022500677,1,DAL,MIN,PT04M56.00S,296.0,5,0,1
0022500677,1,MIN,DAL,PT02M35.00S,155.0,5,0,0
0022500677,2,DAL,MIN,PT03M01.00S,181.0,5,0,1
0022500677,2,MIN,DAL,PT02M28.00S,148.0,5,0,0
0022500677,3,DAL,MIN,PT02M21.00S,141.0,5,0,1
0022500677,3,MIN,DAL,PT02M09.00S,129.0,5,0,0
0022500677,4,DAL,MIN,PT06M39.00S,399.0,5,0,1
0022500678,1,GSW,UTA,PT00M33.80S,33.8,4,2,1
0022500678,2,GSW,UTA,PT05M31.00S,331.0,5,0,1
0022500678,3,UTA,GSW,PT04M20.00S,260.0,5,0,1
0022500678,3,GSW,UTA,PT02M58.00S,178.0,5,0,0
0022500678,4,GSW,UTA,PT03M29.00S,209.0,5,0,1
0022500679,2,SAS,HOU,PT00M55.50S,55.5,2,2,1
0022500679,3,SAS,HOU,PT03M16.00S,196.0,5,0,1
0022500679,3,HOU,SAS,PT00M38.90S,38.9,4,2,0
0022500679,4,SAS,HOU,PT08M08.00S,488.0,5,0,1
0022500679,4,HOU,SAS,PT00M40.20S,40.2,5,1,0
0022500680,1,SAC,PHI,PT00M00.40S,0.4,4,2,1
0022500680,2,SAC,PHI,PT06M44.00S,404.0,5,0,1
0022500680,3,PHI,SAC,PT03M33.00S,213.0,5,0,1
0022500680,4,PHI,SAC,PT05M22.00S,322.0,5,0,1
0022500681,1,WAS,MIL,PT04M41.00S,281.0,5,0,1
0022500681,2,WAS,MIL,PT02M29.00S,149.0,5,0,1
0022500681,4,WAS,MIL,PT00M40.50S,40.5,4,2,1
0022500682,2,HOU,ATL,PT01M17.00S,77.0,5,1,1
0022500682,3,HOU,ATL,PT05M21.00S,321.0,5,0,1
0022500683,2,DAL,CHA,PT03M25.00S,205.0,5,0,1
0022500683,2,CHA,DAL,PT01M47.00S,107.0,5,1,0
0022500683,3,DAL,CHA,PT02M30.00S,150.0,5,0,1
0022500684,1,BKN,DEN,PT01M00.00S,60.0,5,1,1
0022500684,2,DEN,BKN,PT00M57.70S,57.7,3,2,1
0022500684,4,DEN,BKN,PT08M43.00S,523.0,5,0,1
0022500684,4,BKN,DEN,PT00M04.40S,4.4,5,2,0
0022500685,2,PHX,DET,PT05M44.00S,344.0,5,0,1
0022500685,2,DET,PHX,PT02M16.00S,136.0,5,0,0
0022500685,3,DET,PHX,PT05M13.00S,313.0,5,0,1
0022500686,2,OKC,MIN,PT01M46.00S,106.0,5,1,1
0022500686,3,OKC,MIN,PT02M10.00S,130.0,5,0,1
0022500686,3,MIN,OKC,PT00M07.00S,7.0,5,1,0
0022500687,1,ORL,TOR,PT03M33.00S,213.0,5,0,1
0022500687,3,TOR,ORL,PT03M15.00S,195.0,5,0,1
0022500687,3,ORL,TOR,PT02M35.00S,155.0,5,0,0
0022500687,4,TOR,ORL,PT02M05.00S,125.0,5,0,1
0022500687,4,ORL,TOR,PT01M20.00S,80.0,5,1,0
0022500688,3,LAL,WAS,PT04M52.00S,292.0,5,0,1
0022500689,1,SAC,BOS,PT04M31.00S,271.0,5,0,1
0022500689,1,BOS,SAC,PT00M28.90S,28.9,3,2,0
0022500689,2,BOS,SAC,PT04M31.00S,271.0,5,0,1
0022500689,2,SAC,BOS,PT03M03.00S,183.0,5,0,0
0022500689,3,BOS,SAC,PT04M16.00S,256.0,5,0,1
0022500690,2,POR,NYK,PT00M03.20S,3.2,5,2,1
0022500690,3,POR,NYK,PT04M31.00S,271.0,5,0,1
0022500691,2,NOP,MEM,PT01M28.00S,88.0,4,2,1
0022500691,2,MEM,NOP,PT00M46.80S,46.8,5,2,0
0022500691,4,NOP,MEM,PT00M42.00S,42.0,5,1,1
0022500692,1,MIA,CHI,PT00M14.90S,14.9,4,2,1
0022500692,3,MIA,CHI,PT05M14.00S,314.0,5,0,1
0022500692,4,MIA,CHI,PT03M37.00S,217.0,5,0,1
0022500692,4,CHI,MIA,PT02M37.00S,157.0,5,0,0
0022500693,3,PHX,CLE,PT00M28.80S,28.8,5,2,1
0022500693,4,CLE,PHX,PT05M40.00S,340.0,5,0,1
0022500694,1,BKN,UTA,PT02M22.00S,142.0,5,0,1
0022500694,2,BKN,UTA,PT05M46.00S,346.0,5,0,1
0022500694,2,UTA,BKN,PT03M52.00S,232.0,5,0,0
0022500694,3,BKN,UTA,PT00M55.90S,55.9,5,1,1
0022500694,4,BKN,UTA,PT03M47.00S,227.0,5,0,1
0022500695,2,DEN,LAC,PT05M14.00S,314.0,5,0,1
0022500695,2,LAC,DEN,PT01M47.00S,107.0,5,1,0
0022500695,3,DEN,LAC,PT05M23.00S,323.0,5,0,1
0022500695,4,DEN,LAC,PT04M18.00S,258.0,5,0,1
0022500695,4,LAC,DEN,PT03M38.00S,218.0,5,0,0
0022500696,1,GSW,DET,PT04M17.00S,257.0,5,0,1
0022500696,2,DET,GSW,PT01M43.00S,103.0,5,1,1
0022500696,3,GSW,DET,PT03M03.00S,183.0,5,0,1
0022500696,3,DET,GSW,PT00M46.20S,46.2,5,1,0
0022500696,4,DET,GSW,PT02M09.00S,129.0,5,0,1
0022500696,4,GSW,DET,PT00M13.90S,13.9,5,2,0
0022500697,1,SAS,CHA,PT00M00.30S,0.3,4,2,1
0022500697,2,CHA,SAS,PT03M07.00S,187.0,5,0,1
0022500697,4,SAS,CHA,PT01M37.00S,97.0,5,1,1
0022500697,4,CHA,SAS,PT01M07.00S,67.0,3,2,0
0022500698,2,IND,ATL,PT05M21.00S,321.0,5,0,1
0022500698,4,ATL,IND,PT02M51.00S,171.0,5,0,1
0022500698,4,IND,ATL,PT00M03.80S,3.8,5,2,0
0022500699,2,PHI,NOP,PT02M15.00S,135.0,5,0,1
0022500699,3,NOP,PHI,PT00M42.60S,42.6,3,2,1
0022500699,4,NOP,PHI,PT07M58.00S,478.0,5,0,1
0022500699,4,PHI,NOP,PT00M11.30S,11.3,4,2,0
0022500700,3,MIN,MEM,PT05M33.00S,333.0,5,0,1
0022500700,3,MEM,MIN,PT04M55.00S,295.0,5,0,0
0022500700,4,MEM,MIN,PT08M22.00S,502.0,5,0,1
0022500701,1,DAL,HOU,PT00M37.00S,37.0,5,1,1
0022500701,2,DAL,HOU,PT01M03.00S,63.0,4,2,1
0022500701,3,DAL,HOU,PT01M04.00S,64.0,5,1,1
0022500701,4,DAL,HOU,PT03M05.00S,185.0,5,0,1
0022500702,2,BOS,MIL,PT03M32.00S,212.0,5,0,1
0022500702,3,MIL,BOS,PT03M48.00S,228.0,5,0,1
0022500702,3,BOS,MIL,PT00M40.90S,40.9,5,2,0
0022500703,1,SAS,ORL,PT04M24.00S,264.0,5,0,1
0022500703,2,SAS,ORL,PT02M47.00S,167.0,5,0,1
0022500703,2,ORL,SAS,PT01M40.00S,100.0,5,1,0
0022500703,3,SAS,ORL,PT01M34.00S,94.0,5,2,1
0022500703,3,ORL,SAS,PT00M35.80S,35.8,5,2,0
0022500703,4,ORL,SAS,PT04M24.00S,264.0,5,0,1
0022500704,1,DET,BKN,PT02M43.00S,163.0,5,0,1
0022500704,1,BKN,DET,PT00M10.30S,10.3,5,2,0
0022500704,2,BKN,DET,PT00M59.80S,59.8,5,1,1
0022500704,3,DET,BKN,PT05M12.00S,312.0,5,0,1
0022500704,3,BKN,DET,PT01M30.00S,90.0,4,2,0
0022500705,1,MIA,CHI,PT03M19.00S,199.0,5,0,1
0022500705,1,CHI,MIA,PT01M46.00S,106.0,5,1,0
0022500705,2,CHI,MIA,PT08M28.00S,508.0,5,0,1
0022500705,3,MIA,CHI,PT04M35.00S,275.0,5,0,1
0022500705,4,CHI,MIA,PT03M13.00S,193.0,5,0,1
0022500706,1,TOR,UTA,PT00M53.60S,53.6,3,2,1
0022500706,2,UTA,TOR,PT04M54.00S,294.0,5,0,1
0022500706,2,TOR,UTA,PT04M14.00S,254.0,5,0,0
0022500706,3,UTA,TOR,PT04M55.00S,295.0,5,0,1
0022500706,3,TOR,UTA,PT01M01.00S,61.0,4,2,0
0022500706,4,TOR,UTA,PT00M19.90S,19.9,5,1,1
0022500706,4,UTA,TOR,PT00M11.80S,11.8,5,2,0
0022500707,1,SAC,WAS,PT01M24.00S,84.0,5,1,1
0022500707,2,WAS,SAC,PT01M26.00S,86.0,4,2,1
0022500707,3,SAC,WAS,PT05M56.00S,356.0,5,0,1
0022500707,4,SAC,WAS,PT04M50.00S,290.0,5,0,1
0022500707,4,WAS,SAC,PT00M03.50S,3.5,4,2,0
0022500708,1,NYK,LAL,PT03M38.00S,218.0,5,0,1
0022500708,2,LAL,NYK,PT08M14.00S,494.0,5,0,1
0022500709,2,LAC,PHX,PT05M29.00S,329.0,5,0,1
0022500709,3,LAC,PHX,PT05M06.00S,306.0,5,0,1
0022500709,4,LAC,PHX,PT04M23.00S,263.0,5,0,1
0022500709,4,PHX,LAC,PT03M38.00S,218.0,5,0,0
0022500710,4,POR,CLE,PT06M17.00S,377.0,5,0,1
0022500710,4,CLE,POR,PT02M03.00S,123.0,5,0,0
0022500711,1,OKC,DEN,PT01M41.00S,101.0,5,1,1
0022500711,1,DEN,OKC,PT00M45.20S,45.2,3,2,0
0022500711,2,DEN,OKC,PT01M02.00S,62.0,5,1,1
0022500711,3,DEN,OKC,PT02M05.00S,125.0,5,0,1
0022500711,4,OKC,DEN,PT05M02.00S,302.0,5,0,1
0022500711,4,DEN,OKC,PT00M12.80S,12.8,5,2,0
0022500712,2,CHA,NOP,PT04M34.00S,274.0,5,0,1
0022500712,2,NOP,CHA,PT01M34.00S,94.0,5,1,0
0022500712,3,CHA,NOP,PT03M20.00S,200.0,5,0,1
0022500712,3,NOP,CHA,PT01M11.00S,71.0,4,2,0
0022500712,4,NOP,CHA,PT02M11.00S,131.0,5,0,1
0022500712,4,CHA,NOP,PT01M15.00S,75.0,5,1,0
0022500713,2,HOU,IND,PT07M35.00S,455.0,5,0,1
0022500713,2,IND,HOU,PT03M16.00S,196.0,5,0,0
0022500713,3,HOU,IND,PT04M08.00S,248.0,5,0,1
0022500713,3,IND,HOU,PT00M15.30S,15.3,5,1,0
0022500713,4,HOU,IND,PT05M58.00S,358.0,5,0,1
0022500714,1,MEM,MIN,PT02M21.00S,141.0,5,0,1
0022500714,2,MEM,MIN,PT00M23.80S,23.8,5,1,1
0022500714,3,MEM,MIN,PT04M13.00S,253.0,5,0,1
0022500714,3,MIN,MEM,PT01M20.00S,80.0,5,1,0
0022500714,4,MIN,MEM,PT07M32.00S,452.0,5,0,1
0022500714,4,MEM,MIN,PT00M37.70S,37.7,5,2,0
0022500715,1,PHI,LAC,PT02M03.00S,123.0,5,0,1
0022500715,1,LAC,PHI,PT01M37.00S,97.0,4,2,0
0022500715,2,LAC,PHI,PT03M33.00S,213.0,5,0,1
0022500715,2,PHI,LAC,PT00M43.90S,43.9,5,2,0
0022500715,3,LAC,PHI,PT01M17.00S,77.0,5,1,1
0022500715,4,LAC,PHI,PT02M19.00S,139.0,5,0,1
0022500716,1,DEN,DET,PT02M13.00S,133.0,5,0,1
0022500716,1,DET,DEN,PT00M45.00S,45.0,5,1,0
0022500716,2,DEN,DET,PT03M52.00S,232.0,5,0,1
0022500716,2,DET,DEN,PT00M35.70S,35.7,4,2,0
0022500716,3,DEN,DET,PT05M40.00S,340.0,5,0,1
0022500716,4,DEN,DET,PT04M02.00S,242.0,5,0,1
0022500716,4,DET,DEN,PT00M24.70S,24.7,5,2,0
0022500717,1,UTA,IND,PT01M25.00S,85.0,5,1,1
0022500717,2,IND,UTA,PT01M13.00S,73.0,3,2,1
0022500717,3,IND,UTA,PT00M17.70S,17.7,4,2,1
0022500717,4,IND,UTA,PT01M11.00S,71.0,4,2,1
0022500717,4,UTA,IND,PT00M54.30S,54.3,5,1,0
0022500718,1,NYK,WAS,PT00M06.90S,6.9,5,1,1
0022500718,2,NYK,WAS,PT06M40.00S,400.0,5,0,1
0022500718,2,WAS,NYK,PT02M36.00S,156.0,5,0,0
0022500718,3,WAS,NYK,PT04M29.00S,269.0,5,0,1
0022500718,3,NYK,WAS,PT02M51.00S,171.0,5,0,0
0022500718,4,WAS,NYK,PT04M22.00S,262.0,5,0,1
0022500719,1,LAL,BKN,PT05M49.00S,349.0,5,0,1
0022500719,2,LAL,BKN,PT05M22.00S,322.0,5,0,1
0022500719,4,LAL,BKN,PT04M36.00S,276.0,5,0,1
0022500720,2,MIA,ATL,PT01M31.00S,91.0,5,1,1
0022500720,3,MIA,ATL,PT05M03.00S,303.0,5,0,1
0022500720,4,MIA,ATL,PT00M45.80S,45.8,5,1,1
0022500721,3,DAL,BOS,PT00M17.60S,17.6,5,1,1
0022500721,4,DAL,BOS,PT07M20.00S,440.0,5,0,1
0022500722,1,MIL,CHI,PT00M07.40S,7.4,4,2,1
0022500722,3,CHI,MIL,PT04M06.00S,246.0,5,0,1
0022500722,4,CHI,MIL,PT06M07.00S,367.0,5,0,1
0022500723,1,OKC,ORL,PT00M43.10S,43.1,5,1,1
0022500723,1,ORL,OKC,PT00M05.90S,5.9,4,2,0
0022500723,2,OKC,ORL,PT06M01.00S,361.0,5,0,1
0022500723,3,OKC,ORL,PT02M14.00S,134.0,5,0,1
0022500723,4,OKC,ORL,PT05M16.00S,316.0,5,0,1
0022500724,3,PHI,GSW,PT04M23.00S,263.0,5,0,1
0022500725,2,PHX,POR,PT02M21.00S,141.0,5,0,1
0022500725,3,POR,PHX,PT01M42.00S,102.0,5,2,1
0022500725,4,POR,PHX,PT02M29.00S,149.0,5,0,1
0022500725,4,PHX,POR,PT00M13.80S,13.8,4,2,0
0022500726,1,DEN,NYK,PT01M45.00S,105.0,4,2,1
0022500726,1,NYK,DEN,PT00M30.80S,30.8,2,2,0
0022500726,2,NYK,DEN,PT00M13.20S,13.2,4,2,1
0022500726,3,DEN,NYK,PT00M12.40S,12.4,4,2,1
0022500726,5,DEN,NYK,PT00M00.30S,0.3,4,2,1
0022500726,6,NYK,DEN,PT00M18.00S,18.0,3,2,1
0022500727,2,TOR,MIN,PT00M35.40S,35.4,5,2,1
0022500727,3,TOR,MIN,PT02M23.00S,143.0,5,0,1
0022500727,4,TOR,MIN,PT07M04.00S,424.0,5,0,1
0022500727,4,MIN,TOR,PT03M08.00S,188.0,5,0,0
0022500728,1,HOU,BOS,PT00M57.70S,57.7,5,1,1
0022500728,2,HOU,BOS,PT03M29.00S,209.0,5,0,1
0022500728,2,BOS,HOU,PT03M14.00S,194.0,5,0,0
0022500728,3,HOU,BOS,PT01M12.00S,72.0,5,1,1
0022500728,3,BOS,HOU,PT00M01.10S,1.1,4,2,0
0022500728,4,BOS,HOU,PT00M50.60S,50.6,3,2,1
0022500729,2,NOP,MIL,PT02M16.00S,136.0,5,0,1
0022500729,4,NOP,MIL,PT00M58.80S,58.8,5,1,1
0022500729,5,MIL,NOP,PT00M19.90S,19.9,3,2,1
0022500730,3,SAS,OKC,PT00M34.30S,34.3,4,2,1
0022500730,4,SAS,OKC,PT01M03.00S,63.0,5,2,1
0022500731,1,SAC,MEM,PT06M19.00S,379.0,5,0,1
0022500731,2,SAC,MEM,PT03M32.00S,212.0,5,0,1
0022500731,2,MEM,SAC,PT02M48.00S,168.0,5,0,0
0022500731,3,SAC,MEM,PT04M35.00S,275.0,5,0,1
0022500731,3,MEM,SAC,PT02M18.00S,138.0,5,0,0
0022500731,4,SAC,MEM,PT05M39.00S,339.0,5,0,1
0022500731,4,MEM,SAC,PT05M02.00S,302.0,5,0,0
0022500733,1,DET,WAS,PT01M40.00S,100.0,5,1,1
0022500733,1,WAS,DET,PT00M24.20S,24.2,4,2,0
0022500733,2,DET,WAS,PT03M02.00S,182.0,5,0,1
0022500733,3,DET,WAS,PT04M57.00S,297.0,5,0,1
0022500733,4,DET,WAS,PT08M06.00S,486.0,5,0,1
0022500733,4,WAS,DET,PT00M59.40S,59.4,3,2,0
0022500734,1,BKN,ORL,PT02M46.00S,166.0,5,0,1
0022500734,1,ORL,BKN,PT00M50.20S,50.2,5,2,0
0022500734,2,ORL,BKN,PT03M47.00S,227.0,5,0,1
0022500734,2,BKN,ORL,PT02M20.00S,140.0,5,0,0
0022500734,3,BKN,ORL,PT01M52.00S,112.0,5,1,1
0022500734,4,ORL,BKN,PT07M05.00S,425.0,5,0,1
0022500735,2,ATL,UTA,PT06M12.00S,372.0,5,0,1
0022500735,3,ATL,UTA,PT02M19.00S,139.0,5,0,1
0022500735,3,UTA,ATL,PT00M00.40S,0.4,5,2,0
0022500735,4,ATL,UTA,PT06M54.00S,414.0,5,0,1
0022500736,3,TOR,CHI,PT00M12.10S,12.1,5,2,1
0022500737,3,HOU,CHA,PT04M20.00S,260.0,5,0,1
0022500737,3,CHA,HOU,PT03M41.00S,221.0,5,0,0
0022500738,1,DAL,SAS,PT02M50.00S,170.0,5,0,1
0022500738,1,SAS,DAL,PT00M00.70S,0.7,5,2,0
0022500738,4,SAS,DAL,PT03M01.00S,181.0,5,0,1
0022500738,4,DAL,SAS,PT01M39.00S,99.0,5,1,0
0022500739,3,GSW,PHX,PT02M14.00S,134.0,5,0,1
0022500740,2,LAL,PHI,PT04M29.00S,269.0,5,0,1
0022500740,3,LAL,PHI,PT02M22.00S,142.0,5,0,1
0022500740,4,PHI,LAL,PT04M41.00S,281.0,5,0,1
0022500740,4,LAL,PHI,PT00M34.50S,34.5,5,2,0
0022500741,2,BOS,MIA,PT06M04.00S,364.0,5,0,1
0022500741,2,MIA,BOS,PT02M12.00S,132.0,5,0,0
0022500741,3,BOS,MIA,PT01M51.00S,111.0,5,1,1
0022500742,2,NYK,DET,PT00M21.60S,21.6,5,2,1
0022500742,3,NYK,DET,PT01M06.00S,66.0,5,1,1
0022500743,3,MIL,IND,PT00M00.60S,0.6,4,2,1
0022500743,4,IND,MIL,PT01M11.00S,71.0,5,2,1
0022500744,1,NOP,MIN,PT01M22.00S,82.0,3,2,1
0022500744,1,MIN,NOP,PT00M50.00S,50.0,5,1,0
0022500744,2,NOP,MIN,PT01M53.00S,113.0,5,1,1
0022500744,2,MIN,NOP,PT01M41.00S,101.0,5,1,0
0022500744,3,MIN,NOP,PT02M33.00S,153.0,5,0,1
0022500744,4,NOP,MIN,PT01M10.00S,70.0,5,1,1
0022500745,2,MEM,POR,PT03M04.00S,184.0,5,0,1
0022500745,2,POR,MEM,PT01M30.00S,90.0,5,1,0
0022500745,3,POR,MEM,PT00M56.30S,56.3,3,2,1
0022500745,4,MEM,POR,PT03M19.00S,199.0,5,0,1
0022500746,1,SAC,LAC,PT04M56.00S,296.0,5,0,1
0022500746,2,LAC,SAC,PT06M54.00S,414.0,5,0,1
0022500746,3,LAC,SAC,PT00M45.40S,45.4,4,2,1
0022500746,4,SAC,LAC,PT02M42.00S,162.0,5,0,1
0022500746,4,LAC,SAC,PT02M29.00S,149.0,5,0,0
0022500747,1,WAS,BKN,PT01M20.00S,80.0,5,1,1
0022500747,2,BKN,WAS,PT04M39.00S,279.0,5,0,1
0022500747,2,WAS,BKN,PT04M21.00S,261.0,5,0,0
0022500747,3,WAS,BKN,PT02M18.00S,138.0,5,0,1
0022500747,4,BKN,WAS,PT04M36.00S,276.0,5,0,1
0022500748,2,OKC,HOU,PT01M56.00S,116.0,5,1,1
0022500748,3,OKC,HOU,PT03M13.00S,193.0,5,0,1
0022500748,3,HOU,OKC,PT00M04.70S,4.7,4,2,0
0022500748,4,HOU,OKC,PT03M02.00S,182.0,5,0,1
0022500748,4,OKC,HOU,PT01M59.00S,119.0,5,1,0
0022500749,1,SAS,DAL,PT02M04.00S,124.0,5,0,1
0022500749,2,DAL,SAS,PT07M16.00S,436.0,5,0,1
0022500749,2,SAS,DAL,PT00M59.00S,59.0,5,1,0
0022500750,2,UTA,ORL,PT01M03.00S,63.0,4,2,1
0022500750,3,ORL,UTA,PT04M14.00S,254.0,5,0,1
0022500750,3,UTA,ORL,PT01M49.00S,109.0,5,1,0
0022500750,4,ORL,UTA,PT04M52.00S,292.0,5,0,1
0022500750,4,UTA,ORL,PT03M37.00S,217.0,5,0,0
0022500751,3,ATL,CHA,PT04M00.00S,240.0,5,0,1
0022500751,4,ATL,CHA,PT00M26.30S,26.3,5,1,1
0022500751,4,CHA,ATL,PT00M23.30S,23.3,5,1,0
0022500752,1,CHI,DEN,PT00M47.30S,47.3,4,2,1
0022500752,1,DEN,CHI,PT00M32.90S,32.9,5,1,0
0022500752,2,DEN,CHI,PT03M12.00S,192.0,5,0,1
0022500752,3,DEN,CHI,PT03M49.00S,229.0,5,0,1
0022500752,4,DEN,CHI,PT07M30.00S,450.0,5,0,1
0022500753,2,LAL,GSW,PT01M01.00S,61.0,5,1,1
0022500753,3,LAL,GSW,PT07M05.00S,425.0,5,0,1
0022500753,4,LAL,GSW,PT03M41.00S,221.0,5,0,1
0022500754,1,PHX,PHI,PT01M37.00S,97.0,5,1,1
0022500754,2,PHI,PHX,PT02M53.00S,173.0,5,0,1
0022500754,3,PHX,PHI,PT04M06.00S,246.0,5,0,1
0022500754,4,PHI,PHX,PT02M27.00S,147.0,5,0,1
0022500754,4,PHX,PHI,PT01M04.00S,64.0,4,2,0
0022500755,2,MEM,POR,PT01M56.00S,116.0,5,1,1
0022500755,3,MEM,POR,PT00M23.30S,23.3,4,2,1
0022500755,4,MEM,POR,PT05M37.00S,337.0,5,0,1
0022500755,4,POR,MEM,PT00M26.70S,26.7,5,2,0
0022500756,2,CLE,SAC,PT03M27.00S,207.0,5,0,1
0022500756,4,CLE,SAC,PT03M43.00S,223.0,5,0,1
0022500757,2,NYK,BOS,PT05M43.00S,343.0,5,0,1
0022500757,2,BOS,NYK,PT00M56.90S,56.9,5,2,0
0022500757,3,NYK,BOS,PT03M47.00S,227.0,5,0,1
0022500758,1,MIA,WAS,PT01M14.00S,74.0,5,1,1
0022500758,2,WAS,MIA,PT02M36.00S,156.0,5,0,1
0022500758,2,MIA,WAS,PT01M03.00S,63.0,4,2,0
0022500758,4,WAS,MIA,PT03M43.00S,223.0,5,0,1
0022500759,1,TOR,IND,PT00M56.10S,56.1,5,1,1
0022500759,2,IND,TOR,PT04M10.00S,250.0,5,0,1
0022500759,3,TOR,IND,PT00M59.10S,59.1,5,2,1
0022500759,4,TOR,IND,PT05M48.00S,348.0,5,0,1
0022500759,4,IND,TOR,PT00M53.60S,53.6,5,1,0
0022500760,3,LAC,MIN,PT00M56.70S,56.7,4,2,1
0022500760,4,LAC,MIN,PT08M07.00S,487.0,5,0,1
0022500760,4,MIN,LAC,PT05M58.00S,358.0,5,0,0
0022500761,1,CHA,DET,PT02M41.00S,161.0,5,0,1
0022500761,1,DET,CHA,PT01M39.00S,99.0,5,1,0
0022500761,2,DET,CHA,PT02M04.00S,124.0,5,0,1
0022500761,3,DET,CHA,PT04M42.00S,282.0,5,0,1
0022500761,3,CHA,DET,PT01M56.00S,116.0,5,1,0
0022500761,4,CHA,DET,PT01M36.00S,96.0,5,1,1
0022500761,4,DET,CHA,PT00M31.30S,31.3,5,2,0
0022500762,1,BKN,CHI,PT01M38.00S,98.0,5,1,1
0022500762,2,CHI,BKN,PT00M31.50S,31.5,5,2,1
0022500762,3,BKN,CHI,PT06M01.00S,361.0,5,0,1
0022500762,3,CHI,BKN,PT02M50.00S,170.0,5,0,0
0022500762,4,CHI,BKN,PT05M07.00S,307.0,5,0,1
0022500762,4,BKN,CHI,PT02M55.00S,175.0,5,0,0
0022500763,1,UTA,MIA,PT02M36.00S,156.0,5,0,1
0022500763,2,MIA,UTA,PT03M09.00S,189.0,5,0,1
0022500763,2,UTA,MIA,PT02M24.00S,144.0,5,0,0
0022500763,3,MIA,UTA,PT06M12.00S,372.0,5,0,1
0022500763,3,UTA,MIA,PT01M22.00S,82.0,5,1,0
0022500763,4,MIA,UTA,PT04M55.00S,295.0,5,0,1
0022500763,4,UTA,MIA,PT00M03.00S,3.0,5,2,0
0022500764,1,MIL,ORL,PT00M35.20S,35.2,5,1,1
0022500764,2,ORL,MIL,PT02M50.00S,170.0,5,0,1
0022500764,2,MIL,ORL,PT00M37.50S,37.5,5,2,0
0022500764,4,ORL,MIL,PT02M11.00S,131.0,5,0,1
0022500765,1,MIN,ATL,PT05M04.00S,304.0,5,0,1
0022500765,2,ATL,MIN,PT07M13.00S,433.0,5,0,1
0022500765,3,MIN,ATL,PT05M00.00S,300.0,5,0,1
0022500765,4,ATL,MIN,PT06M35.00S,395.0,5,0,1
0022500765,4,MIN,ATL,PT03M27.00S,207.0,5,0,0
0022500766,3,NOP,SAC,PT01M01.00S,61.0,5,1,1
0022500767,1,DEN,CLE,PT03M34.00S,214.0,5,0,1
0022500767,2,CLE,DEN,PT03M08.00S,188.0,5,0,1
0022500767,3,DEN,CLE,PT03M43.00S,223.0,5,0,1
0022500767,3,CLE,DEN,PT02M49.00S,169.0,5,0,0
0022500767,4,DEN,CLE,PT07M28.00S,448.0,5,0,1
0022500767,4,CLE,DEN,PT00M00.90S,0.9,4,2,0
0022500768,1,MEM,GSW,PT06M21.00S,381.0,5,0,1
0022500768,1,GSW,MEM,PT05M04.00S,304.0,5,0,0
0022500768,2,GSW,MEM,PT00M00.90S,0.9,5,2,1
0022500768,3,MEM,GSW,PT05M16.00S,316.0,5,0,1
0022500768,3,GSW,MEM,PT00M28.30S,28.3,3,2,0
0022500769,2,OKC,LAL,PT03M48.00S,228.0,5,0,1
0022500769,3,LAL,OKC,PT05M47.00S,347.0,5,0,1
0022500769,3,OKC,LAL,PT05M00.00S,300.0,5,0,0
0022500769,4,OKC,LAL,PT00M35.90S,35.9,4,2,1
0022500770,1,PHI,POR,PT00M27.60S,27.6,5,1,1
0022500770,2,PHI,POR,PT00M54.80S,54.8,5,1,1
0022500770,2,POR,PHI,PT00M03.10S,3.1,5,1,0
0022500770,3,POR,PHI,PT03M56.00S,236.0,5,0,1
0022500770,3,PHI,POR,PT02M56.00S,176.0,5,0,0
0022500770,4,PHI,POR,PT03M01.00S,181.0,5,0,1
0022500771,1,NYK,IND,PT00M20.10S,20.1,3,2,1
0022500771,2,IND,NYK,PT07M27.00S,447.0,5,0,1
0022500771,2,NYK,IND,PT02M47.00S,167.0,5,0,0
0022500771,3,NYK,IND,PT01M10.00S,70.0,5,1,1
0022500771,4,IND,NYK,PT05M05.00S,305.0,5,0,1
0022500771,4,NYK,IND,PT00M06.20S,6.2,5,2,0
0022500771,5,IND,NYK,PT00M24.30S,24.3,3,2,1
0022500771,5,NYK,IND,PT00M01.00S,1.0,2,2,0
0022500772,4,LAC,HOU,PT06M17.00S,377.0,5,0,1
0022500772,4,HOU,LAC,PT00M48.50S,48.5,5,1,0
0022500773,1,DAL,PHX,PT02M21.00S,141.0,5,0,1
0022500773,2,DAL,PHX,PT00M55.20S,55.2,5,1,1
0022500773,3,DAL,PHX,PT03M09.00S,189.0,5,0,1
0022500773,4,DAL,PHX,PT08M07.00S,487.0,5,0,1
0022500774,1,SAS,LAL,PT07M26.00S,446.0,5,0,1
0022500774,2,SAS,LAL,PT00M06.00S,6.0,5,2,1
0022500774,4,LAL,SAS,PT08M38.00S,518.0,5,0,1
0022500775,1,ATL,CHA,PT03M51.00S,231.0,5,0,1
0022500775,2,CHA,ATL,PT05M04.00S,304.0,5,0,1
0022500775,3,ATL,CHA,PT03M25.00S,205.0,5,0,1
0022500775,3,CHA,ATL,PT03M10.00S,190.0,5,0,0
0022500775,4,ATL,CHA,PT01M39.00S,99.0,5,1,1
0022500775,4,CHA,ATL,PT00M19.40S,19.4,5,2,0
0022500776,1,WAS,CLE,PT04M53.00S,293.0,5,0,1
0022500776,1,CLE,WAS,PT04M46.00S,286.0,5,0,0
0022500776,2,CLE,WAS,PT03M33.00S,213.0,5,0,1
0022500776,3,CLE,WAS,PT06M34.00S,394.0,5,0,1
0022500777,1,MIL,ORL,PT01M41.00S,101.0,5,1,1
0022500777,2,ORL,MIL,PT01M22.00S,82.0,4,2,1
0022500777,3,MIL,ORL,PT05M44.00S,344.0,5,0,1
0022500777,4,MIL,ORL,PT05M42.00S,342.0,5,0,1
0022500777,4,ORL,MIL,PT02M16.00S,136.0,5,0,0
0022500778,2,BOS,CHI,PT03M15.00S,195.0,5,0,1
0022500778,3,BOS,CHI,PT01M05.00S,65.0,2,2,1
0022500778,4,CHI,BOS,PT01M32.00S,92.0,5,1,1
0022500778,4,BOS,CHI,PT01M18.00S,78.0,5,1,0
0022500779,1,BKN,IND,PT00M00.20S,0.2,4,2,1
0022500779,2,IND,BKN,PT00M45.20S,45.2,5,2,1
0022500779,3,BKN,IND,PT02M28.00S,148.0,5,0,1
0022500779,4,IND,BKN,PT02M17.00S,137.0,5,0,1
0022500780,2,PHI,NYK,PT00M54.10S,54.1,5,1,1
0022500780,3,NYK,PHI,PT02M46.00S,166.0,5,0,1
0022500780,3,PHI,NYK,PT01M00.00S,60.0,5,2,0
0022500781,1,DET,TOR,PT01M21.00S,81.0,5,1,1
0022500781,2,TOR,DET,PT06M33.00S,393.0,5,0,1
0022500781,2,DET,TOR,PT06M14.00S,374.0,5,0,0
0022500781,3,DET,TOR,PT03M56.00S,236.0,5,0,1
0022500781,4,TOR,DET,PT01M36.00S,96.0,5,1,1
0022500782,3,HOU,LAC,PT04M19.00S,259.0,5,0,1
0022500782,3,LAC,HOU,PT00M25.90S,25.9,3,2,0
0022500782,4,LAC,HOU,PT03M10.00S,190.0,5,0,1
0022500782,4,HOU,LAC,PT00M07.20S,7.2,5,2,0
0022500783,3,MIN,POR,PT04M33.00S,273.0,5,0,1
0022500783,3,POR,MIN,PT02M29.00S,149.0,5,0,0
0022500783,4,MIN,POR,PT06M12.00S,372.0,5,0,1
0022500784,1,MIA,NOP,PT00M34.90S,34.9,3,2,1
0022500784,2,MIA,NOP,PT01M37.00S,97.0,5,2,1
0022500784,3,MIA,NOP,PT04M51.00S,291.0,5,0,1
0022500784,4,MIA,NOP,PT07M33.00S,453.0,5,0,1
0022500785,1,OKC,PHX,PT00M02.20S,2.2,3,2,1
0022500785,2,OKC,PHX,PT06M13.00S,373.0,5,0,1
0022500786,2,SAC,UTA,PT03M53.00S,233.0,5,0,1
0022500786,2,UTA,SAC,PT03M35.00S,215.0,5,0,0
0022500786,3,SAC,UTA,PT04M09.00S,249.0,5,0,1
0022500787,1,DEN,MEM,PT01M43.00S,103.0,5,1,1
0022500787,2,DEN,MEM,PT05M09.00S,309.0,5,0,1
0022500787,3,DEN,MEM,PT05M19.00S,319.0,5,0,1
0022500787,3,MEM,DEN,PT00M49.80S,49.8,5,1,0
0022500787,4,DEN,MEM,PT05M29.00S,329.0,5,0,1
0022500787,4,MEM,DEN,PT00M09.40S,9.4,5,1,0
0022500788,2,SAS,GSW,PT08M50.00S,530.0,5,0,1
0022500788,2,GSW,SAS,PT02M42.00S,162.0,5,0,0
0022500788,3,GSW,SAS,PT02M16.00S,136.0,5,0,1
0022500788,3,SAS,GSW,PT00M47.90S,47.9,5,2,0
0022500788,4,GSW,SAS,PT03M04.00S,184.0,5,0,1
0022500788,4,SAS,GSW,PT01M04.00S,64.0,5,1,0
0022500789,2,MIL,OKC,PT03M24.00S,204.0,5,0,1
0022500789,4,OKC,MIL,PT00M41.20S,41.2,3,2,1
0022500790,1,UTA,POR,PT03M53.00S,233.0,5,0,1
0022500790,2,UTA,POR,PT03M22.00S,202.0,5,0,1
0022500790,3,POR,UTA,PT05M09.00S,309.0,5,0,1
0022500790,3,UTA,POR,PT04M58.00S,298.0,5,0,0
0022500791,1,LAL,DAL,PT00M59.70S,59.7,5,2,1
0022500791,2,LAL,DAL,PT04M19.00S,259.0,5,0,1
0022500791,2,DAL,LAL,PT02M51.00S,171.0,5,0,0
0022500791,4,DAL,LAL,PT06M38.00S,398.0,5,0,1
0022500791,4,LAL,DAL,PT03M35.00S,215.0,5,0,0
0022500792,1,HOU,CHA,PT00M33.50S,33.5,2,2,1
0022500792,2,HOU,CHA,PT00M55.50S,55.5,5,1,1
0022500792,3,CHA,HOU,PT00M31.80S,31.8,5,1,1
0022500792,4,HOU,CHA,PT00M03.20S,3.2,3,2,1
0022500793,1,CLE,BKN,PT04M29.00S,269.0,5,0,1
0022500793,2,CLE,BKN,PT04M25.00S,265.0,5,0,1
0022500793,4,BKN,CLE,PT01M09.00S,69.0,5,1,1
0022500794,1,ATL,PHI,PT03M35.00S,215.0,5,0,1
0022500794,2,ATL,PHI,PT05M54.00S,354.0,5,0,1
0022500794,2,PHI,ATL,PT05M12.00S,312.0,5,0,0
0022500794,3,PHI,ATL,PT04M29.00S,269.0,5,0,1
0022500794,3,ATL,PHI,PT00M27.00S,27.0,5,1,0
0022500794,4,PHI,ATL,PT02M28.00S,148.0,5,0,1
0022500794,4,ATL,PHI,PT01M30.00S,90.0,5,1,0
0022500795,1,WAS,IND,PT01M26.00S,86.0,5,1,1
0022500795,3,WAS,IND,PT06M20.00S,380.0,5,0,1
0022500795,3,IND,WAS,PT02M26.00S,146.0,5,0,0
0022500795,4,WAS,IND,PT00M10.50S,10.5,5,2,1
0022500796,1,DET,NYK,PT04M41.00S,281.0,5,0,1
0022500796,1,NYK,DET,PT00M47.80S,47.8,4,2,0
0022500796,2,DET,NYK,PT01M53.00S,113.0,5,1,1
0022500796,2,NYK,DET,PT01M19.00S,79.0,5,1,0
0022500796,3,NYK,DET,PT07M30.00S,450.0,5,0,1
0022500796,4,DET,NYK,PT03M43.00S,223.0,5,0,1
0022500797,1,CHI,TOR,PT04M04.00S,244.0,5,0,1
0022500797,1,TOR,CHI,PT01M19.00S,79.0,3,2,0
0022500797,3,TOR,CHI,PT05M09.00S,309.0,5,0,1
0022500797,3,CHI,TOR,PT03M47.00S,227.0,5,0,0
0022500797,4,TOR,CHI,PT01M18.00S,78.0,5,1,1
0022500798,2,SAS,PHX,PT01M15.00S,75.0,5,1,1
0022500800,2,SAC,ORL,PT04M11.00S,251.0,5,0,1
0022500800,3,SAC,ORL,PT01M32.00S,92.0,5,1,1
0022500800,3,ORL,SAC,PT00M05.00S,5.0,3,2,0
0022500801,3,DEN,LAC,PT01M45.00S,105.0,5,1,1
0022500801,4,LAC,DEN,PT08M16.00S,496.0,5,0,1
0022500801,4,DEN,LAC,PT05M13.00S,313.0,5,0,0
0022500802,1,CLE,CHA,PT04M38.00S,278.0,5,0,1
0022500802,2,CHA,CLE,PT01M38.00S,98.0,5,1,1
0022500802,3,CLE,CHA,PT04M38.00S,278.0,5,0,1
0022500802,3,CHA,CLE,PT00M14.30S,14.3,5,1,0
0022500802,4,CHA,CLE,PT01M28.00S,88.0,5,1,1
0022500802,4,CLE,CHA,PT00M23.20S,23.2,5,2,0
0022500803,1,IND,WAS,PT02M43.00S,163.0,5,0,1
0022500804,1,MEM,UTA,PT01M57.00S,117.0,5,1,1
0022500804,2,MEM,UTA,PT03M16.00S,196.0,5,0,1
0022500804,2,UTA,MEM,PT01M27.00S,87.0,5,1,0
0022500804,3,MEM,UTA,PT02M28.00S,148.0,5,0,1
0022500804,4,UTA,MEM,PT01M51.00S,111.0,5,1,1
0022500804,4,MEM,UTA,PT00M41.30S,41.3,4,2,0
0022500805,2,ATL,MIA,PT02M12.00S,132.0,5,0,1
0022500805,4,MIA,ATL,PT02M32.00S,152.0,5,0,1
0022500805,4,ATL,MIA,PT01M10.00S,70.0,4,2,0
0022500806,1,DAL,MIN,PT02M10.00S,130.0,5,0,1
0022500806,1,MIN,DAL,PT00M00.30S,0.3,5,2,0
0022500806,2,MIN,DAL,PT04M03.00S,243.0,5,0,1
0022500806,2,DAL,MIN,PT03M34.00S,214.0,5,0,0
0022500806,3,DAL,MIN,PT03M59.00S,239.0,5,0,1
0022500807,1,MIL,NOP,PT00M08.10S,8.1,4,2,1
0022500807,1,NOP,MIL,PT00M03.40S,3.4,4,2,0
0022500807,3,NOP,MIL,PT07M10.00S,430.0,5,0,1
0022500807,4,MIL,NOP,PT01M04.00S,64.0,5,1,1
0022500808,1,OKC,BKN,PT00M42.90S,42.9,5,1,1
0022500808,2,OKC,BKN,PT02M18.00S,138.0,5,0,1
0022500808,3,BKN,OKC,PT04M04.00S,244.0,5,0,1
0022500808,3,OKC,BKN,PT00M34.20S,34.2,4,2,0
0022500808,4,OKC,BKN,PT01M24.00S,84.0,5,1,1
0022500808,4,BKN,OKC,PT00M48.20S,48.2,5,1,0
0022500809,2,LAC,LAL,PT05M01.00S,301.0,5,0,1
0022500809,3,LAL,LAC,PT05M16.00S,316.0,5,0,1
0022500809,3,LAC,LAL,PT01M10.00S,70.0,4,2,0
0022500809,4,LAC,LAL,PT04M25.00S,265.0,5,0,1
0022500809,4,LAL,LAC,PT00M59.10S,59.1,5,2,0
0022500810,2,DEN,POR,PT03M26.00S,206.0,5,0,1
0022500810,3,DEN,POR,PT04M43.00S,283.0,5,0,1
0022500810,3,POR,DEN,PT02M04.00S,124.0,5,0,0
0022500810,4,POR,DEN,PT06M56.00S,416.0,5,0,1
0022500811,2,ORL,PHX,PT07M07.00S,427.0,5,0,1
0022500811,3,PHX,ORL,PT01M25.00S,85.0,5,1,1
0022500811,4,ORL,PHX,PT02M59.00S,179.0,5,0,1
0022500812,1,PHI,NOP,PT03M01.00S,181.0,5,0,1
0022500812,1,NOP,PHI,PT00M28.70S,28.7,5,1,0
0022500812,2,NOP,PHI,PT02M31.00S,151.0,5,0,1
0022500812,2,PHI,NOP,PT00M36.70S,36.7,5,2,0
0022500812,3,NOP,PHI,PT01M23.00S,83.0,5,2,1
0022500812,3,PHI,NOP,PT00M01.80S,1.8,5,1,0
0022500812,4,NOP,PHI,PT04M26.00S,266.0,5,0,1
0022500812,4,PHI,NOP,PT02M54.00S,174.0,5,0,0
0022500813,1,MIA,MEM,PT04M12.00S,252.0,5,0,1
0022500813,2,MIA,MEM,PT03M13.00S,193.0,5,0,1
0022500813,3,MIA,MEM,PT06M25.00S,385.0,5,0,1
0022500813,3,MEM,MIA,PT05M17.00S,317.0,5,0,0
0022500813,4,MEM,MIA,PT00M50.60S,50.6,5,2,1
0022500814,1,CHI,DET,PT00M49.30S,49.3,5,1,1
0022500814,2,CHI,DET,PT02M01.00S,121.0,5,0,1
0022500814,3,DET,CHI,PT02M44.00S,164.0,5,0,1
0022500814,4,CHI,DET,PT02M06.00S,126.0,5,0,1
0022500815,2,SAS,SAC,PT05M17.00S,317.0,5,0,1
0022500815,2,SAC,SAS,PT01M08.00S,68.0,5,1,0
0022500815,3,SAS,SAC,PT06M45.00S,405.0,5,0,1
0022500815,4,SAC,SAS,PT03M54.00S,234.0,5,0,1
0022500816,1,NYK,HOU,PT00M04.60S,4.6,3,2,1
0022500816,2,HOU,NYK,PT00M14.70S,14.7,5,2,1
0022500816,3,HOU,NYK,PT03M34.00S,214.0,5,0,1
0022500816,3,NYK,HOU,PT00M58.50S,58.5,5,1,0
0022500816,4,NYK,HOU,PT00M05.40S,5.4,4,2,1
0022500817,1,CLE,OKC,PT00M21.60S,21.6,5,2,1
0022500817,2,CLE,OKC,PT01M48.00S,108.0,5,1,1
0022500817,2,OKC,CLE,PT01M00.00S,60.0,5,1,0
0022500817,3,OKC,CLE,PT07M01.00S,421.0,5,0,1
0022500817,4,OKC,CLE,PT00M21.00S,21.0,3,2,1
0022500818,2,ATL,BKN,PT00M23.70S,23.7,5,2,1
0022500818,4,ATL,BKN,PT00M58.90S,58.9,5,2,1
0022500819,1,MIL,TOR,PT03M10.00S,190.0,5,0,1
0022500819,2,MIL,TOR,PT01M17.00S,77.0,4,2,1
0022500819,2,TOR,MIL,PT00M36.10S,36.1,5,2,0
0022500819,3,TOR,MIL,PT00M56.30S,56.3,4,2,1
0022500819,4,MIL,TOR,PT00M36.60S,36.6,5,1,1
0022500820,1,DEN,GSW,PT02M16.00S,136.0,5,0,1
0022500820,2,DEN,GSW,PT03M31.00S,211.0,5,0,1
0022500820,2,GSW,DEN,PT00M04.80S,4.8,4,2,0
0022500820,3,DEN,GSW,PT07M30.00S,450.0,5,0,1
0022500821,1,DAL,IND,PT04M17.00S,257.0,5,0,1
0022500821,4,DAL,IND,PT00M33.40S,33.4,4,2,1
0022500821,4,IND,DAL,PT00M20.30S,20.3,4,2,0
0022500822,1,CHA,WAS,PT02M22.00S,142.0,5,0,1
0022500822,2,CHA,WAS,PT05M16.00S,316.0,5,0,1
0022500822,2,WAS,CHA,PT01M26.00S,86.0,5,1,0
0022500823,1,LAL,BOS,PT00M00.90S,0.9,3,2,1
0022500823,2,BOS,LAL,PT07M12.00S,432.0,5,0,1
0022500823,3,LAL,BOS,PT01M02.00S,62.0,5,2,1
0022500824,1,PHI,MIN,PT06M26.00S,386.0,5,0,1
0022500824,2,MIN,PHI,PT01M28.00S,88.0,5,1,1
0022500824,2,PHI,MIN,PT00M36.40S,36.4,4,2,0
0022500824,3,MIN,PHI,PT04M00.00S,240.0,5,0,1
0022500824,4,MIN,PHI,PT05M56.00S,356.0,5,0,1
0022500825,1,CHI,NYK,PT00M05.40S,5.4,5,1,1
0022500825,2,NYK,CHI,PT01M48.00S,108.0,5,1,1
0022500825,2,CHI,NYK,PT00M00.20S,0.2,3,2,0
0022500825,4,NYK,CHI,PT00M21.60S,21.6,3,2,1
0022500826,3,POR,PHX,PT00M57.80S,57.8,5,1,1
0022500826,3,PHX,POR,PT00M09.30S,9.3,2,2,0
0022500827,2,LAC,ORL,PT03M59.00S,239.0,5,0,1
0022500827,2,ORL,LAC,PT01M58.00S,118.0,5,1,0
0022500827,3,ORL,LAC,PT01M07.00S,67.0,5,1,1
0022500827,4,ORL,LAC,PT06M26.00S,386.0,5,0,1
0022500827,4,LAC,ORL,PT04M49.00S,289.0,5,0,0
0022500828,1,SAS,DET,PT03M51.00S,231.0,5,0,1
0022500828,2,SAS,DET,PT00M00.70S,0.7,5,1,1
0022500828,3,DET,SAS,PT03M41.00S,221.0,5,0,1
0022500828,4,DET,SAS,PT04M00.00S,240.0,5,0,1
0022500828,4,SAS,DET,PT01M11.00S,71.0,4,2,0
0022500829,2,SAC,MEM,PT00M03.90S,3.9,5,2,1
0022500829,3,SAC,MEM,PT00M56.70S,56.7,5,1,1
0022500829,3,MEM,SAC,PT00M05.00S,5.0,4,2,0
0022500829,4,MEM,SAC,PT04M54.00S,294.0,5,0,1
0022500830,1,UTA,HOU,PT00M25.70S,25.7,5,1,1
0022500830,2,UTA,HOU,PT02M15.00S,135.0,5,0,1
0022500830,3,UTA,HOU,PT00M10.80S,10.8,5,2,1
0022500830,4,HOU,UTA,PT01M04.00S,64.0,4,2,1
0022500830,4,UTA,HOU,PT00M57.90S,57.9,4,2,0
0022500831,1,IND,PHI,PT01M14.00S,74.0,5,2,1
0022500831,2,PHI,IND,PT05M38.00S,338.0,5,0,1
0022500831,2,IND,PHI,PT00M00.50S,0.5,4,2,0
0022500831,3,PHI,IND,PT00M05.20S,5.2,4,2,1
0022500831,4,IND,PHI,PT04M27.00S,267.0,5,0,1
0022500831,4,PHI,IND,PT00M43.50S,43.5,5,1,0
0022500832,1,ATL,WAS,PT00M04.50S,4.5,4,2,1
0022500832,2,ATL,WAS,PT06M22.00S,382.0,5,0,1
0022500832,2,WAS,ATL,PT05M48.00S,348.0,5,0,0
0022500832,3,ATL,WAS,PT01M04.00S,64.0,3,2,1
0022500832,4,WAS,ATL,PT03M03.00S,183.0,5,0,1
0022500832,4,ATL,WAS,PT01M47.00S,107.0,5,1,0
0022500833,1,BKN,DAL,PT05M19.00S,319.0,5,0,1
0022500833,1,DAL,BKN,PT03M28.00S,208.0,5,0,0
0022500833,2,DAL,BKN,PT05M05.00S,305.0,5,0,1
0022500833,3,DAL,BKN,PT00M46.10S,46.1,3,2,1
0022500833,4,BKN,DAL,PT00M50.60S,50.6,5,2,1
0022500833,4,DAL,BKN,PT00M30.60S,30.6,5,1,0
0022500834,1,TOR,OKC,PT01M49.00S,109.0,4,2,1
0022500834,2,OKC,TOR,PT04M06.00S,246.0,5,0,1
0022500834,3,OKC,TOR,PT01M55.00S,115.0,5,1,1
0022500834,4,TOR,OKC,PT00M58.90S,58.9,5,1,1
0022500835,2,CLE,NYK,PT08M25.00S,505.0,5,0,1
0022500835,3,NYK,CLE,PT06M27.00S,387.0,5,0,1
0022500835,4,CLE,NYK,PT05M43.00S,343.0,5,0,1
0022500836,3,CHI,CHA,PT00M21.90S,21.9,4,2,1
0022500837,1,MIL,MIA,PT01M50.00S,110.0,5,1,1
0022500837,3,MIA,MIL,PT01M34.00S,94.0,5,1,1
0022500837,4,MIA,MIL,PT04M56.00S,296.0,5,0,1
0022500837,4,MIL,MIA,PT03M47.00S,227.0,5,0,0
0022500838,2,NOP,GSW,PT04M54.00S,294.0,5,0,1
0022500838,4,NOP,GSW,PT04M27.00S,267.0,5,0,1
0022500838,4,GSW,NOP,PT04M10.00S,250.0,5,0,0
0022500839,1,PHX,BOS,PT00M11.00S,11.0,5,1,1
0022500839,2,BOS,PHX,PT06M57.00S,417.0,5,0,1
0022500840,1,LAL,ORL,PT01M07.00S,67.0,5,2,1
0022500840,2,LAL,ORL,PT00M28.30S,28.3,5,1,1
0022500840,2,ORL,LAL,PT00M10.40S,10.4,5,1,0
0022500840,3,LAL,ORL,PT01M23.00S,83.0,5,1,1
0022500840,3,ORL,LAL,PT00M26.80S,26.8,5,1,0
0022500841,1,POR,MIN,PT00M50.70S,50.7,5,2,1
0022500841,2,POR,MIN,PT06M03.00S,363.0,5,0,1
0022500841,2,MIN,POR,PT01M42.00S,102.0,5,1,0
0022500841,4,POR,MIN,PT05M54.00S,354.0,5,0,1
0022500841,4,MIN,POR,PT00M18.60S,18.6,5,2,0
0022500842,1,OKC,DET,PT00M04.50S,4.5,3,2,1
0022500842,2,DET,OKC,PT03M28.00S,208.0,5,0,1
0022500842,3,DET,OKC,PT03M32.00S,212.0,5,0,1
0022500842,3,OKC,DET,PT00M49.20S,49.2,5,2,0
0022500842,4,OKC,DET,PT05M06.00S,306.0,5,0,1
0022500842,4,DET,OKC,PT00M20.90S,20.9,5,2,0
0022500843,2,SAS,TOR,PT00M32.00S,32.0,5,1,1
0022500843,3,SAS,TOR,PT07M00.00S,420.0,5,0,1
0022500843,3,TOR,SAS,PT05M45.00S,345.0,5,0,0
0022500843,4,TOR,SAS,PT07M05.00S,425.0,5,0,1
0022500843,4,SAS,TOR,PT00M16.10S,16.1,5,2,0
0022500844,1,MEM,GSW,PT01M43.00S,103.0,5,1,1
0022500844,2,GSW,MEM,PT04M11.00S,251.0,5,0,1
0022500844,3,GSW,MEM,PT01M00.00S,60.0,2,2,1
0022500844,4,GSW,MEM,PT02M36.00S,156.0,5,0,1
0022500844,4,MEM,GSW,PT01M35.00S,95.0,5,1,0
0022500845,1,HOU,SAC,PT01M00.00S,60.0,3,2,1
0022500845,2,SAC,HOU,PT02M58.00S,178.0,5,0,1
0022500845,2,HOU,SAC,PT01M22.00S,82.0,5,1,0
0022500845,3,HOU,SAC,PT01M58.00S,118.0,5,1,1
0022500846,2,CLE,MIL,PT00M55.20S,55.2,4,2,1
0022500846,3,CLE,MIL,PT06M51.00S,411.0,5,0,1
0022500846,4,CLE,MIL,PT05M03.00S,303.0,5,0,1
0022500847,1,DEN,BOS,PT00M10.60S,10.6,4,2,1
0022500847,2,DEN,BOS,PT05M25.00S,325.0,5,0,1
0022500847,3,BOS,DEN,PT07M55.00S,475.0,5,0,1
0022500848,2,IND,CHA,PT01M10.00S,70.0,5,2,1
0022500848,4,IND,CHA,PT02M11.00S,131.0,5,0,1
0022500849,1,MIA,PHI,PT05M55.00S,355.0,5,0,1
0022500849,2,MIA,PHI,PT01M08.00S,68.0,4,2,1
0022500849,2,PHI,MIA,PT00M50.20S,50.2,5,2,0
0022500850,2,ATL,WAS,PT02M10.00S,130.0,5,0,1
0022500850,3,ATL,WAS,PT06M35.00S,395.0,5,0,1
0022500850,4,ATL,WAS,PT00M59.80S,59.8,5,2,1
0022500851,1,SAS,BKN,PT03M29.00S,209.0,5,0,1
0022500851,2,BKN,SAS,PT01M52.00S,112.0,5,1,1
0022500851,4,BKN,SAS,PT01M42.00S,102.0,5,1,1
0022500852,1,ORL,HOU,PT06M10.00S,370.0,5,0,1
0022500852,1,HOU,ORL,PT03M47.00S,227.0,5,0,0
0022500852,3,HOU,ORL,PT01M33.00S,93.0,5,1,1
0022500852,4,HOU,ORL,PT00M10.10S,10.1,2,2,1
0022500853,1,CHI,POR,PT08M18.00S,498.0,5,0,1
0022500853,4,POR,CHI,PT05M16.00S,316.0,5,0,1
0022500854,1,DAL,SAC,PT01M54.00S,114.0,5,1,1
0022500854,2,DAL,SAC,PT02M19.00S,139.0,5,0,1
0022500854,3,DAL,SAC,PT00M28.20S,28.2,5,1,1
0022500854,4,DAL,SAC,PT03M05.00S,185.0,5,0,1
0022500854,4,SAC,DAL,PT02M05.00S,125.0,5,0,0
0022500855,2,LAL,PHX,PT03M05.00S,185.0,5,0,1
0022500855,3,LAL,PHX,PT02M59.00S,179.0,5,0,1
0022500855,3,PHX,LAL,PT02M41.00S,161.0,5,0,0
0022500855,4,LAL,PHX,PT04M21.00S,261.0,5,0,1
0022500855,4,PHX,LAL,PT01M49.00S,109.0,5,1,0
0022500856,1,NOP,UTA,PT04M08.00S,248.0,5,0,1
0022500856,1,UTA,NOP,PT02M03.00S,123.0,5,0,0
0022500856,2,NOP,UTA,PT04M42.00S,282.0,5,0,1
0022500856,2,UTA,NOP,PT01M38.00S,98.0,5,1,0
0022500856,3,UTA,NOP,PT04M05.00S,245.0,5,0,1
0022500856,4,NOP,UTA,PT04M25.00S,265.0,5,0,1
0022500857,1,MIN,LAC,PT01M18.00S,78.0,5,1,1
0022500857,1,LAC,MIN,PT00M47.00S,47.0,5,1,0
0022500857,3,LAC,MIN,PT03M20.00S,200.0,5,0,1
0022500857,4,MIN,LAC,PT00M12.10S,12.1,5,2,1
0022500858,1,CLE,DET,PT00M29.50S,29.5,5,1,1
0022500858,2,CLE,DET,PT03M21.00S,201.0,5,0,1
0022500858,3,CLE,DET,PT01M50.00S,110.0,5,1,1
0022500858,3,DET,CLE,PT00M43.40S,43.4,5,2,0
0022500858,4,DET,CLE,PT05M33.00S,333.0,5,0,1
0022500858,4,CLE,DET,PT01M56.00S,116.0,5,1,0
0022500859,1,BKN,BOS,PT00M34.10S,34.1,5,2,1
0022500859,2,BOS,BKN,PT01M58.00S,118.0,5,1,1
0022500859,2,BKN,BOS,PT00M51.00S,51.0,5,1,0
0022500859,3,BOS,BKN,PT04M24.00S,264.0,5,0,1
0022500859,4,BOS,BKN,PT04M43.00S,283.0,5,0,1
0022500860,1,MIL,NYK,PT00M52.50S,52.5,3,2,1
0022500860,2,MIL,NYK,PT05M30.00S,330.0,5,0,1
0022500860,2,NYK,MIL,PT01M51.00S,111.0,3,2,0
0022500861,1,DAL,MEM,PT03M13.00S,193.0,5,0,1
0022500861,1,MEM,DAL,PT00M47.80S,47.8,2,2,0
0022500861,2,MEM,DAL,PT01M12.00S,72.0,4,2,1
0022500861,3,DAL,MEM,PT02M13.00S,133.0,5,0,1
0022500861,4,DAL,MEM,PT02M44.00S,164.0,5,0,1
0022500862,1,DEN,OKC,PT04M48.00S,288.0,5,0,1
0022500862,2,OKC,DEN,PT01M39.00S,99.0,2,2,1
0022500862,3,OKC,DEN,PT01M01.00S,61.0,4,2,1
0022500862,4,DEN,OKC,PT05M34.00S,334.0,5,0,1
0022500862,5,OKC,DEN,PT01M57.00S,117.0,3,2,1
0022500863,1,CHA,POR,PT00M45.50S,45.5,4,2,1
0022500863,1,POR,CHA,PT00M15.70S,15.7,2,2,0
0022500863,2,POR,CHA,PT03M28.00S,208.0,5,0,1
0022500863,2,CHA,POR,PT00M33.80S,33.8,5,1,0
0022500863,3,POR,CHA,PT02M28.00S,148.0,5,0,1
0022500863,3,CHA,POR,PT02M13.00S,133.0,5,0,0
0022500864,1,HOU,MIA,PT02M24.00S,144.0,5,0,1
0022500864,2,MIA,HOU,PT00M35.00S,35.0,4,2,1
0022500864,3,HOU,MIA,PT04M16.00S,256.0,5,0,1
0022500864,4,MIA,HOU,PT02M24.00S,144.0,5,0,1
0022500865,1,TOR,WAS,PT06M57.00S,417.0,5,0,1
0022500865,2,TOR,WAS,PT06M20.00S,380.0,5,0,1
0022500865,2,WAS,TOR,PT02M12.00S,132.0,5,0,0
0022500865,3,WAS,TOR,PT09M08.00S,548.0,5,0,1
0022500865,3,TOR,WAS,PT02M03.00S,123.0,5,0,0
0022500866,2,LAL,GSW,PT00M18.00S,18.0,4,2,1
0022500866,3,LAL,GSW,PT03M11.00S,191.0,5,0,1
0022500866,4,LAL,GSW,PT02M52.00S,172.0,5,0,1
0022500867,1,NOP,UTA,PT05M22.00S,322.0,5,0,1
0022500867,2,NOP,UTA,PT05M11.00S,311.0,5,0,1
0022500867,3,UTA,NOP,PT01M45.00S,105.0,5,1,1
0022500867,4,UTA,NOP,PT04M54.00S,294.0,5,0,1
0022500867,4,NOP,UTA,PT00M40.80S,40.8,5,2,0
0022500868,1,NYK,SAS,PT01M08.00S,68.0,4,2,1
0022500868,3,SAS,NYK,PT03M04.00S,184.0,5,0,1
0022500868,3,NYK,SAS,PT00M04.60S,4.6,5,2,0
0022500868,4,NYK,SAS,PT06M40.00S,400.0,5,0,1
0022500869,2,CLE,BKN,PT05M11.00S,311.0,5,0,1
0022500869,3,CLE,BKN,PT05M37.00S,337.0,5,0,1
0022500869,3,BKN,CLE,PT01M25.00S,85.0,5,1,0
0022500869,4,CLE,BKN,PT04M23.00S,263.0,5,0,1
0022500869,4,BKN,CLE,PT00M09.20S,9.2,5,1,0
0022500870,3,CHI,MIL,PT01M37.00S,97.0,5,1,1
0022500870,3,MIL,CHI,PT01M23.00S,83.0,5,1,0
0022500871,1,DEN,MIN,PT01M10.00S,70.0,4,2,1
0022500871,2,DEN,MIN,PT00M41.60S,41.6,5,2,1
0022500871,3,MIN,DEN,PT00M12.60S,12.6,4,2,1
0022500871,4,DEN,MIN,PT03M49.00S,229.0,5,0,1
0022500872,1,IND,MEM,PT00M33.10S,33.1,5,1,1
0022500872,1,MEM,IND,PT00M28.70S,28.7,2,2,0
0022500872,4,IND,MEM,PT00M17.90S,17.9,3,2,1
0022500873,1,ATL,POR,PT02M41.00S,161.0,5,0,1
0022500873,2,POR,ATL,PT06M21.00S,381.0,5,0,1
0022500873,3,POR,ATL,PT07M53.00S,473.0,5,0,1
0022500874,1,BOS,PHI,PT02M12.00S,132.0,5,0,1
0022500874,2,PHI,BOS,PT00M43.00S,43.0,5,2,1
0022500874,3,PHI,BOS,PT03M00.00S,180.0,5,0,1
0022500874,4,BOS,PHI,PT02M36.00S,156.0,5,0,1
0022500875,1,ORL,DET,PT04M27.00S,267.0,5,0,1
0022500875,2,DET,ORL,PT03M11.00S,191.0,5,0,1
0022500875,2,ORL,DET,PT00M44.50S,44.5,5,1,0
0022500875,3,DET,ORL,PT04M28.00S,268.0,5,0,1
0022500876,2,OKC,DAL,PT00M04.00S,4.0,3,2,1
0022500876,3,OKC,DAL,PT01M16.00S,76.0,4,2,1
0022500876,4,DAL,OKC,PT03M10.00S,190.0,5,0,1
0022500877,1,NOP,LAC,PT02M17.00S,137.0,5,0,1
0022500877,1,LAC,NOP,PT00M55.30S,55.3,5,1,0
0022500877,2,LAC,NOP,PT04M40.00S,280.0,5,0,1
0022500877,2,NOP,LAC,PT04M24.00S,264.0,5,0,0
0022500877,3,LAC,NOP,PT00M31.10S,31.1,5,1,1
0022500877,4,NOP,LAC,PT03M13.00S,193.0,5,0,1
0022500878,2,SAC,LAL,PT04M16.00S,256.0,5,0,1
0022500878,2,LAL,SAC,PT01M07.00S,67.0,5,1,0
0022500878,3,SAC,LAL,PT01M38.00S,98.0,3,2,1
0022500879,1,HOU,WAS,PT02M15.00S,135.0,5,0,1
0022500879,2,HOU,WAS,PT03M19.00S,199.0,5,0,1
0022500879,3,HOU,WAS,PT00M06.30S,6.3,5,1,1
0022500879,4,HOU,WAS,PT07M07.00S,427.0,5,0,1
0022500879,4,WAS,HOU,PT04M38.00S,278.0,5,0,0
0022500880,3,BOS,MIL,PT01M53.00S,113.0,1,2,1
0022500880,4,MIL,BOS,PT00M40.40S,40.4,4,2,1
0022500881,1,DEN,UTA,PT01M58.00S,118.0,5,1,1
0022500881,2,UTA,DEN,PT03M32.00S,212.0,5,0,1
0022500881,2,DEN,UTA,PT00M09.30S,9.3,4,2,0
0022500881,3,UTA,DEN,PT07M03.00S,423.0,5,0,1
0022500881,3,DEN,UTA,PT00M51.50S,51.5,5,2,0
0022500881,4,DEN,UTA,PT07M32.00S,452.0,5,0,1
0022500882,3,GSW,LAC,PT05M53.00S,353.0,5,0,1
0022500882,3,LAC,GSW,PT01M03.00S,63.0,4,2,0
0022500882,4,LAC,GSW,PT00M24.70S,24.7,5,1,1
0022500883,1,DAL,CHA,PT04M12.00S,252.0,5,0,1
0022500883,2,DAL,CHA,PT03M35.00S,215.0,5,0,1
0022500883,3,DAL,CHA,PT04M08.00S,248.0,5,0,1
0022500883,4,DAL,CHA,PT07M15.00S,435.0,5,0,1
0022500883,4,CHA,DAL,PT03M33.00S,213.0,5,0,0
0022500884,1,CLE,DET,PT01M21.00S,81.0,5,1,1
0022500884,3,DET,CLE,PT04M55.00S,295.0,5,0,1
0022500884,3,CLE,DET,PT04M35.00S,275.0,5,0,0
0022500884,4,CLE,DET,PT01M46.00S,106.0,4,2,1
0022500885,1,WAS,ORL,PT00M58.10S,58.1,5,1,1
0022500885,1,ORL,WAS,PT00M07.70S,7.7,5,1,0
0022500885,2,ORL,WAS,PT07M01.00S,421.0,5,0,1
0022500885,2,WAS,ORL,PT01M34.00S,94.0,5,1,0
0022500885,3,WAS,ORL,PT05M54.00S,354.0,5,0,1
0022500885,3,ORL,WAS,PT00M13.60S,13.6,5,1,0
0022500885,4,ORL,WAS,PT00M43.90S,43.9,5,1,1
0022500886,2,BKN,MIA,PT06M16.00S,376.0,5,0,1
0022500886,2,MIA,BKN,PT04M30.00S,270.0,5,0,0
0022500886,3,BKN,MIA,PT01M01.00S,61.0,5,1,1
0022500886,4,MIA,BKN,PT02M06.00S,126.0,5,0,1
0022500886,4,BKN,MIA,PT00M41.20S,41.2,3,2,0
0022500887,1,TOR,NYK,PT02M07.00S,127.0,5,0,1
0022500887,2,TOR,NYK,PT05M42.00S,342.0,5,0,1
0022500887,4,NYK,TOR,PT00M59.60S,59.6,5,2,1
0022500888,1,SAS,PHI,PT06M15.00S,375.0,5,0,1
0022500888,2,SAS,PHI,PT03M43.00S,223.0,5,0,1
0022500888,2,PHI,SAS,PT03M36.00S,216.0,5,0,0
0022500888,4,PHI,SAS,PT02M31.00S,151.0,5,0,1
0022500889,1,OKC,CHI,PT01M59.00S,119.0,5,1,1
0022500889,2,OKC,CHI,PT07M23.00S,443.0,5,0,1
0022500889,3,OKC,CHI,PT00M19.20S,19.2,4,2,1
0022500889,4,OKC,CHI,PT00M14.60S,14.6,5,2,1
0022500890,1,MEM,MIN,PT00M44.60S,44.6,4,2,1
0022500890,2,MIN,MEM,PT03M57.00S,237.0,5,0,1
0022500890,2,MEM,MIN,PT03M31.00S,211.0,5,0,0
0022500890,3,MIN,MEM,PT02M07.00S,127.0,5,0,1
0022500890,4,MIN,MEM,PT02M30.00S,150.0,5,0,1
0022500890,4,MEM,MIN,PT02M22.00S,142.0,5,0,0
0022500891,1,LAL,NOP,PT04M32.00S,272.0,5,0,1
0022500891,3,LAL,NOP,PT01M43.00S,103.0,5,1,1
0022500891,4,NOP,LAL,PT07M20.00S,440.0,5,0,1
0022500891,4,LAL,NOP,PT05M39.00S,339.0,5,0,0
0022500892,3,PHX,SAC,PT00M59.70S,59.7,5,1,1
0022500893,3,OKC,NYK,PT05M12.00S,312.0,5,0,1
0022500893,3,NYK,OKC,PT04M31.00S,271.0,5,0,0
0022500893,4,OKC,NYK,PT06M33.00S,393.0,5,0,1
0022500893,4,NYK,OKC,PT01M32.00S,92.0,5,2,0
0022500894,3,BOS,CHA,PT01M32.00S,92.0,5,1,1
0022500894,4,BOS,CHA,PT04M36.00S,276.0,5,0,1
0022500894,4,CHA,BOS,PT04M17.00S,257.0,5,0,0
0022500895,1,PHI,UTA,PT05M37.00S,337.0,5,0,1
0022500895,1,UTA,PHI,PT00M33.50S,33.5,3,2,0
0022500895,2,PHI,UTA,PT04M37.00S,277.0,5,0,1
0022500895,2,UTA,PHI,PT00M43.10S,43.1,5,1,0
0022500895,3,PHI,UTA,PT03M29.00S,209.0,5,0,1
0022500895,4,PHI,UTA,PT00M02.50S,2.5,4,2,1
0022500896,1,POR,MEM,PT04M35.00S,275.0,5,0,1
0022500896,2,MEM,POR,PT08M35.00S,515.0,5,0,1
0022500896,3,MEM,POR,PT01M34.00S,94.0,5,1,1
0022500896,4,POR,MEM,PT05M04.00S,304.0,5,0,1
0022500896,4,MEM,POR,PT02M37.00S,157.0,5,0,0
0022500897,4,MIL,ATL,PT06M01.00S,361.0,5,0,1
0022500897,4,ATL,MIL,PT01M33.00S,93.0,5,1,0
0022500898,2,IND,LAC,PT01M00.00S,60.0,5,2,1
0022500898,3,LAC,IND,PT05M45.00S,345.0,5,0,1
0022500898,3,IND,LAC,PT01M42.00S,102.0,5,2,0
0022500899,2,DAL,ORL,PT00M05.20S,5.2,5,2,1
0022500899,3,ORL,DAL,PT02M42.00S,162.0,5,0,1
0022500899,4,DAL,ORL,PT07M05.00S,425.0,5,0,1
0022500900,2,WAS,UTA,PT08M09.00S,489.0,5,0,1
0022500900,2,UTA,WAS,PT02M17.00S,137.0,5,0,0
0022500900,3,WAS,UTA,PT00M46.00S,46.0,5,2,1
0022500900,3,UTA,WAS,PT00M35.30S,35.3,5,1,0
0022500900,4,WAS,UTA,PT07M21.00S,441.0,5,0,1
0022500901,1,MIA,BKN,PT00M50.10S,50.1,4,2,1
0022500901,2,BKN,MIA,PT03M32.00S,212.0,5,0,1
0022500901,3,MIA,BKN,PT00M43.80S,43.8,5,1,1
0022500901,4,BKN,MIA,PT02M20.00S,140.0,5,0,1
0022500902,2,GSW,HOU,PT01M18.00S,78.0,5,1,1
0022500902,4,GSW,HOU,PT03M39.00S,219.0,5,0,1
0022500902,4,HOU,GSW,PT02M12.00S,132.0,5,0,0
0022500902,5,HOU,GSW,PT01M11.00S,71.0,4,2,1
0022500903,2,MIN,TOR,PT01M46.00S,106.0,5,1,1
0022500903,2,TOR,MIN,PT01M11.00S,71.0,5,1,0
0022500903,3,MIN,TOR,PT04M34.00S,274.0,5,0,1
0022500903,3,TOR,MIN,PT00M02.70S,2.7,5,2,0
0022500903,4,TOR,MIN,PT05M59.00S,359.0,5,0,1
0022500904,1,DET,SAS,PT00M08.80S,8.8,5,1,1
0022500904,2,DET,SAS,PT04M34.00S,274.0,5,0,1
0022500904,2,SAS,DET,PT02M12.00S,132.0,5,0,0
0022500904,3,SAS,DET,PT04M11.00S,251.0,5,0,1
0022500904,4,SAS,DET,PT01M11.00S,71.0,4,2,1
0022500904,4,DET,SAS,PT00M41.90S,41.9,4,2,0
0022500905,2,CHI,PHX,PT03M29.00S,209.0,5,0,1
0022500905,2,PHX,CHI,PT00M51.40S,51.4,5,1,0
0022500905,3,PHX,CHI,PT05M53.00S,353.0,5,0,1
0022500905,3,CHI,PHX,PT02M02.00S,122.0,5,0,0
0022500905,4,PHX,CHI,PT01M41.00S,101.0,5,1,1
0022500905,4,CHI,PHX,PT00M27.20S,27.2,5,1,0
0022500906,1,LAL,DEN,PT03M34.00S,214.0,5,0,1
0022500906,3,DEN,LAL,PT01M22.00S,82.0,5,1,1
0022500906,4,DEN,LAL,PT03M58.00S,238.0,5,0,1
0022500907,1,NOP,SAC,PT01M28.00S,88.0,5,1,1
0022500907,1,SAC,NOP,PT00M45.80S,45.8,5,1,0
0022500907,2,NOP,SAC,PT02M52.00S,172.0,5,0,1
0022500907,3,SAC,NOP,PT00M52.20S,52.2,4,2,1
0022500907,4,SAC,NOP,PT00M39.20S,39.2,5,2,1
0022500907,4,NOP,SAC,PT00M22.20S,22.2,5,1,0
0022500908,2,BOS,DAL,PT00M28.90S,28.9,5,2,1
0022500909,1,MIA,CHA,PT00M29.00S,29.0,5,1,1
0022500909,2,CHA,MIA,PT01M46.00S,106.0,5,1,1
0022500909,2,MIA,CHA,PT01M02.00S,62.0,5,1,0
0022500909,3,CHA,MIA,PT00M28.70S,28.7,3,2,1
0022500909,3,MIA,CHA,PT00M05.10S,5.1,3,2,0
0022500909,4,MIA,CHA,PT00M18.50S,18.5,4,2,1
0022500910,1,POR,HOU,PT02M40.00S,160.0,5,0,1
0022500910,1,HOU,POR,PT00M48.50S,48.5,3,2,0
0022500910,2,HOU,POR,PT07M30.00S,450.0,5,0,1
0022500910,2,POR,HOU,PT05M05.00S,305.0,5,0,0
0022500910,3,POR,HOU,PT02M12.00S,132.0,5,0,1
0022500910,4,HOU,POR,PT03M41.00S,221.0,5,0,1
0022500911,2,NYK,DEN,PT07M34.00S,454.0,5,0,1
0022500911,2,DEN,NYK,PT05M57.00S,357.0,5,0,0
0022500911,3,DEN,NYK,PT00M00.20S,0.2,5,2,1
0022500912,1,NOP,PHX,PT00M52.60S,52.6,5,2,1
0022500912,2,PHX,NOP,PT03M49.00S,229.0,5,0,1
0022500912,2,NOP,PHX,PT00M06.70S,6.7,5,2,0
0022500912,3,PHX,NOP,PT07M07.00S,427.0,5,0,1
0022500912,3,NOP,PHX,PT05M52.00S,352.0,5,0,0
0022500912,4,NOP,PHX,PT00M11.70S,11.7,5,2,1
0022500912,4,PHX,NOP,PT00M09.80S,9.8,5,2,0
0022500913,1,SAS,LAC,PT01M37.00S,97.0,5,1,1
0022500913,1,LAC,SAS,PT00M53.00S,53.0,3,2,0
0022500913,2,LAC,SAS,PT00M31.50S,31.5,4,2,1
0022500913,4,LAC,SAS,PT01M17.00S,77.0,5,2,1
0022500913,4,SAS,LAC,PT00M12.90S,12.9,4,2,0
0022500914,2,LAL,IND,PT01M44.00S,104.0,5,1,1
0022500914,3,IND,LAL,PT06M51.00S,411.0,5,0,1
0022500914,3,LAL,IND,PT03M23.00S,203.0,5,0,0
0022500914,4,IND,LAL,PT02M34.00S,154.0,5,0,1
0022500915,1,MIN,ORL,PT04M58.00S,298.0,5,0,1
0022500915,2,ORL,MIN,PT06M39.00S,399.0,5,0,1
0022500915,3,ORL,MIN,PT05M51.00S,351.0,5,0,1
0022500915,3,MIN,ORL,PT04M53.00S,293.0,5,0,0
0022500915,4,MIN,ORL,PT08M20.00S,500.0,5,0,1
0022500916,1,BKN,DET,PT05M24.00S,324.0,5,0,1
0022500916,1,DET,BKN,PT00M09.50S,9.5,4,2,0
0022500916,2,DET,BKN,PT03M41.00S,221.0,5,0,1
0022500916,3,BKN,DET,PT00M28.00S,28.0,5,1,1
0022500916,4,DET,BKN,PT07M23.00S,443.0,5,0,1
0022500916,4,BKN,DET,PT05M13.00S,313.0,5,0,0
0022500917,2,PHI,ATL,PT03M45.00S,225.0,5,0,1
0022500917,2,ATL,PHI,PT01M02.00S,62.0,5,1,0
0022500917,3,ATL,PHI,PT00M01.80S,1.8,3,2,1
0022500917,4,ATL,PHI,PT01M10.00S,70.0,5,1,1
0022500917,4,PHI,ATL,PT00M25.60S,25.6,5,2,0
0022500918,1,LAC,MEM,PT01M36.00S,96.0,5,1,1
0022500918,2,LAC,MEM,PT06M47.00S,407.0,5,0,1
0022500918,2,MEM,LAC,PT01M39.00S,99.0,5,1,0
0022500918,3,LAC,MEM,PT03M33.00S,213.0,5,0,1
0022500918,3,MEM,LAC,PT02M08.00S,128.0,5,0,0
0022500918,4,LAC,MEM,PT05M46.00S,346.0,5,0,1
0022500919,1,MIL,UTA,PT04M54.00S,294.0,5,0,1
0022500919,2,UTA,MIL,PT00M47.90S,47.9,5,2,1
0022500919,3,UTA,MIL,PT06M48.00S,408.0,5,0,1
0022500919,4,UTA,MIL,PT04M21.00S,261.0,5,0,1
0022500919,4,MIL,UTA,PT04M07.00S,247.0,5,0,0
0022500920,1,OKC,GSW,PT03M29.00S,209.0,5,0,1
0022500920,2,GSW,OKC,PT02M32.00S,152.0,5,0,1
0022500920,3,GSW,OKC,PT02M08.00S,128.0,5,0,1
0022500920,4,OKC,GSW,PT00M27.00S,27.0,5,2,1
0022500921,1,BOS,CLE,PT01M46.00S,106.0,5,2,1
0022500921,1,CLE,BOS,PT00M45.50S,45.5,5,1,0
0022500921,2,BOS,CLE,PT01M05.00S,65.0,5,1,1
0022500921,2,CLE,BOS,PT00M12.30S,12.3,5,2,0
0022500921,4,BOS,CLE,PT00M36.00S,36.0,5,2,1
0022500922,1,LAL,NYK,PT02M14.00S,134.0,5,0,1
0022500922,2,LAL,NYK,PT00M43.70S,43.7,4,2,1
0022500922,3,LAL,NYK,PT02M15.00S,135.0,5,0,1
0022500922,3,NYK,LAL,PT00M39.80S,39.8,4,2,0
0022500922,4,NYK,LAL,PT03M55.00S,235.0,5,0,1
0022500923,1,DET,MIA,PT00M07.30S,7.3,5,1,1
0022500923,1,MIA,DET,PT00M01.70S,1.7,5,2,0
0022500923,2,MIA,DET,PT06M05.00S,365.0,5,0,1
0022500923,3,DET,MIA,PT02M52.00S,172.0,5,0,1
0022500923,3,MIA,DET,PT02M34.00S,154.0,5,0,0
0022500923,4,DET,MIA,PT07M31.00S,451.0,5,0,1
0022500924,1,TOR,DAL,PT00M27.60S,27.6,5,2,1
0022500924,1,DAL,TOR,PT00M07.20S,7.2,5,1,0
0022500924,2,DAL,TOR,PT00M50.80S,50.8,5,1,1
0022500924,3,TOR,DAL,PT03M54.00S,234.0,5,0,1
0022500924,4,TOR,DAL,PT01M35.00S,95.0,4,2,1
0022500924,4,DAL,TOR,PT00M10.80S,10.8,5,1,0
0022500925,1,NOP,WAS,PT03M38.00S,218.0,5,0,1
0022500925,1,WAS,NOP,PT01M16.00S,76.0,4,2,0
0022500925,2,NOP,WAS,PT06M50.00S,410.0,5,0,1
0022500925,2,WAS,NOP,PT00M29.20S,29.2,3,2,0
0022500925,3,NOP,WAS,PT03M02.00S,182.0,5,0,1
0022500925,4,NOP,WAS,PT03M52.00S,232.0,5,0,1
0022500925,4,WAS,NOP,PT01M40.00S,100.0,5,1,0
0022500926,2,MIL,ORL,PT00M53.20S,53.2,5,1,1
0022500926,2,ORL,MIL,PT00M03.90S,3.9,5,1,0
0022500926,3,ORL,MIL,PT01M27.00S,87.0,5,1,1
0022500926,3,MIL,ORL,PT01M00.00S,60.0,5,1,0
0022500926,4,ORL,MIL,PT07M27.00S,447.0,5,0,1
0022500927,1,SAS,HOU,PT00M32.30S,32.3,5,1,1
0022500927,1,HOU,SAS,PT00M02.40S,2.4,5,2,0
0022500927,2,HOU,SAS,PT03M04.00S,184.0,5,0,1
0022500927,3,SAS,HOU,PT07M27.00S,447.0,5,0,1
0022500927,3,HOU,SAS,PT04M56.00S,296.0,5,0,0
0022500927,4,HOU,SAS,PT03M37.00S,217.0,5,0,1
0022500928,1,PHX,CHA,PT02M09.00S,129.0,5,0,1
0022500928,2,PHX,CHA,PT02M13.00S,133.0,5,0,1
0022500928,2,CHA,PHX,PT01M30.00S,90.0,5,1,0
0022500928,3,PHX,CHA,PT00M00.40S,0.4,5,1,1
0022500929,1,IND,POR,PT00M15.30S,15.3,5,1,1
0022500929,1,POR,IND,PT00M04.70S,4.7,5,1,0
0022500929,2,POR,IND,PT03M30.00S,210.0,5,0,1
0022500929,3,POR,IND,PT03M31.00S,211.0,5,0,1
0022500929,3,IND,POR,PT01M28.00S,88.0,5,1,0
0022500929,4,POR,IND,PT03M14.00S,194.0,5,0,1
0022500929,4,IND,POR,PT02M02.00S,122.0,5,0,0
0022500930,1,CHI,SAC,PT00M05.90S,5.9,5,2,1
0022500930,2,CHI,SAC,PT05M51.00S,351.0,5,0,1
0022500930,2,SAC,CHI,PT04M36.00S,276.0,5,0,0
0022500930,3,CHI,SAC,PT02M55.00S,175.0,5,0,1
0022500930,3,SAC,CHI,PT01M07.00S,67.0,5,1,0
0022500930,4,SAC,CHI,PT01M16.00S,76.0,5,2,1
0022500931,1,CLE,PHI,PT01M11.00S,71.0,5,1,1
0022500931,1,PHI,CLE,PT01M08.00S,68.0,5,1,0
0022500931,2,CLE,PHI,PT04M57.00S,297.0,5,0,1
0022500931,2,PHI,CLE,PT00M07.60S,7.6,4,2,0
0022500931,3,CLE,PHI,PT01M20.00S,80.0,3,2,1
0022500932,2,BKN,MEM,PT03M33.00S,213.0,5,0,1
0022500932,3,MEM,BKN,PT00M05.30S,5.3,3,2,1
0022500932,4,MEM,BKN,PT04M48.00S,288.0,5,0,1
0022500933,2,DEN,OKC,PT02M21.00S,141.0,5,0,1
0022500933,2,OKC,DEN,PT01M18.00S,78.0,5,1,0
0022500933,3,OKC,DEN,PT00M36.90S,36.9,4,2,1
0022500933,4,DEN,OKC,PT01M12.00S,72.0,5,2,1
0022500934,3,UTA,GSW,PT04M37.00S,277.0,5,0,1
0022500934,4,GSW,UTA,PT02M25.00S,145.0,5,0,1
0022500934,4,UTA,GSW,PT01M41.00S,101.0,5,1,0
0022500935,2,NYK,LAC,PT09M06.00S,546.0,5,0,1
0022500935,2,LAC,NYK,PT01M24.00S,84.0,5,1,0
0022500935,4,NYK,LAC,PT02M36.00S,156.0,5,0,1
0022500935,4,LAC,NYK,PT01M18.00S,78.0,5,1,0
0022500936,1,PHI,MEM,PT02M23.00S,143.0,5,0,1
0022500936,2,MEM,PHI,PT08M25.00S,505.0,5,0,1
0022500936,2,PHI,MEM,PT02M18.00S,138.0,5,0,0
0022500936,3,MEM,PHI,PT02M46.00S,166.0,5,0,1
0022500936,3,PHI,MEM,PT02M11.00S,131.0,5,0,0
0022500936,4,PHI,MEM,PT06M46.00S,406.0,5,0,1
0022500936,4,MEM,PHI,PT03M39.00S,219.0,5,0,0
0022500937,1,BKN,DET,PT04M32.00S,272.0,5,0,1
0022500937,2,DET,BKN,PT08M44.00S,524.0,5,0,1
0022500937,3,BKN,DET,PT03M32.00S,212.0,5,0,1
0022500937,3,DET,BKN,PT02M28.00S,148.0,5,0,0
0022500937,4,DET,BKN,PT05M49.00S,349.0,5,0,1
0022500937,4,BKN,DET,PT02M42.00S,162.0,5,0,0
0022500938,1,MIA,WAS,PT03M35.00S,215.0,5,0,1
0022500938,2,MIA,WAS,PT01M11.00S,71.0,5,1,1
0022500938,3,MIA,WAS,PT04M37.00S,277.0,5,0,1
0022500938,3,WAS,MIA,PT02M40.00S,160.0,5,0,0
0022500938,4,MIA,WAS,PT05M46.00S,346.0,5,0,1
0022500938,4,WAS,MIA,PT01M40.00S,100.0,5,1,0
0022500939,1,DAL,ATL,PT01M14.00S,74.0,5,1,1
0022500939,3,DAL,ATL,PT04M31.00S,271.0,5,0,1
0022500939,4,ATL,DAL,PT02M48.00S,168.0,5,0,1
0022500940,2,HOU,TOR,PT01M36.00S,96.0,5,2,1
0022500940,3,TOR,HOU,PT06M30.00S,390.0,5,0,1
0022500940,3,HOU,TOR,PT05M19.00S,319.0,5,0,0
0022500940,4,HOU,TOR,PT03M42.00S,222.0,5,0,1
0022500940,4,TOR,HOU,PT01M14.00S,74.0,4,2,0
0022500941,1,MIL,PHX,PT03M29.00S,209.0,5,0,1
0022500941,2,MIL,PHX,PT00M59.00S,59.0,5,2,1
0022500941,4,MIL,PHX,PT03M55.00S,235.0,5,0,1
0022500942,1,SAS,BOS,PT01M08.00S,68.0,5,1,1
0022500942,3,BOS,SAS,PT03M33.00S,213.0,5,0,1
0022500942,3,SAS,BOS,PT01M17.00S,77.0,3,2,0
0022500942,4,SAS,BOS,PT00M40.90S,40.9,5,1,1
0022500943,3,CHI,GSW,PT02M51.00S,171.0,5,0,1
0022500943,4,GSW,CHI,PT00M09.60S,9.6,5,1,1
0022500943,4,CHI,GSW,PT00M09.00S,9.0,4,2,0
0022500943,5,CHI,GSW,PT00M10.60S,10.6,2,2,1
0022500944,3,CHA,POR,PT01M44.00S,104.0,5,1,1
0022500944,3,POR,CHA,PT01M04.00S,64.0,5,1,0
0022500944,4,CHA,POR,PT01M18.00S,78.0,5,1,1
0022500945,1,IND,SAC,PT01M14.00S,74.0,3,2,1
0022500945,2,IND,SAC,PT04M27.00S,267.0,5,0,1
0022500945,3,SAC,IND,PT05M36.00S,336.0,5,0,1
0022500945,4,SAC,IND,PT01M46.00S,106.0,4,2,1
0022500946,1,MIN,LAL,PT00M27.50S,27.5,5,2,1
0022500946,1,LAL,MIN,PT00M05.50S,5.5,5,1,0
0022500946,3,MIN,LAL,PT07M43.00S,463.0,5,0,1
0022500946,3,LAL,MIN,PT06M19.00S,379.0,5,0,0
0022500946,4,MIN,LAL,PT01M58.00S,118.0,5,1,1
0022500947,1,CLE,ORL,PT00M32.50S,32.5,5,1,1
0022500947,2,ORL,CLE,PT06M12.00S,372.0,5,0,1
0022500947,2,CLE,ORL,PT05M30.00S,330.0,5,0,0
0022500947,3,ORL,CLE,PT00M37.40S,37.4,5,2,1
0022500947,4,CLE,ORL,PT05M52.00S,352.0,5,0,1
0022500947,4,ORL,CLE,PT00M08.00S,8.0,3,2,0
0022500948,2,TOR,NOP,PT04M10.00S,250.0,5,0,1
0022500948,3,NOP,TOR,PT02M42.00S,162.0,5,0,1
0022500949,2,NYK,UTA,PT02M02.00S,122.0,5,0,1
0022500949,3,NYK,UTA,PT01M09.00S,69.0,5,2,1
0022500949,4,UTA,NYK,PT01M38.00S,98.0,5,1,1
0022500950,1,HOU,DEN,PT00M00.30S,0.3,2,2,1
0022500950,3,DEN,HOU,PT05M59.00S,359.0,5,0,1
0022500950,4,HOU,DEN,PT00M50.30S,50.3,5,1,1
0022500950,4,DEN,HOU,PT00M39.10S,39.1,3,2,0
0022500951,1,SAC,CHA,PT00M34.80S,34.8,4,2,1
0022500951,2,CHA,SAC,PT04M02.00S,242.0,5,0,1
0022500951,2,SAC,CHA,PT00M56.90S,56.9,2,2,0
0022500951,4,CHA,SAC,PT00M23.80S,23.8,5,2,1
0022500952,1,LAC,MIN,PT00M43.70S,43.7,5,1,1
0022500952,2,LAC,MIN,PT07M22.00S,442.0,5,0,1
0022500952,2,MIN,LAC,PT00M27.70S,27.7,4,2,0
0022500952,3,MIN,LAC,PT08M02.00S,482.0,5,0,1
0022500952,3,LAC,MIN,PT03M26.00S,206.0,5,0,0
0022500952,4,MIN,LAC,PT00M51.20S,51.2,5,1,1
0022500953,1,DET,PHI,PT01M24.00S,84.0,5,1,1
0022500953,1,PHI,DET,PT00M04.00S,4.0,5,1,0
0022500953,3,PHI,DET,PT01M50.00S,110.0,3,2,1
0022500953,4,PHI,DET,PT00M55.50S,55.5,4,2,1
0022500954,1,PHX,IND,PT07M13.00S,433.0,5,0,1
0022500954,1,IND,PHX,PT00M05.70S,5.7,2,2,0
0022500954,2,IND,PHX,PT02M29.00S,149.0,5,0,1
0022500954,3,PHX,IND,PT01M55.00S,115.0,5,1,1
0022500954,3,IND,PHX,PT00M59.00S,59.0,5,1,0
0022500954,4,IND,PHX,PT04M24.00S,264.0,5,0,1
0022500955,1,ORL,WAS,PT01M32.00S,92.0,5,1,1
0022500955,3,ORL,WAS,PT02M40.00S,160.0,5,0,1
0022500955,4,WAS,ORL,PT03M34.00S,214.0,5,0,1
0022500955,4,ORL,WAS,PT03M22.00S,202.0,5,0,0
0022500956,1,ATL,BKN,PT01M08.00S,68.0,5,1,1
0022500956,2,BKN,ATL,PT02M15.00S,135.0,5,0,1
0022500956,3,ATL,BKN,PT07M03.00S,423.0,5,0,1
0022500956,4,ATL,BKN,PT06M32.00S,392.0,5,0,1
0022500956,4,BKN,ATL,PT00M47.30S,47.3,5,2,0
0022500957,2,MIA,MIL,PT04M10.00S,250.0,5,0,1
0022500957,3,MIA,MIL,PT05M21.00S,321.0,5,0,1
0022500957,4,MIA,MIL,PT03M24.00S,204.0,5,0,1
0022500957,4,MIL,MIA,PT02M26.00S,146.0,5,0,0
0022500958,1,DEN,SAS,PT03M15.00S,195.0,5,0,1
0022500958,2,SAS,DEN,PT00M17.70S,17.7,5,1,1
0022500958,3,DEN,SAS,PT07M18.00S,438.0,5,0,1
0022500958,3,SAS,DEN,PT03M06.00S,186.0,5,0,0
0022500958,4,DEN,SAS,PT00M12.20S,12.2,5,2,1
0022500959,1,OKC,BOS,PT02M51.00S,171.0,5,0,1
0022500959,3,BOS,OKC,PT01M23.00S,83.0,5,1,1
0022500959,4,BOS,OKC,PT03M03.00S,183.0,5,0,1
0022500959,4,OKC,BOS,PT00M00.80S,0.8,5,2,0
0022500960,1,CHI,LAL,PT00M01.30S,1.3,3,2,1
0022500960,3,LAL,CHI,PT05M05.00S,305.0,5,0,1
0022500960,4,CHI,LAL,PT06M34.00S,394.0,5,0,1
0022500961,1,MEM,DET,PT00M31.70S,31.7,5,2,1
0022500961,2,MEM,DET,PT03M06.00S,186.0,5,0,1
0022500961,2,DET,MEM,PT00M59.30S,59.3,5,1,0
0022500961,3,DET,MEM,PT05M56.00S,356.0,5,0,1
0022500961,4,DET,MEM,PT02M22.00S,142.0,5,0,1
0022500961,4,MEM,DET,PT01M01.00S,61.0,5,1,0
0022500962,2,IND,NYK,PT03M31.00S,211.0,5,0,1
0022500962,3,IND,NYK,PT04M39.00S,279.0,5,0,1
0022500962,4,NYK,IND,PT03M02.00S,182.0,5,0,1
0022500962,4,IND,NYK,PT02M56.00S,176.0,5,0,0
0022500963,1,PHX,TOR,PT02M17.00S,137.0,5,0,1
0022500963,2,PHX,TOR,PT02M17.00S,137.0,5,0,1
0022500963,3,PHX,TOR,PT02M21.00S,141.0,5,0,1
0022500963,3,TOR,PHX,PT00M45.30S,45.3,5,1,0
0022500963,4,TOR,PHX,PT00M28.30S,28.3,5,1,1
0022500963,4,PHX,TOR,PT00M23.80S,23.8,5,2,0
0022500964,2,HOU,NOP,PT02M03.00S,123.0,5,0,1
0022500964,2,NOP,HOU,PT01M10.00S,70.0,4,2,0
0022500964,3,NOP,HOU,PT04M35.00S,275.0,5,0,1
0022500964,4,HOU,NOP,PT02M52.00S,172.0,5,0,1
0022500964,4,NOP,HOU,PT02M45.00S,165.0,5,0,0
0022500965,2,DAL,CLE,PT01M02.00S,62.0,5,1,1
0022500965,3,DAL,CLE,PT04M02.00S,242.0,5,0,1
0022500965,3,CLE,DAL,PT01M01.00S,61.0,5,2,0
0022500965,4,DAL,CLE,PT07M46.00S,466.0,5,0,1
0022500966,1,MIN,GSW,PT02M43.00S,163.0,5,0,1
0022500966,2,GSW,MIN,PT01M37.00S,97.0,5,2,1
0022500966,3,GSW,MIN,PT00M53.90S,53.9,5,2,1
0022500966,4,MIN,GSW,PT01M08.00S,68.0,5,2,1
0022500966,4,GSW,MIN,PT00M59.70S,59.7,5,1,0
0022500967,1,UTA,POR,PT03M30.00S,210.0,5,0,1
0022500967,2,POR,UTA,PT00M38.10S,38.1,4,2,1
0022500967,3,UTA,POR,PT02M50.00S,170.0,5,0,1
0022500967,3,POR,UTA,PT00M47.30S,47.3,4,2,0
0022500967,4,UTA,POR,PT00M15.30S,15.3,4,2,1
0022500968,3,CHI,LAC,PT07M24.00S,444.0,5,0,1
0022500968,3,LAC,CHI,PT01M00.00S,60.0,5,1,0
0022500968,4,LAC,CHI,PT02M43.00S,163.0,5,0,1
0022500969,2,PHI,BKN,PT01M36.00S,96.0,5,1,1
0022500969,4,PHI,BKN,PT02M16.00S,136.0,5,0,1
0022500969,4,BKN,PHI,PT00M40.30S,40.3,4,2,0
0022500970,2,MIL,ATL,PT00M40.70S,40.7,5,2,1
0022500970,2,ATL,MIL,PT00M36.30S,36.3,5,1,0
0022500970,4,MIL,ATL,PT05M22.00S,322.0,5,0,1
0022500971,2,BOS,WAS,PT00M04.20S,4.2,5,1,1
0022500971,4,WAS,BOS,PT01M33.00S,93.0,5,1,1
0022500972,1,MIA,ORL,PT01M12.00S,72.0,5,2,1
0022500972,1,ORL,MIA,PT00M45.90S,45.9,5,1,0
0022500972,2,MIA,ORL,PT03M40.00S,220.0,5,0,1
0022500972,3,ORL,MIA,PT02M11.00S,131.0,5,0,1
0022500972,4,MIA,ORL,PT02M32.00S,152.0,5,0,1
0022500972,4,ORL,MIA,PT00M23.20S,23.2,4,2,0
0022500973,1,SAS,CHA,PT06M45.00S,405.0,5,0,1
0022500973,3,CHA,SAS,PT03M35.00S,215.0,5,0,1
0022500973,4,CHA,SAS,PT02M39.00S,159.0,5,0,1
0022500974,2,DEN,LAL,PT01M26.00S,86.0,4,2,1
0022500974,3,LAL,DEN,PT06M32.00S,392.0,5,0,1
0022500974,4,DEN,LAL,PT00M09.90S,9.9,5,1,1
0022500974,4,LAL,DEN,PT00M09.20S,9.2,5,2,0
0022500975,2,LAC,SAC,PT00M31.10S,31.1,4,2,1
0022500975,3,LAC,SAC,PT02M08.00S,128.0,5,0,1
0022500975,4,LAC,SAC,PT06M57.00S,417.0,5,0,1
0022500976,3,OKC,MIN,PT01M46.00S,106.0,5,1,1
0022500976,4,MIN,OKC,PT05M36.00S,336.0,5,0,1
0022500977,2,CLE,DAL,PT02M28.00S,148.0,5,0,1
0022500977,3,DAL,CLE,PT03M45.00S,225.0,5,0,1
0022500977,4,DAL,CLE,PT04M23.00S,263.0,5,0,1
0022500977,4,CLE,DAL,PT03M45.00S,225.0,5,0,0
0022500978,1,TOR,DET,PT04M14.00S,254.0,5,0,1
0022500978,1,DET,TOR,PT03M36.00S,216.0,5,0,0
0022500978,2,TOR,DET,PT05M49.00S,349.0,5,0,1
0022500978,2,DET,TOR,PT00M10.00S,10.0,4,2,0
0022500978,4,TOR,DET,PT01M52.00S,112.0,5,1,1
0022500978,4,DET,TOR,PT01M19.00S,79.0,5,1,0
0022500979,1,IND,MIL,PT01M53.00S,113.0,5,1,1
0022500979,3,MIL,IND,PT06M09.00S,369.0,5,0,1
0022500980,1,POR,PHI,PT00M50.30S,50.3,5,2,1
0022500980,4,PHI,POR,PT07M26.00S,446.0,5,0,1
0022500980,4,POR,PHI,PT02M15.00S,135.0,5,0,0
0022500981,1,GSW,NYK,PT02M24.00S,144.0,5,0,1
0022500981,4,NYK,GSW,PT00M16.20S,16.2,5,2,1
0022500982,2,UTA,SAC,PT01M12.00S,72.0,5,1,1
0022500982,4,SAC,UTA,PT03M04.00S,184.0,5,0,1
0022500982,4,UTA,SAC,PT02M56.00S,176.0,5,0,0
0022500983,1,ORL,ATL,PT03M15.00S,195.0,5,0,1
0022500983,1,ATL,ORL,PT00M38.50S,38.5,4,2,0
0022500983,2,ORL,ATL,PT05M55.00S,355.0,5,0,1
0022500983,2,ATL,ORL,PT05M27.00S,327.0,5,0,0
0022500983,3,ORL,ATL,PT04M35.00S,275.0,5,0,1
0022500983,3,ATL,ORL,PT02M32.00S,152.0,5,0,0
0022500984,1,GSW,WAS,PT04M45.00S,285.0,5,0,1
0022500984,2,GSW,WAS,PT01M14.00S,74.0,5,1,1
0022500984,2,WAS,GSW,PT00M36.60S,36.6,5,1,0
0022500984,3,WAS,GSW,PT00M26.90S,26.9,5,1,1
0022500984,4,GSW,WAS,PT03M48.00S,228.0,5,0,1
0022500984,4,WAS,GSW,PT02M24.00S,144.0,5,0,0
0022500985,1,POR,BKN,PT03M28.00S,208.0,5,0,1
0022500985,1,BKN,POR,PT03M12.00S,192.0,5,0,0
0022500985,2,BKN,POR,PT04M53.00S,293.0,5,0,1
0022500985,2,POR,BKN,PT03M10.00S,190.0,5,0,0
0022500985,4,BKN,POR,PT05M13.00S,313.0,5,0,1
0022500985,4,POR,BKN,PT03M22.00S,202.0,5,0,0
0022500986,1,BOS,PHX,PT02M04.00S,124.0,5,0,1
0022500986,1,PHX,BOS,PT00M36.50S,36.5,5,2,0
0022500986,2,PHX,BOS,PT00M33.60S,33.6,3,2,1
0022500986,3,PHX,BOS,PT07M08.00S,428.0,5,0,1
0022500986,4,BOS,PHX,PT04M56.00S,296.0,5,0,1
0022500986,4,PHX,BOS,PT03M48.00S,228.0,5,0,0
0022500987,1,CHI,MEM,PT03M12.00S,192.0,5,0,1
0022500987,2,CHI,MEM,PT01M20.00S,80.0,5,1,1
0022500987,4,MEM,CHI,PT02M44.00S,164.0,5,0,1
0022500988,2,NOP,DAL,PT02M42.00S,162.0,5,0,1
0022500988,3,NOP,DAL,PT00M46.20S,46.2,5,2,1
0022500988,4,NOP,DAL,PT06M12.00S,372.0,5,0,1
0022500988,4,DAL,NOP,PT01M45.00S,105.0,5,1,0
0022500989,2,LAL,HOU,PT07M25.00S,445.0,5,0,1
0022500989,2,HOU,LAL,PT03M57.00S,237.0,5,0,0
0022500989,3,LAL,HOU,PT02M43.00S,163.0,5,0,1
0022500989,3,HOU,LAL,PT00M33.20S,33.2,5,2,0
0022500989,4,HOU,LAL,PT02M22.00S,142.0,5,0,1
0022500990,1,LAC,SAS,PT03M18.00S,198.0,5,0,1
0022500990,1,SAS,LAC,PT00M07.60S,7.6,5,1,0
0022500990,2,SAS,LAC,PT03M01.00S,181.0,5,0,1
0022500990,3,LAC,SAS,PT02M47.00S,167.0,5,0,1
0022500990,3,SAS,LAC,PT00M45.00S,45.0,5,1,0
0022500990,4,LAC,SAS,PT01M47.00S,107.0,5,1,1
0022500990,4,SAS,LAC,PT00M30.40S,30.4,5,2,0
0022500991,2,MIA,CHA,PT06M07.00S,367.0,5,0,1
0022500991,2,CHA,MIA,PT00M10.20S,10.2,5,2,0
0022500991,3,CHA,MIA,PT03M23.00S,203.0,5,0,1
0022500991,3,MIA,CHA,PT00M26.60S,26.6,5,1,0
0022500991,4,CHA,MIA,PT03M33.00S,213.0,5,0,1
0022500992,1,OKC,ORL,PT01M47.00S,107.0,3,2,1
0022500992,2,ORL,OKC,PT02M32.00S,152.0,5,0,1
0022500992,2,OKC,ORL,PT01M26.00S,86.0,4,2,0
0022500992,3,OKC,ORL,PT00M29.50S,29.5,4,2,1
0022500992,4,OKC,ORL,PT01M01.00S,61.0,5,1,1
0022500993,1,DET,WAS,PT06M40.00S,400.0,5,0,1
0022500993,1,WAS,DET,PT02M14.00S,134.0,5,0,0
0022500993,2,WAS,DET,PT00M27.70S,27.7,5,2,1
0022500993,3,WAS,DET,PT05M46.00S,346.0,5,0,1
0022500993,3,DET,WAS,PT05M36.00S,336.0,5,0,0
0022500994,2,NYK,IND,PT02M24.00S,144.0,5,0,1
0022500994,3,NYK,IND,PT00M44.60S,44.6,5,2,1
0022500994,4,IND,NYK,PT04M59.00S,299.0,5,0,1
0022500995,2,CLE,MIL,PT00M02.50S,2.5,3,2,1
0022500995,3,CLE,MIL,PT03M14.00S,194.0,5,0,1
0022500995,4,CLE,MIL,PT06M32.00S,392.0,5,0,1
0022500995,4,MIL,CLE,PT04M36.00S,276.0,5,0,0
0022500996,1,MIN,PHX,PT00M58.50S,58.5,5,1,1
0022500996,2,MIN,PHX,PT01M07.00S,67.0,3,2,1
0022500996,3,PHX,MIN,PT02M36.00S,156.0,5,0,1
0022500996,3,MIN,PHX,PT01M37.00S,97.0,5,1,0
0022500996,4,PHX,MIN,PT07M50.00S,470.0,5,0,1
0022500996,4,MIN,PHX,PT04M30.00S,270.0,5,0,0
0022500997,1,DEN,PHI,PT02M58.00S,178.0,5,0,1
0022500997,2,DEN,PHI,PT02M43.00S,163.0,5,0,1
0022500997,3,DEN,PHI,PT01M22.00S,82.0,4,2,1
0022500997,3,PHI,DEN,PT00M09.90S,9.9,5,1,0
0022500997,4,DEN,PHI,PT03M57.00S,237.0,5,0,1
0022500998,4,SAC,SAS,PT04M00.00S,240.0,5,0,1
0022500999,2,GSW,BOS,PT07M20.00S,440.0,5,0,1
0022500999,2,BOS,GSW,PT04M41.00S,281.0,5,0,0
0022500999,3,BOS,GSW,PT09M00.00S,540.0,5,0,1
0022500999,3,GSW,BOS,PT03M59.00S,239.0,5,0,0
0022500999,4,GSW,BOS,PT01M16.00S,76.0,3,2,1
0022501000,2,OKC,BKN,PT04M46.00S,286.0,5,0,1
0022501000,3,BKN,OKC,PT02M43.00S,163.0,5,0,1
0022501000,3,OKC,BKN,PT00M55.20S,55.2,3,2,0
0022501000,4,BKN,OKC,PT03M39.00S,219.0,5,0,1
0022501001,1,POR,IND,PT03M43.00S,223.0,5,0,1
0022501001,2,POR,IND,PT01M04.00S,64.0,5,1,1
0022501001,2,IND,POR,PT00M27.90S,27.9,5,1,0
0022501001,3,IND,POR,PT01M40.00S,100.0,5,1,1
0022501001,4,POR,IND,PT04M01.00S,241.0,5,0,1
0022501002,2,CHI,TOR,PT02M54.00S,174.0,5,0,1
0022501002,2,TOR,CHI,PT02M28.00S,148.0,5,0,0
0022501002,3,TOR,CHI,PT05M09.00S,309.0,5,0,1
0022501002,3,CHI,TOR,PT05M00.00S,300.0,5,0,0
0022501002,4,TOR,CHI,PT06M03.00S,363.0,5,0,1
0022501002,4,CHI,TOR,PT02M52.00S,172.0,5,0,0
0022501003,1,NYK,MEM,PT01M57.00S,117.0,5,1,1
0022501003,2,MEM,NYK,PT00M04.20S,4.2,4,2,1
0022501003,3,NYK,MEM,PT00M38.20S,38.2,5,2,1
0022501003,4,NYK,MEM,PT05M04.00S,304.0,5,0,1
0022501003,4,MEM,NYK,PT01M47.00S,107.0,5,1,0
0022501004,1,UTA,MIN,PT01M26.00S,86.0,5,1,1
0022501004,1,MIN,UTA,PT00M58.60S,58.6,5,1,0
0022501004,3,UTA,MIN,PT03M32.00S,212.0,5,0,1
0022501004,4,MIN,UTA,PT06M51.00S,411.0,5,0,1
0022501004,4,UTA,MIN,PT06M04.00S,364.0,5,0,0
0022501005,1,LAC,NOP,PT04M33.00S,273.0,5,0,1
0022501005,1,NOP,LAC,PT02M29.00S,149.0,5,0,0
0022501005,3,NOP,LAC,PT01M45.00S,105.0,4,2,1
0022501006,2,DAL,ATL,PT04M15.00S,255.0,5,0,1
0022501006,3,ATL,DAL,PT03M28.00S,208.0,5,0,1
0022501006,3,DAL,ATL,PT02M39.00S,159.0,5,0,0
0022501006,4,DAL,ATL,PT06M48.00S,408.0,5,0,1
0022501007,1,LAL,HOU,PT02M29.00S,149.0,5,0,1
0022501007,3,HOU,LAL,PT04M31.00S,271.0,5,0,1
0022501007,3,LAL,HOU,PT04M17.00S,257.0,5,0,0
0022501007,4,HOU,LAL,PT00M53.60S,53.6,5,2,1
0022501007,4,LAL,HOU,PT00M30.80S,30.8,3,2,0
0022501008,2,CHA,ORL,PT06M44.00S,404.0,5,0,1
0022501008,2,ORL,CHA,PT04M18.00S,258.0,5,0,0
0022501008,3,CHA,ORL,PT05M30.00S,330.0,5,0,1
0022501008,3,ORL,CHA,PT02M35.00S,155.0,5,0,0
0022501008,4,CHA,ORL,PT01M56.00S,116.0,5,1,1
0022501009,1,DET,WAS,PT02M51.00S,171.0,5,0,1
0022501009,1,WAS,DET,PT00M47.00S,47.0,3,2,0
0022501009,3,DET,WAS,PT01M02.00S,62.0,5,1,1
0022501009,4,WAS,DET,PT06M18.00S,378.0,5,0,1
0022501010,1,LAL,MIA,PT03M25.00S,205.0,5,0,1
0022501010,4,MIA,LAL,PT06M28.00S,388.0,5,0,1
0022501010,4,LAL,MIA,PT06M10.00S,370.0,5,0,0
0022501011,1,CLE,CHI,PT00M02.80S,2.8,5,2,1
0022501011,2,CLE,CHI,PT06M30.00S,390.0,5,0,1
0022501011,4,CHI,CLE,PT04M34.00S,274.0,5,0,1
0022501011,4,CLE,CHI,PT00M17.70S,17.7,5,1,0
0022501012,1,LAC,NOP,PT03M02.00S,182.0,5,0,1
0022501012,3,LAC,NOP,PT01M38.00S,98.0,5,1,1
0022501012,4,NOP,LAC,PT06M48.00S,408.0,5,0,1
0022501013,2,SAS,PHX,PT02M16.00S,136.0,5,0,1
0022501013,3,PHX,SAS,PT06M59.00S,419.0,5,0,1
0022501013,3,SAS,PHX,PT01M25.00S,85.0,5,1,0
0022501013,4,SAS,PHX,PT05M12.00S,312.0,5,0,1
0022501013,4,PHX,SAS,PT00M11.10S,11.1,3,2,0
0022501014,1,MIL,UTA,PT00M41.40S,41.4,5,2,1
0022501014,1,UTA,MIL,PT00M28.10S,28.1,5,2,0
0022501014,4,MIL,UTA,PT02M00.00S,120.0,5,1,1
0022501015,2,PHI,SAC,PT02M55.00S,175.0,5,0,1
0022501015,2,SAC,PHI,PT02M22.00S,142.0,5,0,0
0022501015,3,SAC,PHI,PT02M27.00S,147.0,5,0,1
0022501015,3,PHI,SAC,PT02M12.00S,132.0,5,0,0
0022501015,4,SAC,PHI,PT01M00.00S,60.0,5,2,1
0022501016,1,NYK,BKN,PT01M11.00S,71.0,5,1,1
0022501016,2,NYK,BKN,PT04M14.00S,254.0,5,0,1
0022501016,4,BKN,NYK,PT03M33.00S,213.0,5,0,1
0022501016,4,NYK,BKN,PT00M10.50S,10.5,5,2,0
0022501017,1,GSW,DET,PT00M54.10S,54.1,4,2,1
0022501017,2,DET,GSW,PT00M57.20S,57.2,3,2,1
0022501017,4,DET,GSW,PT03M47.00S,227.0,5,0,1
0022501017,4,GSW,DET,PT01M39.00S,99.0,5,1,0
0022501018,1,HOU,ATL,PT00M24.70S,24.7,5,2,1
0022501018,2,HOU,ATL,PT06M26.00S,386.0,5,0,1
0022501018,3,ATL,HOU,PT00M09.80S,9.8,4,2,1
0022501018,4,HOU,ATL,PT03M18.00S,198.0,5,0,1
0022501019,1,BOS,MEM,PT04M17.00S,257.0,5,0,1
0022501019,3,MEM,BOS,PT02M59.00S,179.0,5,0,1
0022501019,3,BOS,MEM,PT01M25.00S,85.0,5,1,0
0022501019,4,BOS,MEM,PT00M15.80S,15.8,5,2,1
0022501020,1,MIN,POR,PT00M35.10S,35.1,4,2,1
0022501020,1,POR,MIN,PT00M28.50S,28.5,3,2,0
0022501020,2,MIN,POR,PT01M34.00S,94.0,5,1,1
0022501020,4,POR,MIN,PT03M02.00S,182.0,5,0,1
0022501020,4,MIN,POR,PT02M48.00S,168.0,5,0,0
0022501021,1,DEN,TOR,PT01M58.00S,118.0,5,1,1
0022501021,2,DEN,TOR,PT00M54.20S,54.2,5,1,1
0022501021,3,TOR,DEN,PT03M28.00S,208.0,5,0,1
0022501021,4,DEN,TOR,PT01M45.00S,105.0,5,1,1
0022501021,4,TOR,DEN,PT00M10.50S,10.5,5,2,0
0022501022,2,WAS,OKC,PT02M10.00S,130.0,5,0,1
0022501022,2,OKC,WAS,PT00M53.10S,53.1,5,1,0
0022501022,3,OKC,WAS,PT02M26.00S,146.0,5,0,1
0022501022,3,WAS,OKC,PT01M34.00S,94.0,5,1,0
0022501022,4,OKC,WAS,PT08M13.00S,493.0,5,0,1
0022501023,1,CHA,MEM,PT00M02.20S,2.2,4,2,1
0022501023,2,MEM,CHA,PT01M53.00S,113.0,5,1,1
0022501023,3,CHA,MEM,PT01M06.00S,66.0,5,1,1
0022501023,4,CHA,MEM,PT08M09.00S,489.0,5,0,1
0022501024,1,ORL,LAL,PT01M17.00S,77.0,5,2,1
0022501024,2,LAL,ORL,PT02M43.00S,163.0,5,0,1
0022501024,3,LAL,ORL,PT07M45.00S,465.0,5,0,1
0022501024,3,ORL,LAL,PT02M14.00S,134.0,5,0,0
0022501024,4,LAL,ORL,PT06M31.00S,391.0,5,0,1
0022501024,4,ORL,LAL,PT00M50.00S,50.0,5,2,0
0022501025,2,NOP,CLE,PT03M19.00S,199.0,5,0,1
0022501025,3,CLE,NOP,PT00M43.70S,43.7,5,2,1
0022501025,4,CLE,NOP,PT03M12.00S,192.0,5,0,1
0022501025,4,NOP,CLE,PT01M13.00S,73.0,5,2,0
0022501026,2,GSW,ATL,PT00M34.10S,34.1,2,2,1
0022501026,2,ATL,GSW,PT00M00.60S,0.6,5,2,0
0022501026,3,GSW,ATL,PT01M37.00S,97.0,5,1,1
0022501026,3,ATL,GSW,PT01M32.00S,92.0,5,1,0
0022501026,4,ATL,GSW,PT05M29.00S,329.0,5,0,1
0022501027,1,HOU,MIA,PT01M14.00S,74.0,5,1,1
0022501027,2,HOU,MIA,PT05M26.00S,326.0,5,0,1
0022501027,4,MIA,HOU,PT00M08.60S,8.6,5,2,1
0022501028,1,IND,SAS,PT00M24.30S,24.3,3,2,1
0022501028,3,SAS,IND,PT08M20.00S,500.0,5,0,1
0022501028,4,IND,SAS,PT02M33.00S,153.0,5,0,1
0022501029,1,DAL,LAC,PT01M07.00S,67.0,5,1,1
0022501029,2,LAC,DAL,PT03M26.00S,206.0,5,0,1
0022501029,4,DAL,LAC,PT06M08.00S,368.0,5,0,1
0022501030,1,UTA,PHI,PT02M56.00S,176.0,5,0,1
0022501030,1,PHI,UTA,PT02M45.00S,165.0,5,0,0
0022501030,2,UTA,PHI,PT06M58.00S,418.0,5,0,1
0022501030,3,PHI,UTA,PT06M24.00S,384.0,5,0,1
0022501030,4,UTA,PHI,PT01M48.00S,108.0,5,1,1
0022501030,4,PHI,UTA,PT01M08.00S,68.0,5,1,0
0022501031,3,PHX,MIL,PT00M03.70S,3.7,3,2,1
0022501031,4,MIL,PHX,PT06M40.00S,400.0,5,0,1
0022501031,4,PHX,MIL,PT02M13.00S,133.0,5,0,0
0022501032,1,DEN,POR,PT03M13.00S,193.0,5,0,1
0022501032,2,DEN,POR,PT00M12.90S,12.9,4,2,1
0022501032,3,POR,DEN,PT02M16.00S,136.0,5,0,1
0022501032,3,DEN,POR,PT00M13.30S,13.3,5,2,0
0022501032,4,POR,DEN,PT05M58.00S,358.0,5,0,1
0022501033,2,SAC,BKN,PT05M00.00S,300.0,5,0,1
0022501033,3,BKN,SAC,PT07M09.00S,429.0,5,0,1
0022501033,3,SAC,BKN,PT03M03.00S,183.0,5,0,0
0022501033,4,SAC,BKN,PT02M11.00S,131.0,5,0,1
0022501033,4,BKN,SAC,PT00M09.50S,9.5,5,2,0
0022501034,2,NYK,WAS,PT02M06.00S,126.0,5,0,1
0022501034,3,NYK,WAS,PT01M25.00S,85.0,5,1,1
0022501034,4,WAS,NYK,PT01M58.00S,118.0,5,1,1
0022501035,2,BOS,MIN,PT00M07.60S,7.6,2,2,1
0022501035,3,BOS,MIN,PT02M30.00S,150.0,5,0,1
0022501035,4,MIN,BOS,PT02M51.00S,171.0,5,0,1
0022501035,4,BOS,MIN,PT02M42.00S,162.0,5,0,0
0022501036,2,PHX,TOR,PT01M26.00S,86.0,5,1,1
0022501036,3,PHX,TOR,PT03M23.00S,203.0,5,0,1
0022501036,4,TOR,PHX,PT05M31.00S,331.0,5,0,1
0022501037,1,ATL,MEM,PT02M36.00S,156.0,5,0,1
0022501037,3,ATL,MEM,PT07M10.00S,430.0,5,0,1
0022501037,3,MEM,ATL,PT01M27.00S,87.0,5,1,0
0022501037,4,ATL,MEM,PT06M09.00S,369.0,5,0,1
0022501037,4,MEM,ATL,PT03M19.00S,199.0,5,0,0
0022501038,1,LAL,DET,PT01M45.00S,105.0,5,1,1
0022501038,2,DET,LAL,PT07M24.00S,444.0,5,0,1
0022501038,2,LAL,DET,PT00M04.40S,4.4,5,2,0
0022501038,4,LAL,DET,PT04M11.00S,251.0,5,0,1
0022501038,4,DET,LAL,PT00M34.60S,34.6,5,1,0
0022501039,1,IND,ORL,PT00M16.40S,16.4,5,1,1
0022501039,2,IND,ORL,PT03M24.00S,204.0,5,0,1
0022501039,2,ORL,IND,PT03M11.00S,191.0,5,0,0
0022501039,3,IND,ORL,PT01M14.00S,74.0,5,1,1
0022501039,4,ORL,IND,PT03M19.00S,199.0,5,0,1
0022501040,4,PHI,OKC,PT00M52.90S,52.9,5,2,1
0022501041,1,SAS,MIA,PT05M19.00S,319.0,5,0,1
0022501041,2,MIA,SAS,PT02M34.00S,154.0,5,0,1
0022501041,2,SAS,MIA,PT01M36.00S,96.0,5,1,0
0022501041,3,SAS,MIA,PT02M03.00S,123.0,5,0,1
0022501041,4,MIA,SAS,PT00M41.80S,41.8,5,2,1
0022501042,1,CHI,HOU,PT01M41.00S,101.0,5,1,1
0022501042,2,HOU,CHI,PT02M44.00S,164.0,5,0,1
0022501042,3,HOU,CHI,PT03M11.00S,191.0,5,0,1
0022501042,3,CHI,HOU,PT00M41.20S,41.2,3,2,0
0022501042,4,CHI,HOU,PT03M37.00S,217.0,5,0,1
0022501043,1,UTA,TOR,PT02M39.00S,159.0,5,0,1
0022501043,2,UTA,TOR,PT05M49.00S,349.0,5,0,1
0022501043,2,TOR,UTA,PT00M52.30S,52.3,5,1,0
0022501043,3,TOR,UTA,PT06M31.00S,391.0,5,0,1
0022501043,3,UTA,TOR,PT02M49.00S,169.0,5,0,0
0022501043,4,UTA,TOR,PT08M51.00S,531.0,5,0,1
0022501044,1,DAL,GSW,PT01M42.00S,102.0,5,1,1
0022501044,2,DAL,GSW,PT06M22.00S,382.0,5,0,1
0022501044,2,GSW,DAL,PT04M46.00S,286.0,5,0,0
0022501044,4,GSW,DAL,PT02M23.00S,143.0,5,0,1
0022501044,5,GSW,DAL,PT01M26.00S,86.0,4,1,1
0022501045,1,POR,BKN,PT04M24.00S,264.0,5,0,1
0022501045,1,BKN,POR,PT00M04.70S,4.7,5,1,0
0022501045,2,BKN,POR,PT05M40.00S,340.0,5,0,1
0022501045,2,POR,BKN,PT05M26.00S,326.0,5,0,0
0022501045,3,POR,BKN,PT03M10.00S,190.0,5,0,1
0022501045,4,POR,BKN,PT00M57.70S,57.7,4,2,1
0022501046,3,MIL,LAC,PT03M56.00S,236.0,5,0,1
0022501046,3,LAC,MIL,PT01M22.00S,82.0,5,1,0
0022501046,4,MIL,LAC,PT03M54.00S,234.0,5,0,1
0022501048,2,NYK,NOP,PT03M31.00S,211.0,5,0,1
0022501048,4,NOP,NYK,PT00M29.40S,29.4,5,1,1
0022501048,4,NYK,NOP,PT00M23.30S,23.3,5,2,0
0022501049,1,CLE,ORL,PT00M21.60S,21.6,5,2,1
0022501049,2,ORL,CLE,PT00M36.70S,36.7,5,2,1
0022501049,2,CLE,ORL,PT00M32.20S,32.2,5,1,0
0022501049,3,ORL,CLE,PT02M55.00S,175.0,5,0,1
0022501049,3,CLE,ORL,PT00M22.30S,22.3,5,1,0
0022501049,4,ORL,CLE,PT04M46.00S,286.0,5,0,1
0022501049,4,CLE,ORL,PT02M05.00S,125.0,5,0,0
0022501050,2,PHX,DEN,PT05M30.00S,330.0,5,0,1
0022501050,2,DEN,PHX,PT01M09.00S,69.0,5,2,0
0022501050,3,DEN,PHX,PT02M54.00S,174.0,5,0,1
0022501050,3,PHX,DEN,PT02M11.00S,131.0,5,0,0
0022501050,4,PHX,DEN,PT04M40.00S,280.0,5,0,1
0022501050,4,DEN,PHX,PT01M30.00S,90.0,5,1,0
0022501051,3,DET,ATL,PT05M13.00S,313.0,5,0,1
0022501051,4,ATL,DET,PT05M53.00S,353.0,5,0,1
0022501052,1,IND,LAL,PT01M03.00S,63.0,5,2,1
0022501052,1,LAL,IND,PT00M49.90S,49.9,5,1,0
0022501052,2,IND,LAL,PT02M49.00S,169.0,5,0,1
0022501052,2,LAL,IND,PT00M43.60S,43.6,5,1,0
0022501052,4,LAL,IND,PT06M26.00S,386.0,5,0,1
0022501053,1,PHI,CHI,PT00M36.30S,36.3,5,1,1
0022501053,2,PHI,CHI,PT04M39.00S,279.0,5,0,1
0022501053,2,CHI,PHI,PT04M30.00S,270.0,5,0,0
0022501053,3,PHI,CHI,PT02M15.00S,135.0,5,0,1
0022501053,3,CHI,PHI,PT00M03.60S,3.6,5,1,0
0022501053,4,CHI,PHI,PT02M43.00S,163.0,5,0,1
0022501053,4,PHI,CHI,PT00M39.30S,39.3,4,2,0
0022501054,1,BOS,OKC,PT00M13.20S,13.2,3,2,1
0022501054,3,BOS,OKC,PT05M36.00S,336.0,5,0,1
0022501054,3,OKC,BOS,PT01M37.00S,97.0,5,1,0
0022501054,4,BOS,OKC,PT06M09.00S,369.0,5,0,1
0022501054,4,OKC,BOS,PT01M30.00S,90.0,5,1,0
0022501055,1,CLE,MIA,PT01M15.00S,75.0,5,1,1
0022501055,2,CLE,MIA,PT01M34.00S,94.0,5,1,1
0022501055,2,MIA,CLE,PT01M24.00S,84.0,5,1,0
0022501055,4,MIA,CLE,PT02M57.00S,177.0,5,0,1
0022501055,4,CLE,MIA,PT02M08.00S,128.0,5,0,0
0022501056,2,SAS,MEM,PT04M10.00S,250.0,5,0,1
0022501056,4,SAS,MEM,PT01M08.00S,68.0,5,2,1
0022501056,4,MEM,SAS,PT01M01.00S,61.0,5,2,0
0022501057,1,WAS,UTA,PT04M54.00S,294.0,5,0,1
0022501057,1,UTA,WAS,PT01M24.00S,84.0,5,2,0
0022501057,2,UTA,WAS,PT09M17.00S,557.0,5,0,1
0022501057,2,WAS,UTA,PT03M38.00S,218.0,5,0,0
0022501057,4,UTA,WAS,PT02M51.00S,171.0,5,0,1
0022501058,1,HOU,MIN,PT05M17.00S,317.0,5,0,1
0022501058,3,HOU,MIN,PT03M08.00S,188.0,5,0,1
0022501058,4,HOU,MIN,PT05M15.00S,315.0,5,0,1
0022501059,2,DEN,DAL,PT00M48.90S,48.9,4,2,1
0022501059,2,DAL,DEN,PT00M18.40S,18.4,5,1,0
0022501059,3,DAL,DEN,PT08M30.00S,510.0,5,0,1
0022501059,3,DEN,DAL,PT04M58.00S,298.0,5,0,0
0022501059,4,DAL,DEN,PT01M10.00S,70.0,5,1,1
0022501059,4,DEN,DAL,PT00M52.80S,52.8,5,1,0
0022501060,1,GSW,BKN,PT02M23.00S,143.0,5,0,1
0022501060,2,BKN,GSW,PT05M35.00S,335.0,5,0,1
0022501060,2,GSW,BKN,PT05M21.00S,321.0,5,0,0
0022501060,4,GSW,BKN,PT00M55.00S,55.0,5,1,1
0022501061,1,POR,MIL,PT04M08.00S,248.0,5,0,1
0022501061,2,MIL,POR,PT01M08.00S,68.0,3,2,1
0022501061,2,POR,MIL,PT00M25.70S,25.7,4,2,0
0022501061,3,POR,MIL,PT04M14.00S,254.0,5,0,1
0022501062,1,LAC,TOR,PT03M14.00S,194.0,5,0,1
0022501062,2,TOR,LAC,PT05M11.00S,311.0,5,0,1
0022501062,4,LAC,TOR,PT05M30.00S,330.0,5,0,1
0022501062,4,TOR,LAC,PT02M33.00S,153.0,5,0,0
0022501063,1,NYK,CHA,PT01M21.00S,81.0,4,2,1
0022501063,3,CHA,NYK,PT03M33.00S,213.0,5,0,1
0022501063,4,CHA,NYK,PT04M26.00S,266.0,5,0,1
0022501064,1,DET,NOP,PT00M05.00S,5.0,4,2,1
0022501064,2,NOP,DET,PT08M25.00S,505.0,5,0,1
0022501064,3,DET,NOP,PT05M22.00S,322.0,5,0,1
0022501064,4,DET,NOP,PT03M58.00S,238.0,5,0,1
0022501065,1,ORL,SAC,PT02M40.00S,160.0,5,0,1
0022501065,2,ORL,SAC,PT03M00.00S,180.0,5,0,1
0022501065,4,ORL,SAC,PT03M24.00S,204.0,5,0,1
0022501066,2,LAC,IND,PT01M23.00S,83.0,5,1,1
0022501066,3,LAC,IND,PT00M12.00S,12.0,5,2,1
0022501066,4,LAC,IND,PT01M46.00S,106.0,5,1,1
0022501066,4,IND,LAC,PT00M00.10S,0.1,5,1,0
0022501067,1,ATL,BOS,PT00M43.30S,43.3,4,2,1
0022501067,2,ATL,BOS,PT00M18.40S,18.4,5,2,1
0022501067,3,BOS,ATL,PT02M42.00S,162.0,5,0,1
0022501067,3,ATL,BOS,PT00M44.90S,44.9,4,2,0
0022501067,4,BOS,ATL,PT01M52.00S,112.0,4,2,1
0022501068,1,CLE,MIA,PT00M36.10S,36.1,5,1,1
0022501068,3,MIA,CLE,PT03M23.00S,203.0,5,0,1
0022501068,3,CLE,MIA,PT00M08.20S,8.2,5,2,0
0022501068,4,MIA,CLE,PT03M56.00S,236.0,5,0,1
0022501068,4,CLE,MIA,PT02M56.00S,176.0,5,0,0
0022501069,3,HOU,MEM,PT06M41.00S,401.0,5,0,1
0022501069,3,MEM,HOU,PT06M28.00S,388.0,5,0,0
0022501069,4,HOU,MEM,PT06M03.00S,363.0,5,0,1
0022501070,2,CHI,OKC,PT01M28.00S,88.0,5,1,1
0022501070,3,OKC,CHI,PT05M52.00S,352.0,5,0,1
0022501070,4,CHI,OKC,PT03M23.00S,203.0,5,0,1
0022501071,3,NOP,TOR,PT07M35.00S,455.0,5,0,1
0022501071,4,NOP,TOR,PT04M10.00S,250.0,5,0,1
0022501072,1,DEN,UTA,PT00M30.80S,30.8,5,1,1
0022501072,2,UTA,DEN,PT01M24.00S,84.0,5,2,1
0022501072,3,DEN,UTA,PT05M12.00S,312.0,5,0,1
0022501072,3,UTA,DEN,PT00M06.00S,6.0,5,2,0
0022501072,4,DEN,UTA,PT05M40.00S,340.0,5,0,1
0022501073,1,GSW,WAS,PT00M29.10S,29.1,5,1,1
0022501073,2,GSW,WAS,PT00M35.20S,35.2,3,2,1
0022501073,3,GSW,WAS,PT05M31.00S,331.0,5,0,1
0022501073,4,GSW,WAS,PT05M46.00S,346.0,5,0,1
0022501073,4,WAS,GSW,PT01M00.00S,60.0,5,1,0
0022501074,2,DAL,POR,PT05M27.00S,327.0,5,0,1
0022501074,2,POR,DAL,PT03M43.00S,223.0,5,0,0
0022501074,3,DAL,POR,PT03M20.00S,200.0,5,0,1
0022501074,3,POR,DAL,PT03M04.00S,184.0,5,0,0
0022501074,4,DAL,POR,PT04M01.00S,241.0,5,0,1
0022501075,1,LAL,BKN,PT02M41.00S,161.0,5,0,1
0022501075,2,LAL,BKN,PT04M44.00S,284.0,5,0,1
0022501075,3,LAL,BKN,PT07M34.00S,454.0,5,0,1
0022501075,3,BKN,LAL,PT05M00.00S,300.0,5,0,0
0022501075,4,LAL,BKN,PT04M17.00S,257.0,5,0,1
0022501076,4,SAS,MIL,PT09M04.00S,544.0,5,0,1
0022501077,1,PHI,CHA,PT03M42.00S,222.0,5,0,1
0022501077,1,CHA,PHI,PT03M27.00S,207.0,5,0,0
0022501077,2,CHA,PHI,PT02M53.00S,173.0,5,0,1
0022501077,3,CHA,PHI,PT03M41.00S,221.0,5,0,1
0022501077,3,PHI,CHA,PT00M27.60S,27.6,4,2,0
0022501077,4,CHA,PHI,PT06M54.00S,414.0,5,0,1
0022501077,4,PHI,CHA,PT01M39.00S,99.0,5,1,0
0022501078,2,ATL,SAC,PT04M12.00S,252.0,5,0,1
0022501078,3,ATL,SAC,PT00M03.80S,3.8,5,1,1
0022501078,4,SAC,ATL,PT00M37.70S,37.7,4,2,1
0022501079,1,CHI,MEM,PT06M31.00S,391.0,5,0,1
0022501079,1,MEM,CHI,PT01M46.00S,106.0,5,1,0
0022501079,3,CHI,MEM,PT06M49.00S,409.0,5,0,1
0022501079,3,MEM,CHI,PT00M51.40S,51.4,4,2,0
0022501079,4,CHI,MEM,PT04M40.00S,280.0,5,0,1
0022501079,4,MEM,CHI,PT00M06.50S,6.5,5,1,0
0022501080,2,DET,MIN,PT01M23.00S,83.0,5,1,1
0022501080,2,MIN,DET,PT00M43.00S,43.0,5,1,0
0022501080,3,MIN,DET,PT03M06.00S,186.0,5,0,1
0022501080,4,MIN,DET,PT02M01.00S,121.0,5,0,1
0022501081,2,PHX,UTA,PT03M50.00S,230.0,5,0,1
0022501081,3,PHX,UTA,PT03M47.00S,227.0,5,0,1
0022501081,4,UTA,PHX,PT04M17.00S,257.0,5,0,1
0022501082,2,LAC,MIL,PT01M19.00S,79.0,5,2,1
0022501082,3,LAC,MIL,PT09M29.00S,569.0,5,0,1
0022501082,3,MIL,LAC,PT01M34.00S,94.0,5,1,0
0022501082,4,MIL,LAC,PT07M24.00S,444.0,5,0,1
0022501082,4,LAC,MIL,PT06M04.00S,364.0,5,0,0
0022501083,1,MIA,IND,PT03M15.00S,195.0,5,0,1
0022501083,2,MIA,IND,PT03M31.00S,211.0,5,0,1
0022501083,2,IND,MIA,PT03M17.00S,197.0,5,0,0
0022501084,2,BKN,SAC,PT05M48.00S,348.0,5,0,1
0022501084,2,SAC,BKN,PT02M57.00S,177.0,5,0,0
0022501084,3,BKN,SAC,PT05M07.00S,307.0,5,0,1
0022501084,4,SAC,BKN,PT02M59.00S,179.0,5,0,1
0022501085,1,BOS,CHA,PT00M00.90S,0.9,3,2,1
0022501085,2,CHA,BOS,PT05M22.00S,322.0,5,0,1
0022501085,2,BOS,CHA,PT03M42.00S,222.0,5,0,0
0022501085,4,CHA,BOS,PT00M49.10S,49.1,5,1,1
0022501086,1,TOR,ORL,PT00M38.40S,38.4,5,2,1
0022501086,2,ORL,TOR,PT05M30.00S,330.0,5,0,1
0022501086,2,TOR,ORL,PT05M12.00S,312.0,5,0,0
0022501086,3,TOR,ORL,PT01M10.00S,70.0,4,2,1
0022501087,1,POR,WAS,PT00M13.70S,13.7,3,2,1
0022501087,2,POR,WAS,PT03M36.00S,216.0,5,0,1
0022501087,2,WAS,POR,PT01M49.00S,109.0,5,1,0
0022501087,3,POR,WAS,PT08M15.00S,495.0,5,0,1
0022501087,3,WAS,POR,PT01M05.00S,65.0,5,2,0
0022501087,4,WAS,POR,PT04M42.00S,282.0,5,0,1
0022501087,4,POR,WAS,PT02M45.00S,165.0,5,0,0
0022501088,2,HOU,NOP,PT02M33.00S,153.0,5,0,1
0022501088,2,NOP,HOU,PT01M31.00S,91.0,5,1,0
0022501088,3,HOU,NOP,PT03M57.00S,237.0,5,0,1
0022501088,3,NOP,HOU,PT02M34.00S,154.0,5,0,0
0022501088,4,NOP,HOU,PT01M33.00S,93.0,5,1,1
0022501089,2,OKC,NYK,PT06M16.00S,376.0,5,0,1
0022501089,2,NYK,OKC,PT01M28.00S,88.0,5,1,0
0022501089,3,OKC,NYK,PT05M07.00S,307.0,5,0,1
0022501089,3,NYK,OKC,PT00M17.80S,17.8,5,2,0
0022501089,4,NYK,OKC,PT06M33.00S,393.0,5,0,1
0022501089,4,OKC,NYK,PT00M50.10S,50.1,3,2,0
0022501090,1,DEN,GSW,PT03M19.00S,199.0,5,0,1
0022501090,2,DEN,GSW,PT02M51.00S,171.0,5,0,1
0022501090,3,GSW,DEN,PT02M01.00S,121.0,5,0,1
0022501090,4,GSW,DEN,PT01M05.00S,65.0,4,2,1
0022501091,1,MIA,PHI,PT00M42.80S,42.8,5,2,1
0022501091,3,MIA,PHI,PT08M22.00S,502.0,5,0,1
0022501091,4,MIA,PHI,PT00M26.90S,26.9,3,2,1
0022501092,3,BOS,ATL,PT04M07.00S,247.0,5,0,1
0022501092,3,ATL,BOS,PT01M18.00S,78.0,5,2,0
0022501092,4,BOS,ATL,PT00M30.00S,30.0,5,2,1
0022501092,4,ATL,BOS,PT00M27.10S,27.1,4,2,0
0022501093,1,PHX,MEM,PT02M54.00S,174.0,5,0,1
0022501093,1,MEM,PHX,PT00M01.30S,1.3,5,2,0
0022501093,4,MEM,PHX,PT00M24.20S,24.2,4,2,1
0022501094,2,SAS,CHI,PT01M48.00S,108.0,4,2,1
0022501094,3,CHI,SAS,PT01M56.00S,116.0,5,1,1
0022501094,4,SAS,CHI,PT08M25.00S,505.0,5,0,1
0022501095,1,DAL,MIN,PT00M02.00S,2.0,5,1,1
0022501095,2,DAL,MIN,PT00M30.10S,30.1,5,2,1
0022501095,3,DAL,MIN,PT04M52.00S,292.0,5,0,1
0022501095,3,MIN,DAL,PT02M44.00S,164.0,5,0,0
0022501095,4,DAL,MIN,PT06M37.00S,397.0,5,0,1
0022501096,1,CLE,UTA,PT00M54.80S,54.8,5,2,1
0022501096,3,UTA,CLE,PT00M04.90S,4.9,5,1,1
0022501096,3,CLE,UTA,PT00M00.90S,0.9,5,1,0
0022501096,4,UTA,CLE,PT04M18.00S,258.0,5,0,1
0022501096,4,CLE,UTA,PT04M01.00S,241.0,5,0,0
0022501097,1,OKC,DET,PT03M06.00S,186.0,5,0,1
0022501097,2,OKC,DET,PT00M33.50S,33.5,5,2,1
0022501097,3,DET,OKC,PT04M27.00S,267.0,5,0,1
0022501097,4,OKC,DET,PT00M42.80S,42.8,5,2,1
0022501097,4,DET,OKC,PT00M31.20S,31.2,5,2,0
0022501097,5,OKC,DET,PT00M13.30S,13.3,2,2,1
0022501098,2,LAL,WAS,PT03M22.00S,202.0,5,0,1
0022501098,3,LAL,WAS,PT02M43.00S,163.0,5,0,1
0022501098,3,WAS,LAL,PT00M29.10S,29.1,5,2,0
0022501098,4,WAS,LAL,PT02M20.00S,140.0,5,0,1
0022501099,1,ORL,PHX,PT07M20.00S,440.0,5,0,1
0022501099,1,PHX,ORL,PT01M43.00S,103.0,5,1,0
0022501099,2,PHX,ORL,PT07M13.00S,433.0,5,0,1
0022501099,2,ORL,PHX,PT06M21.00S,381.0,5,0,0
0022501099,3,PHX,ORL,PT04M22.00S,262.0,5,0,1
0022501099,3,ORL,PHX,PT04M07.00S,247.0,5,0,0
0022501099,4,ORL,PHX,PT00M01.10S,1.1,5,2,1
0022501100,2,BKN,CHA,PT06M35.00S,395.0,5,0,1
0022501100,2,CHA,BKN,PT00M35.00S,35.0,5,2,0
0022501100,3,CHA,BKN,PT05M52.00S,352.0,5,0,1
0022501100,4,BKN,CHA,PT04M01.00S,241.0,5,0,1
0022501101,1,TOR,DET,PT05M13.00S,313.0,5,0,1
0022501101,2,DET,TOR,PT00M32.00S,32.0,5,2,1
0022501101,2,TOR,DET,PT00M11.00S,11.0,5,1,0
0022501101,3,DET,TOR,PT05M43.00S,343.0,5,0,1
0022501101,3,TOR,DET,PT00M44.90S,44.9,4,2,0
0022501101,4,DET,TOR,PT04M29.00S,269.0,5,0,1
0022501102,1,HOU,NYK,PT00M02.00S,2.0,3,2,1
0022501102,2,HOU,NYK,PT01M00.00S,60.0,5,2,1
0022501102,3,NYK,HOU,PT01M23.00S,83.0,5,2,1
0022501102,3,HOU,NYK,PT01M04.00S,64.0,4,2,0
0022501103,2,CLE,LAL,PT05M35.00S,335.0,5,0,1
0022501103,3,LAL,CLE,PT06M32.00S,392.0,5,0,1
0022501103,3,CLE,LAL,PT02M37.00S,157.0,5,0,0
0022501103,4,CLE,LAL,PT00M58.90S,58.9,4,2,1
0022501104,1,LAC,POR,PT02M55.00S,175.0,5,0,1
0022501104,3,LAC,POR,PT04M37.00S,277.0,5,0,1
0022501104,3,POR,LAC,PT01M58.00S,118.0,5,1,0
0022501105,2,WAS,PHI,PT03M08.00S,188.0,5,0,1
0022501105,2,PHI,WAS,PT01M25.00S,85.0,5,1,0
0022501105,3,WAS,PHI,PT01M32.00S,92.0,5,1,1
0022501105,4,WAS,PHI,PT00M25.30S,25.3,5,1,1
0022501106,1,MIA,BOS,PT05M15.00S,315.0,5,0,1
0022501106,4,BOS,MIA,PT05M41.00S,341.0,5,0,1
0022501107,1,ORL,ATL,PT07M01.00S,421.0,5,0,1
0022501107,1,ATL,ORL,PT01M19.00S,79.0,4,2,0
0022501107,2,ATL,ORL,PT05M06.00S,306.0,5,0,1
0022501107,2,ORL,ATL,PT01M41.00S,101.0,5,2,0
0022501107,3,ORL,ATL,PT01M06.00S,66.0,5,2,1
0022501107,4,ATL,ORL,PT03M39.00S,219.0,5,0,1
0022501107,4,ORL,ATL,PT00M22.60S,22.6,5,2,0
0022501108,1,SAC,TOR,PT03M59.00S,239.0,5,0,1
0022501108,2,TOR,SAC,PT06M26.00S,386.0,5,0,1
0022501108,4,SAC,TOR,PT04M44.00S,284.0,5,0,1
0022501108,4,TOR,SAC,PT02M38.00S,158.0,5,0,0
0022501109,2,CHI,IND,PT01M40.00S,100.0,5,1,1
0022501109,3,CHI,IND,PT01M54.00S,114.0,5,1,1
0022501109,4,CHI,IND,PT02M33.00S,153.0,5,0,1
0022501110,4,MIL,HOU,PT03M47.00S,227.0,5,0,1
0022501110,4,HOU,MIL,PT00M16.10S,16.1,5,2,0
0022501111,1,DAL,MEM,PT05M07.00S,307.0,5,0,1
0022501111,1,MEM,DAL,PT00M06.20S,6.2,5,2,0
0022501111,2,DAL,MEM,PT07M41.00S,461.0,5,0,1
0022501111,3,MEM,DAL,PT01M05.00S,65.0,5,1,1
0022501112,1,UTA,DEN,PT00M03.10S,3.1,3,2,1
0022501112,2,DEN,UTA,PT05M58.00S,358.0,5,0,1
0022501112,2,UTA,DEN,PT00M02.60S,2.6,5,1,0
0022501112,3,DEN,UTA,PT06M23.00S,383.0,5,0,1
0022501112,3,UTA,DEN,PT01M01.00S,61.0,3,2,0
0022501112,4,DEN,UTA,PT04M10.00S,250.0,5,0,1
0022501112,4,UTA,DEN,PT01M33.00S,93.0,3,2,0
0022501113,1,SAS,GSW,PT06M10.00S,370.0,5,0,1
0022501113,2,SAS,GSW,PT04M50.00S,290.0,5,0,1
0022501113,3,GSW,SAS,PT07M33.00S,453.0,5,0,1
0022501113,3,SAS,GSW,PT01M36.00S,96.0,5,1,0
0022501113,4,GSW,SAS,PT03M41.00S,221.0,5,0,1
0022501114,3,CHA,PHX,PT01M08.00S,68.0,5,2,1
0022501114,4,CHA,PHX,PT05M53.00S,353.0,5,0,1
0022501114,4,PHX,CHA,PT02M14.00S,134.0,5,0,0
0022501115,1,MIN,DET,PT02M44.00S,164.0,5,0,1
0022501115,2,DET,MIN,PT00M33.30S,33.3,5,1,1
0022501115,4,DET,MIN,PT03M29.00S,209.0,5,0,1
0022501115,4,MIN,DET,PT02M50.00S,170.0,5,0,0
0022501116,1,LAL,OKC,PT02M25.00S,145.0,5,0,1
0022501116,2,OKC,LAL,PT04M34.00S,274.0,5,0,1
0022501116,2,LAL,OKC,PT01M33.00S,93.0,5,1,0
0022501117,1,CLE,GSW,PT01M11.00S,71.0,5,1,1
0022501117,3,CLE,GSW,PT03M32.00S,212.0,5,0,1
0022501117,3,GSW,CLE,PT02M33.00S,153.0,5,0,0
0022501117,4,CLE,GSW,PT00M15.30S,15.3,5,1,1
0022501118,1,POR,NOP,PT04M58.00S,298.0,5,0,1
0022501118,2,NOP,POR,PT04M22.00S,262.0,5,0,1
0022501118,4,NOP,POR,PT04M26.00S,266.0,5,0,1
0022501118,4,POR,NOP,PT03M22.00S,202.0,5,0,0
0022501119,2,LAC,SAS,PT01M34.00S,94.0,5,1,1
0022501119,3,LAC,SAS,PT04M16.00S,256.0,5,0,1
0022501119,3,SAS,LAC,PT02M05.00S,125.0,5,0,0
0022501119,4,LAC,SAS,PT00M40.60S,40.6,5,1,1
0022501120,1,CHA,IND,PT02M38.00S,158.0,5,0,1
0022501120,2,IND,CHA,PT06M09.00S,369.0,5,0,1
0022501121,3,PHI,MIN,PT04M22.00S,262.0,5,0,1
0022501121,4,MIN,PHI,PT04M35.00S,275.0,5,0,1
0022501122,1,ATL,BKN,PT05M19.00S,319.0,5,0,1
0022501122,2,ATL,BKN,PT03M50.00S,230.0,5,0,1
0022501122,2,BKN,ATL,PT00M06.60S,6.6,5,1,0
0022501122,4,BKN,ATL,PT02M44.00S,164.0,5,0,1
0022501123,2,CHI,NYK,PT01M19.00S,79.0,3,2,1
0022501123,3,NYK,CHI,PT07M14.00S,434.0,5,0,1
0022501123,3,CHI,NYK,PT05M57.00S,357.0,5,0,0
0022501123,4,CHI,NYK,PT06M28.00S,388.0,5,0,1
0022501123,4,NYK,CHI,PT01M59.00S,119.0,5,1,0
0022501124,1,HOU,UTA,PT00M49.60S,49.6,5,2,1
0022501124,2,HOU,UTA,PT00M49.40S,49.4,5,2,1
0022501124,3,HOU,UTA,PT00M00.60S,0.6,5,1,1
0022501124,4,HOU,UTA,PT02M40.00S,160.0,5,0,1
0022501124,4,UTA,HOU,PT02M19.00S,139.0,5,0,0
0022501125,1,TOR,MEM,PT04M53.00S,293.0,5,0,1
0022501125,1,MEM,TOR,PT01M22.00S,82.0,4,2,0
0022501125,2,MEM,TOR,PT05M49.00S,349.0,5,0,1
0022501125,2,TOR,MEM,PT03M39.00S,219.0,5,0,0
0022501125,3,TOR,MEM,PT05M16.00S,316.0,5,0,1
0022501125,3,MEM,TOR,PT02M43.00S,163.0,5,0,0
0022501125,4,TOR,MEM,PT01M02.00S,62.0,5,1,1
0022501126,2,MIL,BOS,PT00M46.90S,46.9,2,2,1
0022501126,3,BOS,MIL,PT05M09.00S,309.0,5,0,1
0022501127,1,ORL,DAL,PT01M40.00S,100.0,5,1,1
0022501127,1,DAL,ORL,PT01M40.00S,100.0,5,1,0
0022501127,2,ORL,DAL,PT01M06.00S,66.0,4,2,1
0022501127,3,ORL,DAL,PT03M36.00S,216.0,5,0,1
0022501127,3,DAL,ORL,PT02M12.00S,132.0,5,0,0
0022501127,4,DAL,ORL,PT03M35.00S,215.0,5,0,1
0022501128,1,NOP,SAC,PT00M01.20S,1.2,5,1,1
0022501128,2,SAC,NOP,PT03M24.00S,204.0,5,0,1
0022501128,4,SAC,NOP,PT00M16.80S,16.8,4,2,1
0022501129,1,MIA,WAS,PT02M29.00S,149.0,5,0,1
0022501129,2,MIA,WAS,PT06M42.00S,402.0,5,0,1
0022501129,3,WAS,MIA,PT01M33.00S,93.0,5,1,1
0022501129,3,MIA,WAS,PT00M05.20S,5.2,4,2,0
0022501129,4,WAS,MIA,PT01M46.00S,106.0,5,1,1
0022501129,4,MIA,WAS,PT01M24.00S,84.0,3,2,0
0022501130,1,DEN,SAS,PT03M33.00S,213.0,5,0,1
0022501130,2,SAS,DEN,PT05M55.00S,355.0,5,0,1
0022501130,2,DEN,SAS,PT03M46.00S,226.0,5,0,0
0022501130,3,SAS,DEN,PT03M19.00S,199.0,5,0,1
0022501130,4,SAS,DEN,PT01M39.00S,99.0,5,1,1
0022501130,4,DEN,SAS,PT00M32.10S,32.1,4,2,0
0022501130,5,DEN,SAS,PT00M03.40S,3.4,2,2,1
0022501131,1,DET,PHI,PT04M56.00S,296.0,5,0,1
0022501131,1,PHI,DET,PT00M22.00S,22.0,5,1,0
0022501132,4,BOS,TOR,PT03M41.00S,221.0,5,0,1
0022501133,1,WAS,BKN,PT02M49.00S,169.0,5,0,1
0022501133,3,BKN,WAS,PT00M23.50S,23.5,5,1,1
0022501133,4,WAS,BKN,PT01M04.00S,64.0,5,1,1
0022501133,4,BKN,WAS,PT00M23.20S,23.2,5,2,0
0022501134,1,CHI,PHX,PT03M04.00S,184.0,5,0,1
0022501134,2,CHI,PHX,PT00M59.60S,59.6,5,1,1
0022501134,2,PHX,CHI,PT00M48.30S,48.3,5,1,0
0022501134,3,PHX,CHI,PT03M47.00S,227.0,5,0,1
0022501134,4,CHI,PHX,PT06M39.00S,399.0,5,0,1
0022501134,4,PHX,CHI,PT00M40.90S,40.9,5,1,0
0022501135,1,MIL,MEM,PT02M42.00S,162.0,5,0,1
0022501135,2,MEM,MIL,PT01M56.00S,116.0,5,1,1
0022501135,3,MIL,MEM,PT04M07.00S,247.0,5,0,1
0022501135,3,MEM,MIL,PT00M32.30S,32.3,5,2,0
0022501135,4,MIL,MEM,PT01M53.00S,113.0,5,1,1
0022501136,1,IND,CLE,PT00M47.90S,47.9,4,2,1
0022501136,2,IND,CLE,PT06M59.00S,419.0,5,0,1
0022501136,3,IND,CLE,PT06M58.00S,418.0,5,0,1
0022501137,2,MIN,CHA,PT03M17.00S,197.0,5,0,1
0022501137,3,MIN,CHA,PT03M32.00S,212.0,5,0,1
0022501137,4,CHA,MIN,PT03M15.00S,195.0,5,0,1
0022501137,4,MIN,CHA,PT02M17.00S,137.0,5,0,0
0022501138,1,NOP,ORL,PT01M37.00S,97.0,5,1,1
0022501138,2,NOP,ORL,PT03M55.00S,235.0,5,0,1
0022501138,2,ORL,NOP,PT00M31.20S,31.2,5,1,0
0022501138,3,ORL,NOP,PT07M01.00S,421.0,5,0,1
0022501138,4,ORL,NOP,PT02M11.00S,131.0,5,0,1
0022501138,4,NOP,ORL,PT00M21.30S,21.3,5,2,0
0022501139,3,OKC,UTA,PT00M05.00S,5.0,5,1,1
0022501139,4,UTA,OKC,PT02M43.00S,163.0,5,0,1
0022501140,2,DAL,LAL,PT02M32.00S,152.0,5,0,1
0022501140,3,DAL,LAL,PT04M32.00S,272.0,5,0,1
0022501140,3,LAL,DAL,PT01M20.00S,80.0,5,2,0
0022501140,4,LAL,DAL,PT04M22.00S,262.0,5,0,1
0022501140,4,DAL,LAL,PT01M09.00S,69.0,5,1,0
0022501141,2,SAC,LAC,PT00M48.70S,48.7,5,1,1
0022501141,2,LAC,SAC,PT00M01.20S,1.2,4,2,0
0022501141,3,SAC,LAC,PT05M13.00S,313.0,5,0,1
0022501141,3,LAC,SAC,PT00M00.30S,0.3,3,2,0
0022501141,4,LAC,SAC,PT03M53.00S,233.0,5,0,1
0022501141,4,SAC,LAC,PT02M21.00S,141.0,5,0,0
0022501142,3,HOU,GSW,PT08M38.00S,518.0,5,0,1
0022501142,3,GSW,HOU,PT03M00.00S,180.0,5,0,0
0022501142,4,HOU,GSW,PT01M09.00S,69.0,5,1,1
0022501143,4,NYK,ATL,PT00M01.20S,1.2,5,2,1
0022501144,1,ORL,DET,PT04M20.00S,260.0,5,0,1
0022501144,1,DET,ORL,PT00M11.50S,11.5,3,2,0
0022501144,2,DET,ORL,PT08M29.00S,509.0,5,0,1
0022501144,2,ORL,DET,PT04M42.00S,282.0,5,0,0
0022501144,3,ORL,DET,PT01M10.00S,70.0,4,2,1
0022501144,4,DET,ORL,PT01M50.00S,110.0,5,1,1
0022501145,1,CLE,MEM,PT01M46.00S,106.0,5,1,1
0022501145,2,CLE,MEM,PT04M36.00S,276.0,5,0,1
0022501145,2,MEM,CLE,PT04M07.00S,247.0,5,0,0
0022501145,3,CLE,MEM,PT01M04.00S,64.0,5,1,1
0022501145,4,CLE,MEM,PT08M16.00S,496.0,5,0,1
0022501146,2,PHI,SAS,PT07M11.00S,431.0,5,0,1
0022501146,2,SAS,PHI,PT05M21.00S,321.0,5,0,0
0022501146,3,PHI,SAS,PT05M10.00S,310.0,5,0,1
0022501146,3,SAS,PHI,PT01M01.00S,61.0,5,1,0
0022501146,4,PHI,SAS,PT03M35.00S,215.0,5,0,1
0022501147,2,POR,DEN,PT04M30.00S,270.0,5,0,1
0022501147,2,DEN,POR,PT02M18.00S,138.0,5,0,0
0022501147,3,DEN,POR,PT00M54.00S,54.0,4,2,1
0022501147,4,POR,DEN,PT02M33.00S,153.0,5,0,1
0022501147,4,DEN,POR,PT01M50.00S,110.0,5,1,0
0022501148,1,WAS,CHI,PT05M13.00S,313.0,5,0,1
0022501148,1,CHI,WAS,PT03M48.00S,228.0,5,0,0
0022501148,2,WAS,CHI,PT00M37.80S,37.8,5,1,1
0022501148,3,WAS,CHI,PT02M43.00S,163.0,5,0,1
0022501148,4,WAS,CHI,PT02M37.00S,157.0,5,0,1
0022501148,4,CHI,WAS,PT00M44.70S,44.7,2,2,0
0022501149,2,BOS,CHA,PT05M26.00S,326.0,5,0,1
0022501150,2,BKN,MIL,PT03M43.00S,223.0,5,0,1
0022501150,2,MIL,BKN,PT00M53.00S,53.0,5,2,0
0022501150,4,BKN,MIL,PT00M16.60S,16.6,5,1,1
0022501151,2,MIA,TOR,PT04M07.00S,247.0,5,0,1
0022501151,3,MIA,TOR,PT01M51.00S,111.0,5,1,1
0022501151,4,TOR,MIA,PT00M17.20S,17.2,4,2,1
0022501152,1,IND,MIN,PT01M10.00S,70.0,5,1,1
0022501152,2,IND,MIN,PT02M38.00S,158.0,5,0,1
0022501152,2,MIN,IND,PT01M27.00S,87.0,5,1,0
0022501152,3,IND,MIN,PT02M23.00S,143.0,5,0,1
0022501153,1,UTA,NOP,PT01M56.00S,116.0,5,1,1
0022501153,2,NOP,UTA,PT00M55.20S,55.2,3,2,1
0022501153,3,NOP,UTA,PT02M57.00S,177.0,5,0,1
0022501153,4,UTA,NOP,PT06M54.00S,414.0,5,0,1
0022501153,4,NOP,UTA,PT00M31.70S,31.7,5,2,0
0022501154,2,GSW,SAC,PT03M58.00S,238.0,5,0,1
0022501154,2,SAC,GSW,PT00M52.30S,52.3,2,2,0
0022501154,4,GSW,SAC,PT03M15.00S,195.0,5,0,1
0022501154,4,SAC,GSW,PT00M31.00S,31.0,3,2,0
0022501155,2,LAL,OKC,PT01M46.00S,106.0,5,2,1
0022501155,4,LAL,OKC,PT05M45.00S,345.0,5,0,1
0022501156,1,LAC,DAL,PT03M49.00S,229.0,5,0,1
0022501156,2,DAL,LAC,PT02M57.00S,177.0,5,0,1
0022501156,3,DAL,LAC,PT07M18.00S,438.0,5,0,1
0022501156,3,LAC,DAL,PT01M13.00S,73.0,4,2,0
0022501156,4,DAL,LAC,PT00M29.20S,29.2,3,2,1
0022501157,2,PHX,HOU,PT05M21.00S,321.0,5,0,1
0022501157,2,HOU,PHX,PT00M15.50S,15.5,4,2,0
0022501157,3,PHX,HOU,PT08M11.00S,491.0,5,0,1
0022501157,4,HOU,PHX,PT03M14.00S,194.0,5,0,1
0022501158,1,CLE,ATL,PT01M01.00S,61.0,5,2,1
0022501158,3,ATL,CLE,PT01M12.00S,72.0,5,1,1
0022501158,4,CLE,ATL,PT03M50.00S,230.0,5,0,1
0022501159,2,MIN,ORL,PT01M32.00S,92.0,5,1,1
0022501159,3,ORL,MIN,PT02M32.00S,152.0,5,0,1
0022501159,4,MIN,ORL,PT01M39.00S,99.0,5,1,1
0022501160,1,DET,MIL,PT00M39.70S,39.7,4,2,1
0022501160,1,MIL,DET,PT00M04.00S,4.0,4,2,0
0022501160,2,DET,MIL,PT00M32.80S,32.8,5,1,1
0022501160,3,DET,MIL,PT01M45.00S,105.0,5,1,1
0022501160,4,DET,MIL,PT09M48.00S,588.0,5,0,1
0022501160,4,MIL,DET,PT05M54.00S,354.0,5,0,0
0022501161,1,POR,SAS,PT01M07.00S,67.0,3,2,1
0022501161,2,SAS,POR,PT05M42.00S,342.0,5,0,1
0022501161,2,POR,SAS,PT00M01.60S,1.6,4,2,0
0022501162,1,DEN,MEM,PT03M25.00S,205.0,5,0,1
0022501162,2,MEM,DEN,PT07M52.00S,472.0,5,0,1
0022501162,2,DEN,MEM,PT02M29.00S,149.0,5,0,0
0022501162,4,MEM,DEN,PT05M56.00S,356.0,5,0,1
0022501163,2,OKC,LAC,PT05M27.00S,327.0,5,0,1
0022501163,2,LAC,OKC,PT04M44.00S,284.0,5,0,0
0022501163,3,LAC,OKC,PT06M00.00S,360.0,5,0,1
0022501164,2,DAL,PHX,PT04M37.00S,277.0,5,0,1
0022501164,3,DAL,PHX,PT05M34.00S,334.0,5,0,1
0022501165,1,TOR,MIA,PT05M18.00S,318.0,5,0,1
0022501165,2,TOR,MIA,PT07M45.00S,465.0,5,0,1
0022501165,2,MIA,TOR,PT04M04.00S,244.0,5,0,0
0022501165,4,TOR,MIA,PT00M33.60S,33.6,5,1,1
0022501166,2,WAS,CHI,PT01M18.00S,78.0,5,1,1
0022501166,2,CHI,WAS,PT00M00.10S,0.1,3,2,0
0022501166,3,CHI,WAS,PT01M36.00S,96.0,5,2,1
0022501166,4,WAS,CHI,PT08M24.00S,504.0,5,0,1
0022501167,1,BKN,IND,PT00M35.70S,35.7,3,2,1
0022501167,1,IND,BKN,PT00M01.40S,1.4,5,1,0
0022501167,2,BKN,IND,PT00M10.00S,10.0,3,2,1
0022501167,3,IND,BKN,PT03M36.00S,216.0,5,0,1
0022501167,4,BKN,IND,PT05M59.00S,359.0,5,0,1
0022501168,1,NYK,BOS,PT01M43.00S,103.0,5,1,1
0022501168,2,BOS,NYK,PT01M40.00S,100.0,5,1,1
0022501168,3,NYK,BOS,PT01M32.00S,92.0,5,2,1
0022501169,1,HOU,PHI,PT01M51.00S,111.0,5,1,1
0022501169,2,HOU,PHI,PT06M03.00S,363.0,5,0,1
0022501169,3,HOU,PHI,PT04M17.00S,257.0,5,0,1
0022501169,4,PHI,HOU,PT03M28.00S,208.0,5,0,1
0022501169,4,HOU,PHI,PT01M51.00S,111.0,5,1,0
0022501170,4,GSW,LAL,PT02M46.00S,166.0,5,0,1
0022501171,1,CHA,DET,PT01M01.00S,61.0,5,1,1
0022501171,2,CHA,DET,PT02M23.00S,143.0,5,0,1
0022501171,3,CHA,DET,PT00M12.90S,12.9,5,1,1
0022501171,4,DET,CHA,PT06M23.00S,383.0,5,0,1
0022501172,1,WAS,MIA,PT01M08.00S,68.0,5,1,1
0022501172,2,MIA,WAS,PT06M26.00S,386.0,5,0,1
0022501172,2,WAS,MIA,PT02M21.00S,141.0,5,0,0
0022501172,4,WAS,MIA,PT00M51.80S,51.8,5,1,1
0022501173,1,CLE,ATL,PT00M33.90S,33.9,5,1,1
0022501173,2,ATL,CLE,PT01M40.00S,100.0,5,1,1
0022501173,3,ATL,CLE,PT00M43.30S,43.3,5,1,1
0022501173,4,CLE,ATL,PT00M55.20S,55.2,5,1,1
0022501173,4,ATL,CLE,PT00M47.20S,47.2,5,2,0
0022501174,1,BOS,NOP,PT00M10.00S,10.0,5,2,1
0022501174,2,NOP,BOS,PT04M58.00S,298.0,5,0,1
0022501174,2,BOS,NOP,PT02M52.00S,172.0,5,0,0
0022501174,3,NOP,BOS,PT04M48.00S,288.0,5,0,1
0022501174,3,BOS,NOP,PT00M05.00S,5.0,5,1,0
0022501174,4,NOP,BOS,PT00M26.80S,26.8,5,2,1
0022501175,2,PHI,IND,PT05M34.00S,334.0,5,0,1
0022501176,1,TOR,NYK,PT01M23.00S,83.0,5,1,1
0022501176,4,NYK,TOR,PT03M35.00S,215.0,5,0,1
0022501177,1,CHI,ORL,PT02M52.00S,172.0,5,0,1
0022501177,1,ORL,CHI,PT00M19.30S,19.3,5,2,0
0022501177,3,CHI,ORL,PT02M29.00S,149.0,5,0,1
0022501177,3,ORL,CHI,PT01M57.00S,117.0,5,1,0
0022501177,4,CHI,ORL,PT02M40.00S,160.0,5,0,1
0022501178,1,HOU,MIN,PT00M34.20S,34.2,5,1,1
0022501178,2,MIN,HOU,PT04M44.00S,284.0,5,0,1
0022501178,3,HOU,MIN,PT05M37.00S,337.0,5,0,1
0022501178,4,MIN,HOU,PT08M32.00S,512.0,5,0,1
0022501178,4,HOU,MIN,PT00M23.50S,23.5,5,2,0
0022501179,4,BKN,MIL,PT00M35.40S,35.4,5,1,1
0022501179,4,MIL,BKN,PT00M25.60S,25.6,5,2,0
0022501180,2,DAL,SAS,PT04M47.00S,287.0,5,0,1
0022501180,2,SAS,DAL,PT01M38.00S,98.0,5,1,0
0022501180,3,SAS,DAL,PT01M48.00S,108.0,5,1,1
0022501182,4,DEN,OKC,PT02M01.00S,121.0,5,0,1
0022501182,4,OKC,DEN,PT00M47.90S,47.9,3,2,0
0022501183,1,POR,LAC,PT05M10.00S,310.0,5,0,1
0022501183,3,LAC,POR,PT00M10.40S,10.4,5,1,1
0022501183,4,POR,LAC,PT06M32.00S,392.0,5,0,1
0022501184,2,SAC,GSW,PT01M17.00S,77.0,5,1,1
0022501184,2,GSW,SAC,PT00M33.80S,33.8,5,1,0
0022501184,3,SAC,GSW,PT02M25.00S,145.0,5,0,1
0022501184,3,GSW,SAC,PT01M43.00S,103.0,5,1,0
0022501184,4,GSW,SAC,PT04M28.00S,268.0,5,0,1
0022501184,4,SAC,GSW,PT01M25.00S,85.0,5,2,0
0022501185,1,LAL,PHX,PT03M09.00S,189.0,5,0,1
0022501185,2,PHX,LAL,PT08M53.00S,533.0,5,0,1
0022501185,2,LAL,PHX,PT04M05.00S,245.0,5,0,0
0022501185,3,PHX,LAL,PT05M36.00S,336.0,5,0,1
0022501185,4,LAL,PHX,PT00M57.00S,57.0,3,2,1
0022501186,1,BOS,ORL,PT00M02.50S,2.5,4,2,1
0022501186,2,BOS,ORL,PT03M55.00S,235.0,5,0,1
0022501186,2,ORL,BOS,PT00M05.60S,5.6,5,2,0
0022501186,3,ORL,BOS,PT02M45.00S,165.0,5,0,1
0022501186,4,ORL,BOS,PT05M21.00S,321.0,5,0,1
0022501186,4,BOS,ORL,PT00M07.90S,7.9,4,2,0
0022501187,2,CLE,WAS,PT02M50.00S,170.0,5,0,1
0022501187,3,WAS,CLE,PT04M46.00S,286.0,5,0,1
0022501187,4,CLE,WAS,PT06M27.00S,387.0,5,0,1
0022501188,2,IND,DET,PT00M54.70S,54.7,5,1,1
0022501188,3,IND,DET,PT01M41.00S,101.0,5,1,1
0022501188,4,DET,IND,PT04M36.00S,276.0,5,0,1
0022501189,1,ATL,MIA,PT01M39.00S,99.0,5,1,1
0022501189,1,MIA,ATL,PT01M32.00S,92.0,5,2,0
0022501189,4,ATL,MIA,PT02M15.00S,135.0,5,0,1
0022501190,1,CHA,NYK,PT01M42.00S,102.0,5,1,1
0022501190,2,CHA,NYK,PT03M34.00S,214.0,5,0,1
0022501190,3,CHA,NYK,PT04M59.00S,299.0,5,0,1
0022501191,2,MIL,PHI,PT03M33.00S,213.0,5,0,1
0022501191,3,MIL,PHI,PT01M21.00S,81.0,5,1,1
0022501191,4,PHI,MIL,PT01M29.00S,89.0,5,2,1
0022501191,4,MIL,PHI,PT00M22.20S,22.2,4,2,0
0022501192,1,BKN,TOR,PT02M18.00S,138.0,5,0,1
0022501192,2,TOR,BKN,PT05M51.00S,351.0,5,0,1
0022501192,3,TOR,BKN,PT09M51.00S,591.0,5,0,1
0022501192,3,BKN,TOR,PT03M16.00S,196.0,5,0,0
0022501192,4,TOR,BKN,PT03M12.00S,192.0,5,0,1
0022501192,4,BKN,TOR,PT02M31.00S,151.0,5,0,0
0022501193,1,CHI,DAL,PT01M01.00S,61.0,5,1,1
0022501193,2,CHI,DAL,PT01M22.00S,82.0,4,2,1
0022501193,3,DAL,CHI,PT01M30.00S,90.0,5,1,1
0022501193,4,CHI,DAL,PT06M29.00S,389.0,5,0,1
0022501193,4,DAL,CHI,PT01M10.00S,70.0,5,1,0
0022501194,1,HOU,MEM,PT01M39.00S,99.0,5,1,1
0022501194,2,HOU,MEM,PT02M49.00S,169.0,5,0,1
0022501194,3,HOU,MEM,PT04M25.00S,265.0,5,0,1
0022501194,4,HOU,MEM,PT02M16.00S,136.0,5,0,1
0022501195,1,MIN,NOP,PT07M15.00S,435.0,5,0,1
0022501195,1,NOP,MIN,PT05M04.00S,304.0,5,0,0
0022501195,2,MIN,NOP,PT02M25.00S,145.0,5,0,1
0022501195,2,NOP,MIN,PT02M19.00S,139.0,5,0,0
0022501195,3,NOP,MIN,PT04M40.00S,280.0,5,0,1
0022501195,4,NOP,MIN,PT03M21.00S,201.0,5,0,1
0022501195,4,MIN,NOP,PT01M21.00S,81.0,5,2,0
0022501197,1,DEN,SAS,PT04M01.00S,241.0,5,0,1
0022501197,3,DEN,SAS,PT00M00.50S,0.5,3,2,1
0022501197,4,SAS,DEN,PT03M06.00S,186.0,5,0,1
0022501198,1,LAL,UTA,PT04M47.00S,287.0,5,0,1
0022501198,2,UTA,LAL,PT06M48.00S,408.0,5,0,1
0022501198,4,UTA,LAL,PT02M53.00S,173.0,5,0,1
0022501199,1,GSW,LAC,PT00M33.30S,33.3,3,2,1
0022501199,1,LAC,GSW,PT00M21.90S,21.9,4,2,0
0022501199,2,LAC,GSW,PT01M43.00S,103.0,4,2,1
0022501199,2,GSW,LAC,PT01M34.00S,94.0,5,1,0
0022501199,3,GSW,LAC,PT03M43.00S,223.0,5,0,1
0022501199,3,LAC,GSW,PT01M55.00S,115.0,5,1,0
0022501199,4,LAC,GSW,PT02M18.00S,138.0,5,0,1
0022501199,4,GSW,LAC,PT02M02.00S,122.0,5,0,0
0022501200,2,SAC,POR,PT03M53.00S,233.0,5,0,1
0022501200,2,POR,SAC,PT01M46.00S,106.0,5,1,0
0022501200,3,SAC,POR,PT00M17.20S,17.2,5,1,1
0022501200,4,POR,SAC,PT01M39.00S,99.0,5,1,1
0022501200,4,SAC,POR,PT00M09.70S,9.7,5,2,0
0022501201,2,MIA,ORL,PT01M27.00S,87.0,5,2,1
0022501201,3,MIA,ORL,PT06M47.00S,407.0,5,0,1
0022501201,4,ORL,MIA,PT00M33.80S,33.8,4,2,1
0022501202,1,TOR,NYK,PT01M18.00S,78.0,5,1,1
0022501202,2,NYK,TOR,PT03M44.00S,224.0,5,0,1
0022501202,3,NYK,TOR,PT02M04.00S,124.0,5,0,1
0022501202,3,TOR,NYK,PT00M02.30S,2.3,5,1,0
0022501202,4,TOR,NYK,PT00M49.70S,49.7,5,2,1
0022501203,3,PHX,OKC,PT04M48.00S,288.0,5,0,1
0022501204,2,SAS,LAL,PT07M45.00S,465.0,5,0,1
0022501204,3,LAL,SAS,PT05M15.00S,315.0,5,0,1
0022501204,3,SAS,LAL,PT03M37.00S,217.0,5,0,0
0022501205,1,LAC,HOU,PT01M39.00S,99.0,5,1,1
0022501205,2,HOU,LAC,PT03M06.00S,186.0,5,0,1
0022501205,2,LAC,HOU,PT00M34.60S,34.6,4,2,0
0022501205,3,HOU,LAC,PT00M58.50S,58.5,4,2,1
0022501205,4,LAC,HOU,PT03M22.00S,202.0,5,0,1
0022501205,4,HOU,LAC,PT00M17.20S,17.2,5,1,0
0022501206,2,BOS,MIL,PT04M48.00S,288.0,5,0,1
0022501206,2,MIL,BOS,PT02M27.00S,147.0,5,0,0
0022501206,3,MIL,BOS,PT02M05.00S,125.0,5,0,1
0022501206,3,BOS,MIL,PT01M43.00S,103.0,5,1,0
0022501207,1,POR,NOP,PT06M49.00S,409.0,5,0,1
0022501207,1,NOP,POR,PT04M24.00S,264.0,5,0,0
0022501207,2,POR,NOP,PT01M29.00S,89.0,2,2,1
0022501207,3,NOP,POR,PT01M17.00S,77.0,5,1,1
0022501208,1,DEN,SAC,PT02M14.00S,134.0,5,0,1
0022501208,2,DEN,SAC,PT03M43.00S,223.0,5,0,1
0022501208,3,SAC,DEN,PT01M13.00S,73.0,5,2,1
0022501209,3,CHI,CHA,PT00M15.10S,15.1,5,1,1
0022501209,4,CHI,CHA,PT01M27.00S,87.0,5,1,1
0022501209,4,CHA,CHI,PT00M37.40S,37.4,4,2,0
0022501210,1,ATL,DET,PT00M23.50S,23.5,3,2,1
0022501210,2,DET,ATL,PT06M11.00S,371.0,5,0,1
0022501210,3,ATL,DET,PT05M16.00S,316.0,5,0,1
0022501210,4,ATL,DET,PT06M59.00S,419.0,5,0,1
0022501211,1,PHI,IND,PT00M17.00S,17.0,5,1,1
0022501211,2,PHI,IND,PT02M57.00S,177.0,5,0,1
0022501211,3,PHI,IND,PT05M35.00S,335.0,5,0,1
0022501211,3,IND,PHI,PT03M29.00S,209.0,5,0,0
0022501211,4,PHI,IND,PT06M37.00S,397.0,5,0,1
0022501212,1,CLE,WAS,PT02M57.00S,177.0,5,0,1
0022501212,2,WAS,CLE,PT04M37.00S,277.0,5,0,1
0022501212,2,CLE,WAS,PT02M38.00S,158.0,5,0,0
0022501212,3,CLE,WAS,PT03M59.00S,239.0,5,0,1
0022501212,3,WAS,CLE,PT03M43.00S,223.0,5,0,0
0022501212,4,CLE,WAS,PT06M27.00S,387.0,5,0,1
0022501213,1,UTA,MEM,PT03M48.00S,228.0,5,0,1
0022501213,1,MEM,UTA,PT00M03.60S,3.6,5,2,0
0022501213,2,UTA,MEM,PT01M36.00S,96.0,5,1,1
0022501213,2,MEM,UTA,PT01M20.00S,80.0,5,1,0
0022501213,4,UTA,MEM,PT00M06.80S,6.8,5,2,1
0022501214,1,BKN,DAL,PT01M35.00S,95.0,5,1,1
0022501214,1,DAL,BKN,PT00M30.20S,30.2,3,2,0
0022501214,2,DAL,BKN,PT05M23.00S,323.0,5,0,1
0022501214,2,BKN,DAL,PT00M12.80S,12.8,5,2,0
0022501214,3,BKN,DAL,PT01M40.00S,100.0,5,1,1
0022501214,4,DAL,BKN,PT00M44.70S,44.7,5,2,1
0022501215,1,MIN,GSW,PT05M49.00S,349.0,5,0,1
0022501215,2,MIN,GSW,PT06M33.00S,393.0,5,0,1
0022501215,2,GSW,MIN,PT01M44.00S,104.0,5,1,0
0022501215,3,GSW,MIN,PT03M24.00S,204.0,5,0,1
0022501215,3,MIN,GSW,PT00M22.00S,22.0,4,2,0
0022501215,4,GSW,MIN,PT03M27.00S,207.0,5,0,1
0022501215,4,MIN,GSW,PT01M00.00S,60.0,5,1,0
0022501216,2,IND,WAS,PT00M41.70S,41.7,3,2,1
0022501216,2,WAS,IND,PT00M18.10S,18.1,5,1,0
0022501216,3,IND,WAS,PT02M37.00S,157.0,5,0,1
0022501216,3,WAS,IND,PT01M19.00S,79.0,5,1,0
0022501216,4,IND,WAS,PT03M38.00S,218.0,5,0,1
0022501217,1,ATL,PHI,PT01M11.00S,71.0,5,1,1
0022501217,2,PHI,ATL,PT04M14.00S,254.0,5,0,1
0022501217,3,PHI,ATL,PT03M04.00S,184.0,5,0,1
0022501217,4,ATL,PHI,PT00M01.50S,1.5,4,2,1
0022501218,1,CLE,CHA,PT00M50.90S,50.9,3,2,1
0022501218,2,CLE,CHA,PT05M01.00S,301.0,5,0,1
0022501218,3,CLE,CHA,PT03M01.00S,181.0,5,0,1
0022501218,3,CHA,CLE,PT02M45.00S,165.0,5,0,0
0022501218,4,CHA,CLE,PT07M09.00S,429.0,5,0,1
0022501218,4,CLE,CHA,PT02M56.00S,176.0,5,0,0
0022501218,5,CHA,CLE,PT00M17.20S,17.2,3,2,1
0022501219,1,BKN,MIL,PT01M13.00S,73.0,4,2,1
0022501219,2,MIL,BKN,PT02M25.00S,145.0,5,0,1
0022501219,3,BKN,MIL,PT08M30.00S,510.0,5,0,1
0022501220,1,SAC,MIN,PT00M59.00S,59.0,5,1,1
0022501220,2,MIN,SAC,PT03M53.00S,233.0,5,0,1
0022501220,3,SAC,MIN,PT06M46.00S,406.0,5,0,1
0022501220,4,MIN,SAC,PT05M41.00S,341.0,5,0,1
0022501220,4,SAC,MIN,PT00M45.50S,45.5,5,1,0
0022501221,2,GSW,POR,PT05M10.00S,310.0,5,0,1
0022501221,3,POR,GSW,PT03M56.00S,236.0,5,0,1
0022501221,3,GSW,POR,PT01M47.00S,107.0,5,1,0
0022501221,4,POR,GSW,PT01M11.00S,71.0,2,2,1
0022501222,1,BOS,DET,PT01M23.00S,83.0,4,2,1
0022501222,1,DET,BOS,PT00M36.20S,36.2,5,2,0
0022501222,3,DET,BOS,PT05M01.00S,301.0,5,0,1
0022501222,3,BOS,DET,PT04M44.00S,284.0,5,0,0
0022501222,4,BOS,DET,PT02M01.00S,121.0,5,0,1
0022501222,4,DET,BOS,PT00M24.30S,24.3,4,2,0
0022501223,2,CHI,NOP,PT07M39.00S,459.0,5,0,1
0022501223,2,NOP,CHI,PT03M55.00S,235.0,5,0,0
0022501223,3,NOP,CHI,PT00M49.00S,49.0,5,2,1
0022501223,4,NOP,CHI,PT04M38.00S,278.0,5,0,1
0022501224,1,UTA,DAL,PT05M37.00S,337.0,5,0,1
0022501224,1,DAL,UTA,PT02M34.00S,154.0,5,0,0
0022501224,2,UTA,DAL,PT03M06.00S,186.0,5,0,1
0022501224,2,DAL,UTA,PT00M20.10S,20.1,4,2,0
0022501224,3,DAL,UTA,PT02M13.00S,133.0,5,0,1
0022501224,4,DAL,UTA,PT07M07.00S,427.0,5,0,1
0022501224,4,UTA,DAL,PT03M57.00S,237.0,5,0,0
0022501225,3,HOU,DEN,PT04M53.00S,293.0,5,0,1
0022501225,3,DEN,HOU,PT00M56.50S,56.5,5,1,0
0022501225,4,HOU,DEN,PT07M26.00S,446.0,5,0,1
0022501225,4,DEN,HOU,PT03M47.00S,227.0,5,0,0
0022501225,5,HOU,DEN,PT01M23.00S,83.0,3,2,1
0022501225,5,DEN,HOU,PT00M47.20S,47.2,3,2,0
0022501226,3,LAC,MEM,PT04M34.00S,274.0,5,0,1
0022501226,3,MEM,LAC,PT00M30.90S,30.9,5,1,0
0022501226,4,LAC,MEM,PT01M28.00S,88.0,5,2,1
0022501227,2,MIA,TOR,PT08M14.00S,494.0,5,0,1
0022501228,2,LAL,PHX,PT02M35.00S,155.0,5,0,1
0022501228,3,LAL,PHX,PT02M48.00S,168.0,5,0,1
0022501228,4,PHX,LAL,PT05M24.00S,324.0,5,0,1
0022501228,4,LAL,PHX,PT00M00.00S,0.0,4,2,0
0022501229,2,NYK,ORL,PT05M18.00S,318.0,5,0,1
0022501229,2,ORL,NYK,PT02M54.00S,174.0,5,0,0
0022501229,3,NYK,ORL,PT00M32.30S,32.3,3,2,1
0022501229,4,NYK,ORL,PT06M56.00S,416.0,5,0,1
0022501229,4,ORL,NYK,PT01M15.00S,75.0,5,1,0
0022501230,2,SAS,OKC,PT01M47.00S,107.0,5,1,1
0022501230,3,SAS,OKC,PT03M29.00S,209.0,5,0,1
0022501230,3,OKC,SAS,PT01M32.00S,92.0,4,2,0
0022501230,4,OKC,SAS,PT05M06.00S,306.0,5,0,1
0022501230,4,SAS,OKC,PT03M14.00S,194.0,5,0,0
