gameId,season,team,opponent,win,team_points,opponent_points,point_difference,periods_reached_bonus,periods_first_to_bonus,opponent_periods_first_to_bonus,first_bonus_difference,first_bonus_result,bonus_fta,bonus_ftm,bonus_ft_percentage,opponent_bonus_fta,bonus_fta_difference,total_standard_fta,total_standard_ftm
0022500001,2025-26,OKC,HOU,1,125,124,1,2,1,5,-4,Fewer,7,5,0.7142857142857143,11,-4,25,20
0022500001,2025-26,HOU,OKC,0,124,125,-1,5,5,1,4,More,11,10,0.9090909090909091,7,4,31,27
0022500002,2025-26,LAL,GSW,0,109,119,-10,3,3,0,3,More,9,7,0.7777777777777778,6,3,27,17
0022500002,2025-26,GSW,LAL,1,119,109,10,2,0,3,-3,Fewer,6,5,0.8333333333333334,9,-3,26,23
0022500003,2025-26,NYK,CLE,1,119,111,8,3,2,2,0,Tied,15,12,0.8,14,1,35,30
0022500003,2025-26,CLE,NYK,0,111,119,-8,3,2,2,0,Tied,14,10,0.7142857142857143,15,-1,18,12
0022500004,2025-26,SAS,DAL,1,125,92,33,3,2,2,0,Tied,14,7,0.5,12,2,28,17
0022500004,2025-26,DAL,SAS,0,92,125,-33,3,2,2,0,Tied,12,9,0.75,14,-2,23,18
0022500005,2025-26,IND,OKC,0,135,141,-6,4,4,2,2,More,18,12,0.6666666666666666,24,-6,40,30
0022500005,2025-26,OKC,IND,1,141,135,6,6,2,4,-2,Fewer,24,21,0.875,18,6,50,44
0022500006,2025-26,DEN,GSW,0,131,137,-6,2,1,4,-3,Fewer,4,3,0.75,13,-9,14,13
0022500006,2025-26,GSW,DEN,1,137,131,6,4,4,1,3,More,13,12,0.9230769230769231,4,9,25,19
0022500007,2025-26,CLE,DET,1,116,95,21,3,3,1,2,More,20,16,0.8,12,8,35,27
0022500007,2025-26,DET,CLE,0,95,116,-21,3,1,3,-2,Fewer,12,7,0.5833333333333334,20,-8,27,18
0022500008,2025-26,MIN,DEN,0,114,127,-13,3,2,2,0,Tied,14,11,0.7857142857142857,9,5,25,20
0022500008,2025-26,DEN,MIN,1,127,114,13,2,2,2,0,Tied,9,8,0.8888888888888888,14,-5,25,22
0022500009,2025-26,NYK,CLE,1,126,124,2,2,1,2,-1,Fewer,8,5,0.625,6,2,20,16
0022500009,2025-26,CLE,NYK,0,124,126,-2,2,2,1,1,More,6,5,0.8333333333333334,8,-2,23,19
0022500010,2025-26,SAS,OKC,1,117,102,15,1,1,1,0,Tied,3,3,1.0,2,1,21,16
0022500010,2025-26,OKC,SAS,0,102,117,-15,1,1,1,0,Tied,2,1,0.5,3,-1,24,16
0022500011,2025-26,GSW,DAL,1,126,116,10,2,0,4,-4,Fewer,6,5,0.8333333333333334,8,-2,26,24
0022500011,2025-26,DAL,GSW,0,116,126,-10,4,4,0,4,More,8,5,0.625,6,2,21,14
0022500012,2025-26,HOU,LAL,1,119,96,23,1,1,0,1,More,5,5,1.0,0,5,18,14
0022500012,2025-26,LAL,HOU,0,96,119,-23,0,0,1,-1,Fewer,0,0,,5,-5,11,7
0022500013,2025-26,MIN,DEN,0,138,142,-4,3,1,3,-2,Fewer,8,5,0.625,17,-9,29,23
0022500013,2025-26,DEN,MIN,1,142,138,4,4,3,1,2,More,17,16,0.9411764705882353,8,9,28,26
0022500014,2025-26,ATL,MIL,0,110,112,-2,2,2,0,2,More,8,6,0.75,8,0,24,20
0022500014,2025-26,MIL,ATL,1,112,110,2,2,0,2,-2,Fewer,8,4,0.5,8,0,25,18
0022500015,2025-26,CLE,OKC,0,104,136,-32,4,3,1,2,More,16,15,0.9375,8,8,35,28
0022500015,2025-26,OKC,CLE,1,136,104,32,2,1,3,-2,Fewer,8,5,0.625,16,-8,20,13
0022500016,2025-26,DAL,NYK,1,114,97,17,4,3,1,2,More,14,10,0.7142857142857143,8,6,26,17
0022500016,2025-26,NYK,DAL,0,97,114,-17,2,1,3,-2,Fewer,8,5,0.625,14,-6,20,12
0022500017,2025-26,BOS,DET,0,103,104,-1,3,2,1,1,More,18,14,0.7777777777777778,9,9,28,23
0022500017,2025-26,DET,BOS,1,104,103,1,2,1,2,-1,Fewer,9,8,0.8888888888888888,18,-9,23,17
0022500018,2025-26,NYK,BOS,1,105,95,10,2,1,1,0,Tied,14,12,0.8571428571428571,3,11,25,22
0022500018,2025-26,BOS,NYK,0,95,105,-10,1,1,1,0,Tied,3,1,0.3333333333333333,14,-11,14,9
0022500019,2025-26,MIN,LAL,0,110,128,-18,1,0,3,-3,Fewer,4,4,1.0,18,-14,20,15
0022500019,2025-26,LAL,MIN,1,128,110,18,3,3,0,3,More,18,16,0.8888888888888888,4,14,30,25
0022500020,2025-26,IND,ATL,0,108,128,-20,4,4,0,4,More,12,9,0.75,4,8,33,25
0022500020,2025-26,ATL,IND,1,128,108,20,1,0,4,-4,Fewer,4,4,1.0,12,-8,20,16
0022500021,2025-26,PHI,BOS,0,108,109,-1,3,3,1,2,More,15,10,0.6666666666666666,2,13,28,20
0022500021,2025-26,BOS,PHI,1,109,108,1,1,1,3,-2,Fewer,2,0,0.0,15,-13,12,7
0022500022,2025-26,TOR,CLE,1,112,101,11,2,1,2,-1,Fewer,4,3,0.75,4,0,24,19
0022500022,2025-26,CLE,TOR,0,101,112,-11,2,2,1,1,More,4,3,0.75,4,0,23,15
0022500023,2025-26,CHI,NYK,1,135,125,10,3,3,1,2,More,15,11,0.7333333333333333,8,7,35,28
0022500023,2025-26,NYK,CHI,0,125,135,-10,2,1,3,-2,Fewer,8,6,0.75,15,-7,23,17
0022500024,2025-26,MEM,LAL,0,112,117,-5,0,0,3,-3,Fewer,0,0,,16,-16,19,16
0022500024,2025-26,LAL,MEM,1,117,112,5,3,3,0,3,More,16,14,0.875,0,16,33,26
0022500025,2025-26,UTA,PHX,0,96,118,-22,3,2,1,1,More,16,14,0.875,3,13,31,23
0022500025,2025-26,PHX,UTA,1,118,96,22,1,1,2,-1,Fewer,3,3,1.0,16,-13,18,15
0022500026,2025-26,POR,DEN,1,109,107,2,1,1,3,-2,Fewer,9,7,0.7777777777777778,13,-4,29,21
0022500026,2025-26,DEN,POR,0,107,109,-2,3,3,1,2,More,13,9,0.6923076923076923,9,4,31,25
0022500027,2025-26,LAC,NOP,1,126,124,2,2,2,1,1,More,10,10,1.0,11,-1,20,18
0022500027,2025-26,NOP,LAC,0,124,126,-2,3,1,2,-1,Fewer,11,11,1.0,10,1,29,26
0022500028,2025-26,BOS,ORL,0,110,123,-13,3,2,2,0,Tied,7,4,0.5714285714285714,15,-8,16,11
0022500028,2025-26,ORL,BOS,1,123,110,13,2,2,2,0,Tied,15,12,0.8,7,8,31,24
0022500029,2025-26,CLE,WAS,1,148,115,33,2,1,2,-1,Fewer,11,10,0.9090909090909091,6,5,30,23
0022500029,2025-26,WAS,CLE,0,115,148,-33,2,2,1,1,More,6,5,0.8333333333333334,11,-5,23,18
0022500030,2025-26,TOR,ATL,1,109,97,12,2,1,1,0,Tied,9,9,1.0,10,-1,25,23
0022500030,2025-26,ATL,TOR,0,97,109,-12,2,1,1,0,Tied,10,10,1.0,9,1,23,22
0022500031,2025-26,DET,BKN,1,125,107,18,2,2,1,1,More,16,8,0.5,5,11,29,20
0022500031,2025-26,BKN,DET,0,107,125,-18,2,1,2,-1,Fewer,5,4,0.8,16,-11,24,20
0022500032,2025-26,SAS,HOU,1,121,110,11,3,2,1,1,More,13,13,1.0,3,10,22,20
0022500032,2025-26,HOU,SAS,0,110,121,-11,2,1,2,-1,Fewer,3,2,0.6666666666666666,13,-10,19,17
0022500033,2025-26,CHA,MIA,0,108,126,-18,3,3,0,3,More,10,8,0.8,2,8,27,24
0022500033,2025-26,MIA,CHA,1,126,108,18,2,0,3,-3,Fewer,2,1,0.5,10,-8,13,11
0022500034,2025-26,MEM,DAL,1,118,104,14,2,0,2,-2,Fewer,4,3,0.75,9,-5,23,18
0022500034,2025-26,DAL,MEM,0,104,118,-14,2,2,0,2,More,9,5,0.5555555555555556,4,5,14,9
0022500035,2025-26,MIL,CHI,1,126,110,16,1,1,1,0,Tied,7,6,0.8571428571428571,8,-1,18,14
0022500035,2025-26,CHI,MIL,0,110,126,-16,2,1,1,0,Tied,8,7,0.875,7,1,16,12
0022500036,2025-26,MIN,UTA,1,137,97,40,3,3,1,2,More,11,10,0.9090909090909091,11,0,26,19
0022500036,2025-26,UTA,MIN,0,97,137,-40,3,1,3,-2,Fewer,11,8,0.7272727272727273,11,0,24,17
0022500037,2025-26,GSW,DEN,0,104,129,-25,2,1,1,0,Tied,4,3,0.75,9,-5,15,12
0022500037,2025-26,DEN,GSW,1,129,104,25,2,1,1,0,Tied,9,8,0.8888888888888888,4,5,25,21
0022500038,2025-26,OKC,SAC,1,132,101,31,2,2,1,1,More,6,4,0.6666666666666666,4,2,22,19
0022500038,2025-26,SAC,OKC,0,101,132,-31,1,1,2,-1,Fewer,4,1,0.25,6,-2,15,10
0022500039,2025-26,MIA,NYK,0,132,140,-8,2,2,1,1,More,13,8,0.6153846153846154,14,-1,33,24
0022500039,2025-26,NYK,MIA,1,140,132,8,3,1,2,-1,Fewer,14,12,0.8571428571428571,13,1,29,23
0022500040,2025-26,ORL,BKN,1,105,98,7,2,2,1,1,More,4,4,1.0,2,2,21,18
0022500040,2025-26,BKN,ORL,0,98,105,-7,1,1,2,-1,Fewer,2,2,1.0,4,-2,13,9
0022500041,2025-26,DET,PHI,1,114,105,9,2,2,1,1,More,6,5,0.8333333333333334,6,0,17,15
0022500041,2025-26,PHI,DET,0,105,114,-9,2,1,2,-1,Fewer,6,5,0.8333333333333334,6,0,14,12
0022500042,2025-26,POR,HOU,0,116,140,-24,3,3,1,2,More,11,10,0.9090909090909091,6,5,27,19
0022500042,2025-26,HOU,POR,1,140,116,24,2,1,3,-2,Fewer,6,5,0.8333333333333334,11,-5,20,17
0022500043,2025-26,MIL,CHA,1,147,134,13,2,2,3,-1,Fewer,9,8,0.8888888888888888,12,-3,21,16
0022500043,2025-26,CHA,MIL,0,134,147,-13,4,3,2,1,More,12,9,0.75,9,3,27,21
0022500044,2025-26,SAC,MIN,0,110,124,-14,3,1,3,-2,Fewer,9,7,0.7777777777777778,18,-9,27,16
0022500044,2025-26,MIN,SAC,1,124,110,14,4,3,1,2,More,18,15,0.8333333333333334,9,9,40,28
0022500045,2025-26,LAL,NOP,1,118,104,14,2,2,1,1,More,8,7,0.875,1,7,25,19
0022500045,2025-26,NOP,LAL,0,104,118,-14,1,1,2,-1,Fewer,1,1,1.0,8,-7,17,13
0022500046,2025-26,DAL,LAC,0,127,133,-6,5,3,2,1,More,17,14,0.8235294117647058,11,6,37,28
0022500046,2025-26,LAC,DAL,1,133,127,6,3,2,3,-1,Fewer,11,8,0.7272727272727273,17,-6,36,30
0022500047,2025-26,SAS,GSW,0,108,109,-1,1,1,0,1,More,4,4,1.0,2,2,18,15
0022500047,2025-26,GSW,SAS,1,109,108,1,1,0,1,-1,Fewer,2,2,1.0,4,-2,18,16
0022500048,2025-26,IND,CLE,0,109,120,-11,3,3,1,2,More,13,13,1.0,10,3,26,24
0022500048,2025-26,CLE,IND,1,120,109,11,3,1,3,-2,Fewer,10,10,1.0,13,-3,27,21
0022500049,2025-26,BOS,BKN,0,105,113,-8,0,0,3,-3,Fewer,0,0,,11,-11,14,10
0022500049,2025-26,BKN,BOS,1,113,105,8,3,3,0,3,More,11,7,0.6363636363636364,0,11,21,14
0022500050,2025-26,WAS,TOR,0,110,140,-30,3,2,1,1,More,9,8,0.8888888888888888,12,-3,24,20
0022500050,2025-26,TOR,WAS,1,140,110,30,2,1,2,-1,Fewer,12,10,0.8333333333333334,9,3,38,29
0022500051,2025-26,CHI,MIA,0,107,143,-36,3,1,3,-2,Fewer,8,7,0.875,21,-13,28,21
0022500051,2025-26,MIA,CHI,1,143,107,36,4,3,1,2,More,21,15,0.7142857142857143,8,13,43,34
0022500052,2025-26,NOP,DAL,0,115,118,-3,3,1,2,-1,Fewer,9,6,0.6666666666666666,11,-2,29,22
0022500052,2025-26,DAL,NOP,1,118,115,3,2,2,1,1,More,11,7,0.6363636363636364,9,2,27,21
0022500053,2025-26,MIN,PHX,0,113,114,-1,3,3,1,2,More,21,14,0.6666666666666666,10,11,32,22
0022500053,2025-26,PHX,MIN,1,114,113,1,4,1,3,-2,Fewer,10,7,0.7,21,-11,29,22
0022500054,2025-26,HOU,DEN,0,109,112,-3,2,2,2,0,Tied,10,7,0.7,13,-3,19,12
0022500054,2025-26,DEN,HOU,1,112,109,3,3,2,2,0,Tied,13,10,0.7692307692307693,10,3,27,21
0022500055,2025-26,OKC,UTA,1,144,112,32,2,2,0,2,More,6,5,0.8333333333333334,0,6,25,19
0022500055,2025-26,UTA,OKC,0,112,144,-32,0,0,2,-2,Fewer,0,0,,6,-6,23,19
0022500056,2025-26,GSW,POR,0,123,127,-4,2,1,3,-2,Fewer,12,11,0.9166666666666666,14,-2,30,26
0022500056,2025-26,POR,GSW,1,127,123,4,4,3,1,2,More,14,13,0.9285714285714286,12,2,31,26
0022500057,2025-26,WAS,ATL,1,132,113,19,2,2,1,1,More,6,6,1.0,5,1,25,16
0022500057,2025-26,ATL,WAS,0,113,132,-19,2,1,2,-1,Fewer,5,3,0.6,6,-1,15,11
0022500058,2025-26,ORL,PHI,1,144,103,41,4,3,1,2,More,11,9,0.8181818181818182,8,3,27,22
0022500058,2025-26,PHI,ORL,0,103,144,-41,1,1,3,-2,Fewer,8,7,0.875,11,-3,20,18
0022500059,2025-26,LAL,LAC,1,135,118,17,3,1,2,-1,Fewer,10,8,0.8,12,-2,24,20
0022500059,2025-26,LAC,LAL,0,118,135,-17,2,2,1,1,More,12,11,0.9166666666666666,10,2,24,21
0022500060,2025-26,DET,BOS,0,114,117,-3,4,3,1,2,More,21,17,0.8095238095238095,9,12,36,29
0022500060,2025-26,BOS,DET,1,117,114,3,3,1,3,-2,Fewer,9,8,0.8888888888888888,21,-12,24,21
0022500061,2025-26,NYK,CHA,1,129,101,28,1,1,2,-1,Fewer,1,1,1.0,9,-8,16,15
0022500061,2025-26,CHA,NYK,0,101,129,-28,2,2,1,1,More,9,7,0.7777777777777778,1,8,23,17
0022500062,2025-26,MIL,MIA,0,103,106,-3,1,1,0,1,More,2,1,0.5,0,2,14,9
0022500062,2025-26,MIA,MIL,1,106,103,3,0,0,1,-1,Fewer,0,0,,2,-2,20,18
0022500063,2025-26,TOR,IND,1,97,95,2,3,1,3,-2,Fewer,8,7,0.875,6,2,26,22
0022500063,2025-26,IND,TOR,0,95,97,-2,3,3,1,2,More,6,4,0.6666666666666666,8,-2,23,14
0022500064,2025-26,OKC,MIN,1,113,105,8,3,2,2,0,Tied,20,18,0.9,19,1,34,26
0022500064,2025-26,MIN,OKC,0,105,113,-8,4,2,2,0,Tied,19,11,0.5789473684210527,20,-1,37,22
0022500065,2025-26,NOP,MEM,0,128,133,-5,1,1,2,-1,Fewer,1,1,1.0,5,-4,10,9
0022500065,2025-26,MEM,NOP,1,133,128,5,2,2,1,1,More,5,4,0.8,1,4,14,12
0022500066,2025-26,GSW,HOU,0,100,104,-4,2,1,2,-1,Fewer,4,2,0.5,19,-15,19,16
0022500066,2025-26,HOU,GSW,1,104,100,4,3,2,1,1,More,19,14,0.7368421052631579,4,15,24,15
0022500067,2025-26,POR,SAS,0,102,115,-13,2,1,2,-1,Fewer,8,6,0.75,14,-6,28,19
0022500067,2025-26,SAS,POR,1,115,102,13,2,2,1,1,More,14,11,0.7857142857142857,8,6,25,22
0022500068,2025-26,SAC,PHX,0,100,112,-12,1,1,2,-1,Fewer,1,0,0.0,6,-5,10,8
0022500068,2025-26,PHX,SAC,1,112,100,12,2,2,1,1,More,6,6,1.0,1,5,20,14
0022500069,2025-26,CLE,ATL,0,123,130,-7,0,0,2,-2,Fewer,0,0,,6,-6,19,17
0022500069,2025-26,ATL,CLE,1,130,123,7,2,2,0,2,More,6,2,0.3333333333333333,0,6,26,18
0022500070,2025-26,PHI,BKN,1,115,103,12,2,0,2,-2,Fewer,4,3,0.75,13,-9,18,16
0022500070,2025-26,BKN,PHI,0,103,115,-12,2,2,0,2,More,13,11,0.8461538461538461,4,9,26,22
0022500071,2025-26,CHI,CHA,0,116,123,-7,1,1,2,-1,Fewer,4,4,1.0,7,-3,20,16
0022500071,2025-26,CHA,CHI,1,123,116,7,2,2,1,1,More,7,5,0.7142857142857143,4,3,22,18
0022500072,2025-26,ORL,DET,1,112,109,3,4,2,2,0,Tied,15,11,0.7333333333333333,14,1,29,24
0022500072,2025-26,DET,ORL,0,109,112,-3,3,2,2,0,Tied,14,11,0.7857142857142857,15,-1,30,23
0022500073,2025-26,WAS,IND,0,86,119,-33,1,1,0,1,More,4,3,0.75,2,2,20,13
0022500073,2025-26,IND,WAS,1,119,86,33,1,0,1,-1,Fewer,2,1,0.5,4,-2,13,10
0022500074,2025-26,MIL,NYK,0,109,118,-9,3,3,1,2,More,14,9,0.6428571428571429,14,0,25,17
0022500074,2025-26,NYK,MIL,1,118,109,9,3,1,3,-2,Fewer,14,13,0.9285714285714286,14,0,32,27
0022500075,2025-26,PHX,OKC,0,119,123,-4,3,2,2,0,Tied,10,9,0.9,11,-1,24,20
0022500075,2025-26,OKC,PHX,1,123,119,4,3,2,2,0,Tied,11,9,0.8181818181818182,10,1,28,24
0022500076,2025-26,DEN,SAS,0,136,139,-3,3,3,1,2,More,17,13,0.7647058823529411,17,0,29,23
0022500076,2025-26,SAS,DEN,1,139,136,3,3,1,3,-2,Fewer,17,16,0.9411764705882353,17,0,32,30
0022500077,2025-26,UTA,SAC,1,128,119,9,2,1,2,-1,Fewer,14,13,0.9285714285714286,12,2,37,28
0022500077,2025-26,SAC,UTA,0,119,128,-9,3,2,1,1,More,12,7,0.5833333333333334,14,-2,32,23
0022500078,2025-26,LAL,DAL,1,129,119,10,2,1,2,-1,Fewer,11,9,0.8181818181818182,7,4,26,21
0022500078,2025-26,DAL,LAL,0,119,129,-10,2,2,1,1,More,7,6,0.8571428571428571,11,-4,19,16
0022500079,2025-26,LAC,MEM,0,107,112,-5,2,2,2,0,Tied,7,5,0.7142857142857143,12,-5,20,18
0022500079,2025-26,MEM,LAC,1,112,107,5,3,2,2,0,Tied,12,10,0.8333333333333334,7,5,22,17
0022500080,2025-26,CHA,BKN,1,136,117,19,3,1,2,-1,Fewer,17,13,0.7647058823529411,20,-3,31,23
0022500080,2025-26,BKN,CHA,0,117,136,-19,3,2,1,1,More,20,14,0.7,17,3,34,25
0022500081,2025-26,MIA,ORL,0,121,125,-4,2,1,3,-2,Fewer,8,5,0.625,17,-9,27,21
0022500081,2025-26,ORL,MIA,1,125,121,4,4,3,1,2,More,17,14,0.8235294117647058,8,9,35,29
0022500082,2025-26,TOR,ATL,1,138,118,20,2,2,2,0,Tied,15,13,0.8666666666666667,19,-4,29,24
0022500082,2025-26,ATL,TOR,0,118,138,-20,4,2,2,0,Tied,19,16,0.8421052631578947,15,4,36,31
0022500083,2025-26,BOS,PHI,0,116,117,-1,3,2,2,0,Tied,16,15,0.9375,16,0,26,23
0022500083,2025-26,PHI,BOS,1,117,116,1,3,2,2,0,Tied,16,12,0.75,16,0,30,23
0022500084,2025-26,CHI,DET,1,115,111,4,4,2,2,0,Tied,19,15,0.7894736842105263,10,9,29,23
0022500084,2025-26,DET,CHI,0,111,115,-4,3,2,2,0,Tied,10,7,0.7,19,-9,26,18
0022500085,2025-26,MEM,NOP,1,128,122,6,3,2,2,0,Tied,21,18,0.8571428571428571,15,6,42,34
0022500085,2025-26,NOP,MEM,0,122,128,-6,4,2,2,0,Tied,15,10,0.6666666666666666,21,-6,31,21
0022500086,2025-26,MIL,WAS,1,133,120,13,2,2,2,0,Tied,5,4,0.8,8,-3,17,13
0022500086,2025-26,WAS,MIL,0,120,133,-13,2,2,2,0,Tied,8,4,0.5,5,3,19,11
0022500087,2025-26,LAC,UTA,0,108,129,-21,2,1,3,-2,Fewer,10,10,1.0,8,2,19,14
0022500087,2025-26,UTA,LAC,1,129,108,21,3,3,1,2,More,8,6,0.75,10,-2,20,16
0022500088,2025-26,PHX,SAC,1,120,116,4,2,1,2,-1,Fewer,11,9,0.8181818181818182,10,1,28,20
0022500088,2025-26,SAC,PHX,0,116,120,-4,2,2,1,1,More,10,6,0.6,11,-1,23,13
0022500089,2025-26,POR,MIN,0,114,118,-4,3,2,1,1,More,20,16,0.8,2,18,35,29
0022500089,2025-26,MIN,POR,1,118,114,4,1,1,2,-1,Fewer,2,2,1.0,20,-18,21,16
0022500090,2025-26,ATL,ORL,1,111,107,4,3,0,3,-3,Fewer,13,11,0.8461538461538461,8,5,27,20
0022500090,2025-26,ORL,ATL,0,107,111,-4,3,3,0,3,More,8,6,0.75,13,-5,35,22
0022500091,2025-26,CLE,BKN,1,131,124,7,4,3,1,2,More,19,12,0.631578947368421,2,17,33,24
0022500091,2025-26,BKN,CLE,0,124,131,-7,1,1,3,-2,Fewer,2,2,1.0,19,-17,7,7
0022500092,2025-26,MIL,TOR,1,122,116,6,2,0,3,-3,Fewer,10,4,0.4,12,-2,25,14
0022500092,2025-26,TOR,MIL,0,116,122,-6,3,3,0,3,More,12,6,0.5,10,2,32,21
0022500093,2025-26,HOU,DET,0,111,115,-4,4,4,0,4,More,27,20,0.7407407407407407,13,14,44,34
0022500093,2025-26,DET,HOU,1,115,111,4,4,0,4,-4,Fewer,13,9,0.6923076923076923,27,-14,21,14
0022500094,2025-26,MEM,MIA,0,114,146,-32,3,2,2,0,Tied,13,11,0.8461538461538461,7,6,28,25
0022500094,2025-26,MIA,MEM,1,146,114,32,2,2,2,0,Tied,7,6,0.8571428571428571,13,-6,22,17
0022500095,2025-26,SAS,NOP,1,120,116,4,3,3,2,1,More,8,6,0.75,14,-6,24,16
0022500095,2025-26,NOP,SAS,0,116,120,-4,4,2,3,-1,Fewer,14,10,0.7142857142857143,8,6,26,19
0022500096,2025-26,DAL,WAS,0,107,117,-10,2,2,1,1,More,12,9,0.75,6,6,23,17
0022500096,2025-26,WAS,DAL,1,117,107,10,2,1,2,-1,Fewer,6,6,1.0,12,-6,28,20
0022500097,2025-26,POR,GSW,1,139,119,20,3,2,2,0,Tied,9,8,0.8888888888888888,20,-11,25,23
0022500097,2025-26,GSW,POR,0,119,139,-20,3,2,2,0,Tied,20,15,0.75,9,11,39,33
0022500098,2025-26,SAC,UTA,1,105,104,1,0,0,2,-2,Fewer,0,0,,3,-3,14,10
0022500098,2025-26,UTA,SAC,0,104,105,-1,2,2,0,2,More,3,3,1.0,0,3,16,15
0022500099,2025-26,LAC,PHX,1,129,102,27,2,2,1,1,More,15,13,0.8666666666666667,2,13,26,23
0022500099,2025-26,PHX,LAC,0,102,129,-27,1,1,2,-1,Fewer,2,1,0.5,15,-13,14,11
0022500100,2025-26,ORL,CHI,0,98,110,-12,2,1,2,-1,Fewer,18,16,0.8888888888888888,15,3,33,27
0022500100,2025-26,CHI,ORL,1,110,98,12,3,2,1,1,More,15,11,0.7333333333333333,18,-3,29,22
0022500101,2025-26,OKC,ATL,1,117,100,17,2,2,2,0,Tied,13,12,0.9230769230769231,8,5,18,17
0022500101,2025-26,ATL,OKC,0,100,117,-17,3,2,2,0,Tied,8,5,0.625,13,-5,21,14
0022500102,2025-26,CHA,PHI,0,121,125,-4,3,2,1,1,More,17,13,0.7647058823529411,19,-2,28,19
0022500102,2025-26,PHI,CHA,1,125,121,4,2,1,2,-1,Fewer,19,16,0.8421052631578947,17,2,32,25
0022500103,2025-26,MEM,IND,1,128,103,25,3,2,1,1,More,11,10,0.9090909090909091,11,0,32,25
0022500103,2025-26,IND,MEM,0,103,128,-25,3,1,2,-1,Fewer,11,7,0.6363636363636364,11,0,23,17
0022500104,2025-26,DEN,PHX,1,133,111,22,4,4,0,4,More,20,17,0.85,12,8,38,34
0022500104,2025-26,PHX,DEN,0,111,133,-22,4,0,4,-4,Fewer,12,11,0.9166666666666666,20,-8,20,18
0022500105,2025-26,SAS,BKN,1,118,107,11,4,3,1,2,More,24,19,0.7916666666666666,12,12,34,27
0022500105,2025-26,BKN,SAS,0,107,118,-11,3,1,3,-2,Fewer,12,12,1.0,24,-12,23,22
0022500106,2025-26,DET,BOS,1,119,113,6,4,1,3,-2,Fewer,14,12,0.8571428571428571,13,1,35,31
0022500106,2025-26,BOS,DET,0,113,119,-6,3,3,1,2,More,13,9,0.6923076923076923,14,-1,24,18
0022500107,2025-26,CLE,MIL,1,118,113,5,4,1,3,-2,Fewer,16,15,0.9375,16,0,31,25
0022500107,2025-26,MIL,CLE,0,113,118,-5,3,3,1,2,More,16,11,0.6875,16,0,28,20
0022500108,2025-26,NYK,MIA,0,107,115,-8,1,1,1,0,Tied,2,2,1.0,11,-9,18,14
0022500108,2025-26,MIA,NYK,1,115,107,8,2,1,1,0,Tied,11,9,0.8181818181818182,2,9,31,26
0022500109,2025-26,CHA,WAS,1,139,113,26,3,3,1,2,More,17,14,0.8235294117647058,8,9,36,30
0022500109,2025-26,WAS,CHA,0,113,139,-26,3,1,3,-2,Fewer,8,8,1.0,17,-9,24,20
0022500110,2025-26,IND,MIN,0,110,114,-4,4,2,2,0,Tied,15,9,0.6,16,-1,26,17
0022500110,2025-26,MIN,IND,1,114,110,4,3,2,2,0,Tied,16,11,0.6875,15,1,36,25
0022500111,2025-26,DAL,TOR,1,139,129,10,4,4,0,4,More,17,16,0.9411764705882353,10,7,39,29
0022500111,2025-26,TOR,DAL,0,129,139,-10,3,0,4,-4,Fewer,10,6,0.6,17,-7,23,17
0022500112,2025-26,LAC,POR,1,114,107,7,3,1,3,-2,Fewer,9,8,0.8888888888888888,15,-6,15,14
0022500112,2025-26,POR,LAC,0,107,114,-7,4,3,1,2,More,15,13,0.8666666666666667,9,6,33,27
0022500113,2025-26,SAC,LAL,0,120,127,-7,1,0,4,-4,Fewer,2,1,0.5,20,-18,16,11
0022500113,2025-26,LAL,SAC,1,127,120,7,4,4,0,4,More,20,17,0.85,2,18,45,40
0022500114,2025-26,ORL,PHI,0,124,136,-12,4,3,1,2,More,20,12,0.6,9,11,38,26
0022500114,2025-26,PHI,ORL,1,136,124,12,3,1,3,-2,Fewer,9,8,0.8888888888888888,20,-11,32,26
0022500115,2025-26,ATL,CHI,0,123,128,-5,2,2,2,0,Tied,3,3,1.0,8,-5,20,14
0022500115,2025-26,CHI,ATL,1,128,123,5,2,2,2,0,Tied,8,6,0.75,3,5,21,16
0022500116,2025-26,HOU,BKN,1,137,109,28,2,2,2,0,Tied,18,16,0.8888888888888888,12,6,26,23
0022500116,2025-26,BKN,HOU,0,109,137,-28,3,2,2,0,Tied,12,8,0.6666666666666666,18,-6,18,12
0022500117,2025-26,BOS,NOP,1,122,90,32,2,1,1,0,Tied,6,5,0.8333333333333334,16,-10,14,11
0022500117,2025-26,NOP,BOS,0,90,122,-32,2,1,1,0,Tied,16,10,0.625,6,10,26,18
0022500118,2025-26,TOR,SAS,0,103,121,-18,2,0,3,-3,Fewer,3,0,0.0,13,-10,23,17
0022500118,2025-26,SAS,TOR,1,121,103,18,3,3,0,3,More,13,10,0.7692307692307693,3,10,36,30
0022500119,2025-26,DAL,OKC,0,94,101,-7,3,3,0,3,More,8,5,0.625,9,-1,22,16
0022500119,2025-26,OKC,DAL,1,101,94,7,2,0,3,-3,Fewer,9,9,1.0,8,1,13,11
0022500120,2025-26,PHX,UTA,0,134,138,-4,4,1,4,-3,Fewer,13,11,0.8461538461538461,22,-9,31,24
0022500120,2025-26,UTA,PHX,1,138,134,4,5,4,1,3,More,22,21,0.9545454545454546,13,9,36,34
0022500121,2025-26,MEM,GSW,0,118,131,-13,3,1,3,-2,Fewer,12,12,1.0,16,-4,26,26
0022500121,2025-26,GSW,MEM,1,131,118,13,3,3,1,2,More,16,14,0.875,12,4,30,24
0022500122,2025-26,POR,LAL,1,122,108,14,1,1,1,0,Tied,4,4,1.0,2,2,15,14
0022500122,2025-26,LAL,POR,0,108,122,-14,1,1,1,0,Tied,2,1,0.5,4,-2,25,20
0022500123,2025-26,PHI,WAS,1,139,134,5,4,4,1,3,More,18,17,0.9444444444444444,6,12,36,31
0022500123,2025-26,WAS,PHI,0,134,139,-5,2,1,4,-3,Fewer,6,5,0.8333333333333334,18,-12,21,15
0022500124,2025-26,MIA,CHA,1,144,117,27,1,1,2,-1,Fewer,6,6,1.0,10,-4,21,19
0022500124,2025-26,CHA,MIA,0,117,144,-27,2,2,1,1,More,10,8,0.8,6,4,23,19
0022500125,2025-26,NYK,MIL,0,111,121,-10,2,2,2,0,Tied,4,4,1.0,10,-6,23,20
0022500125,2025-26,MIL,NYK,1,121,111,10,2,2,2,0,Tied,10,7,0.7,4,6,24,21
0022500126,2025-26,SAC,OKC,0,101,107,-6,3,3,0,3,More,5,5,1.0,0,5,21,19
0022500126,2025-26,OKC,SAC,1,107,101,6,0,0,3,-3,Fewer,0,0,,5,-5,10,9
0022500127,2025-26,LAC,GSW,0,79,98,-19,2,2,0,2,More,5,4,0.8,0,5,16,13
0022500127,2025-26,GSW,LAC,1,98,79,19,0,0,2,-2,Fewer,0,0,,5,-5,4,3
0022500128,2025-26,CLE,BOS,0,105,125,-20,4,1,3,-2,Fewer,8,4,0.5,14,-6,24,18
0022500128,2025-26,BOS,CLE,1,125,105,20,3,3,1,2,More,14,10,0.7142857142857143,8,6,24,20
0022500129,2025-26,ORL,DET,0,116,135,-19,4,3,1,2,More,17,11,0.6470588235294118,15,2,37,25
0022500129,2025-26,DET,ORL,1,135,116,19,3,1,3,-2,Fewer,15,13,0.8666666666666667,17,-2,34,30
0022500130,2025-26,BKN,ATL,0,112,117,-5,3,2,1,1,More,18,13,0.7222222222222222,8,10,27,21
0022500130,2025-26,ATL,BKN,1,117,112,5,2,1,2,-1,Fewer,8,6,0.75,18,-10,22,16
0022500131,2025-26,TOR,HOU,0,121,139,-18,2,0,4,-4,Fewer,3,2,0.6666666666666666,18,-15,19,14
0022500131,2025-26,HOU,TOR,1,139,121,18,4,4,0,4,More,18,13,0.7222222222222222,3,15,34,26
0022500132,2025-26,CHI,SAC,1,126,113,13,2,1,2,-1,Fewer,4,4,1.0,12,-8,18,14
0022500132,2025-26,SAC,CHI,0,113,126,-13,3,2,1,1,More,12,10,0.8333333333333334,4,8,24,19
0022500133,2025-26,DAL,IND,1,107,105,2,4,3,1,2,More,21,17,0.8095238095238095,8,13,37,30
0022500133,2025-26,IND,DAL,0,105,107,-2,3,1,3,-2,Fewer,8,6,0.75,21,-13,26,18
0022500134,2025-26,DEN,NOP,1,122,88,34,1,1,3,-2,Fewer,3,3,1.0,14,-11,14,12
0022500134,2025-26,NOP,DEN,0,88,122,-34,3,3,1,2,More,14,7,0.5,3,11,28,16
0022500135,2025-26,UTA,POR,0,134,136,-2,4,3,1,2,More,28,23,0.8214285714285714,12,16,49,41
0022500135,2025-26,POR,UTA,1,136,134,2,2,1,3,-2,Fewer,12,10,0.8333333333333334,28,-16,27,23
0022500136,2025-26,LAL,MIN,1,116,115,1,3,3,1,2,More,8,6,0.75,7,1,22,15
0022500136,2025-26,MIN,LAL,0,115,116,-1,2,1,3,-2,Fewer,7,7,1.0,8,-1,22,18
0022500137,2025-26,PHX,MEM,0,113,114,-1,2,2,0,2,More,6,5,0.8333333333333334,2,4,15,13
0022500137,2025-26,MEM,PHX,1,114,113,1,1,0,2,-2,Fewer,2,1,0.5,6,-4,13,11
0022500138,2025-26,CHA,ORL,0,107,123,-16,1,1,2,-1,Fewer,4,4,1.0,7,-3,15,12
0022500138,2025-26,ORL,CHA,1,123,107,16,3,2,1,1,More,7,6,0.8571428571428571,4,3,22,16
0022500139,2025-26,GSW,MIL,0,110,120,-10,2,2,0,2,More,10,9,0.9,0,10,25,24
0022500139,2025-26,MIL,GSW,1,120,110,10,0,0,2,-2,Fewer,0,0,,10,-10,13,9
0022500140,2025-26,WAS,OKC,0,108,127,-19,0,0,3,-3,Fewer,0,0,,14,-14,17,15
0022500140,2025-26,OKC,WAS,1,127,108,19,3,3,0,3,More,14,12,0.8571428571428571,0,14,28,23
0022500141,2025-26,MIA,SAS,0,101,107,-6,1,1,2,-1,Fewer,2,2,1.0,6,-4,10,8
0022500141,2025-26,SAS,MIA,1,107,101,6,2,2,1,1,More,6,6,1.0,2,4,23,17
0022500142,2025-26,MIL,SAC,0,133,135,-2,2,1,2,-1,Fewer,9,7,0.7777777777777778,19,-10,31,20
0022500142,2025-26,SAC,MIL,1,135,133,2,3,2,1,1,More,19,17,0.8947368421052632,9,10,36,32
0022500143,2025-26,MIN,CHA,1,122,105,17,3,2,1,1,More,6,4,0.6666666666666666,6,0,14,11
0022500143,2025-26,CHA,MIN,0,105,122,-17,1,1,2,-1,Fewer,6,4,0.6666666666666666,6,0,26,23
0022500144,2025-26,GSW,IND,0,109,114,-5,2,1,2,-1,Fewer,6,5,0.8333333333333334,11,-5,20,17
0022500144,2025-26,IND,GSW,1,114,109,5,3,2,1,1,More,11,9,0.8181818181818182,6,5,28,24
0022500145,2025-26,WAS,ORL,0,94,125,-31,1,0,2,-2,Fewer,2,0,0.0,9,-7,15,7
0022500145,2025-26,ORL,WAS,1,125,94,31,2,2,0,2,More,9,6,0.6666666666666666,2,7,22,19
0022500146,2025-26,BOS,HOU,0,101,128,-27,1,0,3,-3,Fewer,2,2,1.0,13,-11,6,6
0022500146,2025-26,HOU,BOS,1,128,101,27,3,3,0,3,More,13,6,0.46153846153846156,2,11,32,22
0022500147,2025-26,DET,DAL,1,122,110,12,3,3,1,2,More,17,14,0.8235294117647058,12,5,34,23
0022500147,2025-26,DAL,DET,0,110,122,-12,4,1,3,-2,Fewer,12,9,0.75,17,-5,30,25
0022500148,2025-26,NOP,OKC,0,106,137,-31,3,2,1,1,More,13,9,0.6923076923076923,10,3,32,17
0022500148,2025-26,OKC,NOP,1,137,106,31,2,1,2,-1,Fewer,10,10,1.0,13,-3,24,21
0022500149,2025-26,BKN,PHI,0,105,129,-24,3,3,0,3,More,10,7,0.7,0,10,26,20
0022500149,2025-26,PHI,BKN,1,129,105,24,0,0,3,-3,Fewer,0,0,,10,-10,16,13
0022500150,2025-26,UTA,CHA,0,103,126,-23,3,2,1,1,More,16,15,0.9375,10,6,27,22
0022500150,2025-26,CHA,UTA,1,126,103,23,2,1,2,-1,Fewer,10,10,1.0,16,-6,21,21
0022500151,2025-26,ATL,CLE,0,109,117,-8,3,3,1,2,More,19,11,0.5789473684210527,11,8,34,24
0022500151,2025-26,CLE,ATL,1,117,109,8,4,1,3,-2,Fewer,11,10,0.9090909090909091,19,-8,18,17
0022500152,2025-26,MEM,TOR,0,104,117,-13,2,2,1,1,More,11,10,0.9090909090909091,1,10,20,17
0022500152,2025-26,TOR,MEM,1,117,104,13,1,1,2,-1,Fewer,1,1,1.0,11,-10,18,14
0022500153,2025-26,NYK,CHI,1,128,116,12,3,2,1,1,More,11,11,1.0,2,9,22,22
0022500153,2025-26,CHI,NYK,0,116,128,-12,1,1,2,-1,Fewer,2,2,1.0,11,-9,11,9
0022500154,2025-26,PHX,SAS,1,130,118,12,2,1,2,-1,Fewer,8,8,1.0,9,-1,20,17
0022500154,2025-26,SAS,PHX,0,118,130,-12,2,2,1,1,More,9,5,0.5555555555555556,8,1,23,18
0022500155,2025-26,MIA,LAL,0,120,130,-10,4,3,1,2,More,17,12,0.7058823529411765,12,5,35,25
0022500155,2025-26,LAL,MIA,1,130,120,10,4,1,3,-2,Fewer,12,8,0.6666666666666666,17,-5,22,18
0022500156,2025-26,MIN,BKN,1,125,109,16,3,2,2,0,Tied,15,12,0.8,17,-2,34,22
0022500156,2025-26,BKN,MIN,0,109,125,-16,3,2,2,0,Tied,17,10,0.5882352941176471,15,2,37,24
0022500157,2025-26,IND,MIL,0,115,117,-2,3,3,1,2,More,13,9,0.6923076923076923,8,5,37,28
0022500157,2025-26,MIL,IND,1,117,115,2,2,1,3,-2,Fewer,8,6,0.75,13,-5,20,13
0022500158,2025-26,BOS,UTA,0,103,105,-2,2,1,2,-1,Fewer,4,3,0.75,9,-5,20,16
0022500158,2025-26,UTA,BOS,1,105,103,2,3,2,1,1,More,9,6,0.6666666666666666,4,5,25,20
0022500159,2025-26,WAS,NYK,0,102,119,-17,1,0,1,-1,Fewer,2,0,0.0,4,-2,16,10
0022500159,2025-26,NYK,WAS,1,119,102,17,1,1,0,1,More,4,2,0.5,2,2,20,16
0022500160,2025-26,HOU,DAL,1,110,102,8,4,3,1,2,More,14,9,0.6428571428571429,4,10,29,19
0022500160,2025-26,DAL,HOU,0,102,110,-8,1,1,3,-2,Fewer,4,3,0.75,14,-10,20,13
0022500161,2025-26,DET,MEM,1,114,106,8,2,1,3,-2,Fewer,10,7,0.7,12,-2,28,20
0022500161,2025-26,MEM,DET,0,106,114,-8,3,3,1,2,More,12,10,0.8333333333333334,10,2,24,21
0022500162,2025-26,DEN,SAC,1,130,124,6,2,1,1,0,Tied,11,8,0.7272727272727273,3,8,24,18
0022500162,2025-26,SAC,DEN,0,124,130,-6,1,1,1,0,Tied,3,3,1.0,11,-8,25,21
0022500163,2025-26,POR,LAL,0,115,123,-8,2,2,2,0,Tied,13,10,0.7692307692307693,4,9,30,22
0022500163,2025-26,LAL,POR,1,123,115,8,2,2,2,0,Tied,4,3,0.75,13,-9,16,14
0022500164,2025-26,LAC,MIA,0,119,120,-1,1,0,4,-4,Fewer,2,1,0.5,15,-13,19,14
0022500164,2025-26,MIA,LAC,1,120,119,1,4,4,0,4,More,15,12,0.8,2,13,24,18
0022500165,2025-26,TOR,MIL,1,128,100,28,3,3,1,2,More,12,11,0.9166666666666666,13,-1,29,23
0022500165,2025-26,MIL,TOR,0,100,128,-28,3,1,3,-2,Fewer,13,10,0.7692307692307693,12,1,21,15
0022500166,2025-26,ORL,ATL,0,112,127,-15,3,1,3,-2,Fewer,14,13,0.9285714285714286,23,-9,32,29
0022500166,2025-26,ATL,ORL,1,127,112,15,3,3,1,2,More,23,18,0.782608695652174,14,9,37,30
0022500167,2025-26,PHI,CHI,0,111,113,-2,3,3,0,3,More,9,6,0.6666666666666666,4,5,23,19
0022500167,2025-26,CHI,PHI,1,113,111,2,2,0,3,-3,Fewer,4,3,0.75,9,-5,20,16
0022500168,2025-26,CHA,NOP,0,112,116,-4,3,2,2,0,Tied,13,11,0.8461538461538461,10,3,27,20
0022500168,2025-26,NOP,CHA,1,116,112,4,3,2,2,0,Tied,10,6,0.6,13,-3,19,13
0022500169,2025-26,GSW,PHX,1,118,107,11,2,1,1,0,Tied,4,3,0.75,4,0,18,15
0022500169,2025-26,PHX,GSW,0,107,118,-11,1,1,1,0,Tied,4,4,1.0,4,0,16,15
0022500170,2025-26,OKC,LAC,1,126,107,19,2,1,3,-2,Fewer,7,6,0.8571428571428571,15,-8,20,16
0022500170,2025-26,LAC,OKC,0,107,126,-19,3,3,1,2,More,15,13,0.8666666666666667,7,8,27,23
0022500171,2025-26,CLE,PHI,1,132,121,11,4,1,3,-2,Fewer,10,10,1.0,12,-2,17,16
0022500171,2025-26,PHI,CLE,0,121,132,-11,4,3,1,2,More,12,9,0.75,10,2,28,21
0022500172,2025-26,DET,UTA,1,114,103,11,3,1,2,-1,Fewer,10,5,0.5,12,-2,22,13
0022500172,2025-26,UTA,DET,0,103,114,-11,3,2,1,1,More,12,9,0.75,10,2,29,25
0022500173,2025-26,IND,BKN,0,103,112,-9,1,1,1,0,Tied,3,0,0.0,13,-10,13,8
0022500173,2025-26,BKN,IND,1,112,103,9,2,1,1,0,Tied,13,11,0.8461538461538461,3,10,32,25
0022500174,2025-26,WAS,BOS,0,107,136,-29,3,2,1,1,More,10,9,0.9,6,4,27,20
0022500174,2025-26,BOS,WAS,1,136,107,29,2,1,2,-1,Fewer,6,5,0.8333333333333334,10,-4,20,16
0022500175,2025-26,MIN,NYK,0,114,137,-23,3,3,0,3,More,7,7,1.0,0,7,17,15
0022500175,2025-26,NYK,MIN,1,137,114,23,0,0,3,-3,Fewer,0,0,,7,-7,9,8
0022500176,2025-26,HOU,MEM,1,124,109,15,2,1,3,-2,Fewer,5,4,0.8,12,-7,18,15
0022500176,2025-26,MEM,HOU,0,109,124,-15,3,3,1,2,More,12,10,0.8333333333333334,5,7,35,28
0022500177,2025-26,NOP,DAL,1,101,99,2,1,0,3,-3,Fewer,4,3,0.75,7,-3,16,13
0022500177,2025-26,DAL,NOP,0,99,101,-2,3,3,0,3,More,7,5,0.7142857142857143,4,3,20,15
0022500178,2025-26,DEN,MIA,1,122,112,10,3,3,1,2,More,10,9,0.9,5,5,28,25
0022500178,2025-26,MIA,DEN,0,112,122,-10,2,1,3,-2,Fewer,5,2,0.4,10,-5,25,22
0022500179,2025-26,LAL,SAS,1,118,116,2,4,3,1,2,More,33,27,0.8181818181818182,25,8,44,34
0022500179,2025-26,SAS,LAL,0,116,118,-2,4,1,3,-2,Fewer,25,20,0.8,33,-8,37,29
0022500180,2025-26,POR,OKC,1,121,119,2,4,3,1,2,More,14,14,1.0,13,1,32,30
0022500180,2025-26,OKC,POR,0,119,121,-2,3,1,3,-2,Fewer,13,11,0.8461538461538461,14,-1,30,27
0022500181,2025-26,SAC,GSW,1,121,116,5,3,3,0,3,More,20,16,0.8,2,18,33,28
0022500181,2025-26,GSW,SAC,0,116,121,-5,1,0,3,-3,Fewer,2,2,1.0,20,-18,22,18
0022500182,2025-26,PHX,LAC,1,115,102,13,1,1,3,-2,Fewer,6,4,0.6666666666666666,14,-8,19,14
0022500182,2025-26,LAC,PHX,0,102,115,-13,4,3,1,2,More,14,10,0.7142857142857143,6,8,30,22
0022500183,2025-26,WAS,DAL,0,105,111,-6,2,2,1,1,More,6,5,0.8333333333333334,12,-6,22,19
0022500183,2025-26,DAL,WAS,1,111,105,6,3,1,2,-1,Fewer,12,8,0.6666666666666666,6,6,30,21
0022500184,2025-26,PHI,TOR,1,130,120,10,3,3,1,2,More,15,11,0.7333333333333333,11,4,27,21
0022500184,2025-26,TOR,PHI,0,120,130,-10,3,1,3,-2,Fewer,11,7,0.6363636363636364,15,-4,28,22
0022500185,2025-26,ATL,LAL,1,122,102,20,1,0,2,-2,Fewer,2,1,0.5,4,-2,11,10
0022500185,2025-26,LAL,ATL,0,102,122,-20,2,2,0,2,More,4,4,1.0,2,2,20,16
0022500186,2025-26,CHI,CLE,0,122,128,-6,4,2,2,0,Tied,23,20,0.8695652173913043,15,8,35,32
0022500186,2025-26,CLE,CHI,1,128,122,6,3,2,2,0,Tied,15,11,0.7333333333333333,23,-8,25,18
0022500187,2025-26,MIA,POR,1,136,131,5,4,4,0,4,More,23,19,0.8260869565217391,9,14,35,27
0022500187,2025-26,POR,MIA,0,131,136,-5,3,0,4,-4,Fewer,9,7,0.7777777777777778,23,-14,22,18
0022500188,2025-26,SAS,NOP,1,126,119,7,3,1,3,-2,Fewer,6,5,0.8333333333333334,10,-4,18,16
0022500188,2025-26,NOP,SAS,0,119,126,-7,3,3,1,2,More,10,10,1.0,6,4,17,14
0022500189,2025-26,IND,DEN,0,100,117,-17,3,2,1,1,More,12,9,0.75,12,0,30,22
0022500189,2025-26,DEN,IND,1,117,100,17,3,1,2,-1,Fewer,12,10,0.8333333333333334,12,0,21,18
0022500190,2025-26,PHX,LAC,1,114,103,11,2,2,1,1,More,5,3,0.6,4,1,21,18
0022500190,2025-26,LAC,PHX,0,103,114,-11,1,1,2,-1,Fewer,4,2,0.5,5,-1,16,9
0022500191,2025-26,MIL,HOU,0,115,122,-7,2,1,1,0,Tied,8,4,0.5,6,2,24,14
0022500191,2025-26,HOU,MIL,1,122,115,7,2,1,1,0,Tied,6,5,0.8333333333333334,8,-2,21,16
0022500192,2025-26,NYK,BKN,1,134,98,36,2,1,3,-2,Fewer,13,10,0.7692307692307693,11,2,24,19
0022500192,2025-26,BKN,NYK,0,98,134,-36,3,3,1,2,More,11,10,0.9090909090909091,13,-2,22,17
0022500193,2025-26,ORL,BOS,0,107,111,-4,4,3,1,2,More,13,11,0.8461538461538461,9,4,32,30
0022500193,2025-26,BOS,ORL,1,111,107,4,3,1,3,-2,Fewer,9,7,0.7777777777777778,13,-4,25,18
0022500194,2025-26,OKC,MEM,1,114,100,14,3,3,0,3,More,11,11,1.0,6,5,26,22
0022500194,2025-26,MEM,OKC,0,100,114,-14,2,0,3,-3,Fewer,6,4,0.6666666666666666,11,-5,15,12
0022500195,2025-26,PHI,DET,0,108,111,-3,2,2,1,1,More,10,9,0.9,7,3,27,23
0022500195,2025-26,DET,PHI,1,111,108,3,2,1,2,-1,Fewer,7,6,0.8571428571428571,10,-3,27,20
0022500196,2025-26,GSW,IND,1,114,83,31,3,3,0,3,More,16,12,0.75,5,11,35,25
0022500196,2025-26,IND,GSW,0,83,114,-31,2,0,3,-3,Fewer,5,3,0.6,16,-11,11,8
0022500197,2025-26,MIN,SAC,1,144,117,27,2,2,1,1,More,9,8,0.8888888888888888,19,-10,24,22
0022500197,2025-26,SAC,MIN,0,117,144,-27,3,1,2,-1,Fewer,19,14,0.7368421052631579,9,10,28,22
0022500198,2025-26,CHA,LAL,0,111,121,-10,3,2,2,0,Tied,13,12,0.9230769230769231,11,2,22,20
0022500198,2025-26,LAL,CHA,1,121,111,10,3,2,2,0,Tied,11,9,0.8181818181818182,13,-2,20,17
0022500199,2025-26,WAS,DET,0,135,137,-2,2,1,3,-2,Fewer,6,5,0.8333333333333334,17,-11,26,20
0022500199,2025-26,DET,WAS,1,137,135,2,3,3,1,2,More,17,11,0.6470588235294118,6,11,38,30
0022500200,2025-26,POR,ORL,0,112,115,-3,3,2,2,0,Tied,10,7,0.7,14,-4,26,19
0022500200,2025-26,ORL,POR,1,115,112,3,3,2,2,0,Tied,14,11,0.7857142857142857,10,4,34,29
0022500201,2025-26,MIA,CLE,1,140,138,2,3,1,4,-3,Fewer,20,19,0.95,15,5,39,35
0022500201,2025-26,CLE,MIA,0,138,140,-2,5,4,1,3,More,15,11,0.7333333333333333,20,-5,27,19
0022500202,2025-26,SAS,CHI,1,121,117,4,2,1,1,0,Tied,10,10,1.0,4,6,27,23
0022500202,2025-26,CHI,SAS,0,117,121,-4,2,1,1,0,Tied,4,3,0.75,10,-6,22,18
0022500203,2025-26,DAL,MIL,0,114,116,-2,4,3,1,2,More,19,15,0.7894736842105263,10,9,41,31
0022500203,2025-26,MIL,DAL,1,116,114,2,3,1,3,-2,Fewer,10,7,0.7,19,-9,24,19
0022500204,2025-26,PHX,NOP,1,121,98,23,3,3,1,2,More,12,8,0.6666666666666666,8,4,30,23
0022500204,2025-26,NOP,PHX,0,98,121,-23,2,1,3,-2,Fewer,8,7,0.875,12,-4,23,19
0022500205,2025-26,MIN,UTA,1,120,113,7,3,3,0,3,More,16,16,1.0,14,2,28,26
0022500205,2025-26,UTA,MIN,0,113,120,-7,2,0,3,-3,Fewer,14,13,0.9285714285714286,16,-2,24,20
0022500206,2025-26,LAC,ATL,0,102,105,-3,4,4,0,4,More,13,9,0.6923076923076923,6,7,25,18
0022500206,2025-26,ATL,LAC,1,105,102,3,3,0,4,-4,Fewer,6,4,0.6666666666666666,13,-7,20,16
0022500207,2025-26,BKN,TOR,0,109,119,-10,3,3,1,2,More,17,16,0.9411764705882353,6,11,30,29
0022500207,2025-26,TOR,BKN,1,119,109,10,2,1,3,-2,Fewer,6,4,0.6666666666666666,17,-11,24,19
0022500208,2025-26,MEM,NYK,0,120,133,-13,2,1,1,0,Tied,4,3,0.75,6,-2,23,19
0022500208,2025-26,NYK,MEM,1,133,120,13,1,1,1,0,Tied,6,6,1.0,4,2,20,17
0022500209,2025-26,PHI,BOS,1,102,100,2,1,1,2,-1,Fewer,2,2,1.0,8,-6,19,16
0022500209,2025-26,BOS,PHI,0,100,102,-2,3,2,1,1,More,8,6,0.75,2,6,18,14
0022500210,2025-26,OKC,GSW,1,126,102,24,3,2,2,0,Tied,16,14,0.875,11,5,26,22
0022500210,2025-26,GSW,OKC,0,102,126,-24,4,2,2,0,Tied,11,9,0.8181818181818182,16,-5,28,23
0022500211,2025-26,UTA,IND,1,152,128,24,3,2,2,0,Tied,11,10,0.9090909090909091,15,-4,32,29
0022500211,2025-26,IND,UTA,0,128,152,-24,3,2,2,0,Tied,15,12,0.8,11,4,29,26
0022500212,2025-26,DEN,SAC,1,122,108,14,2,2,0,2,More,16,12,0.75,7,9,26,20
0022500212,2025-26,SAC,DEN,0,108,122,-14,1,0,2,-2,Fewer,7,6,0.8571428571428571,16,-9,23,16
0022500213,2025-26,MIL,CHA,0,100,111,-11,2,1,1,0,Tied,3,2,0.6666666666666666,10,-7,13,8
0022500213,2025-26,CHA,MIL,1,111,100,11,2,1,1,0,Tied,10,9,0.9,3,7,27,23
0022500214,2025-26,CHI,DET,0,113,124,-11,3,3,1,2,More,16,13,0.8125,7,9,28,19
0022500214,2025-26,DET,CHI,1,124,113,11,3,1,3,-2,Fewer,7,6,0.8571428571428571,16,-9,16,11
0022500215,2025-26,ORL,NYK,1,124,107,17,4,2,2,0,Tied,16,15,0.9375,7,9,33,28
0022500215,2025-26,NYK,ORL,0,107,124,-17,2,2,2,0,Tied,7,6,0.8571428571428571,16,-9,23,18
0022500216,2025-26,BOS,MEM,1,131,95,36,0,0,3,-3,Fewer,0,0,,7,-7,12,10
0022500216,2025-26,MEM,BOS,0,95,131,-36,3,3,0,3,More,7,6,0.8571428571428571,0,7,26,21
0022500217,2025-26,CLE,MIA,1,130,116,14,3,2,2,0,Tied,19,16,0.8421052631578947,6,13,28,23
0022500217,2025-26,MIA,CLE,0,116,130,-14,3,2,2,0,Tied,6,6,1.0,19,-13,13,11
0022500218,2025-26,HOU,WAS,1,135,112,23,2,2,2,0,Tied,9,5,0.5555555555555556,6,3,23,16
0022500218,2025-26,WAS,HOU,0,112,135,-23,3,2,2,0,Tied,6,4,0.6666666666666666,9,-3,18,13
0022500219,2025-26,POR,NOP,1,125,117,8,2,1,3,-2,Fewer,4,3,0.75,15,-11,17,16
0022500219,2025-26,NOP,POR,0,117,125,-8,3,3,1,2,More,15,12,0.8,4,11,20,17
0022500220,2025-26,SAS,GSW,0,120,125,-5,1,0,3,-3,Fewer,4,3,0.75,19,-15,16,14
0022500220,2025-26,GSW,SAS,1,125,120,5,3,3,0,3,More,19,17,0.8947368421052632,4,15,36,32
0022500221,2025-26,PHX,DAL,1,123,114,9,3,0,3,-3,Fewer,8,6,0.75,9,-1,24,19
0022500221,2025-26,DAL,PHX,0,114,123,-9,3,3,0,3,More,9,7,0.7777777777777778,8,1,16,10
0022500222,2025-26,LAL,OKC,0,92,121,-29,2,2,1,1,More,10,7,0.7,8,2,28,19
0022500222,2025-26,OKC,LAL,1,121,92,29,3,1,2,-1,Fewer,8,8,1.0,10,-2,22,21
0022500223,2025-26,ATL,SAC,1,133,100,33,2,2,0,2,More,5,3,0.6,4,1,22,18
0022500223,2025-26,SAC,ATL,0,100,133,-33,1,0,2,-2,Fewer,4,4,1.0,5,-1,18,14
0022500224,2025-26,LAC,DEN,0,116,130,-14,2,1,3,-2,Fewer,7,7,1.0,20,-13,19,18
0022500224,2025-26,DEN,LAC,1,130,116,14,4,3,1,2,More,20,15,0.75,7,13,35,29
0022500225,2025-26,TOR,CLE,1,126,113,13,2,2,2,0,Tied,8,7,0.875,10,-2,17,16
0022500225,2025-26,CLE,TOR,0,113,126,-13,3,2,2,0,Tied,10,9,0.9,8,2,26,21
0022500226,2025-26,IND,PHX,0,98,133,-35,2,2,1,1,More,15,14,0.9333333333333333,8,7,29,27
0022500226,2025-26,PHX,IND,1,133,98,35,3,1,2,-1,Fewer,8,5,0.625,15,-7,24,19
0022500227,2025-26,ATL,UTA,1,132,122,10,2,2,2,0,Tied,10,9,0.9,8,2,21,16
0022500227,2025-26,UTA,ATL,0,122,132,-10,3,2,2,0,Tied,8,6,0.75,10,-2,21,13
0022500228,2025-26,MEM,CLE,0,100,108,-8,4,2,2,0,Tied,19,13,0.6842105263157895,14,5,40,29
0022500228,2025-26,CLE,MEM,1,108,100,8,3,2,2,0,Tied,14,9,0.6428571428571429,19,-5,29,19
0022500229,2025-26,OKC,CHA,1,109,96,13,1,1,0,1,More,2,2,1.0,0,2,10,8
0022500229,2025-26,CHA,OKC,0,96,109,-13,0,0,1,-1,Fewer,0,0,,2,-2,7,6
0022500230,2025-26,TOR,IND,1,129,111,18,3,3,0,3,More,18,11,0.6111111111111112,10,8,41,25
0022500230,2025-26,IND,TOR,0,111,129,-18,2,0,3,-3,Fewer,10,8,0.8,18,-8,27,22
0022500231,2025-26,LAL,MIL,1,119,95,24,3,2,2,0,Tied,13,12,0.9230769230769231,10,3,33,30
0022500231,2025-26,MIL,LAL,0,95,119,-24,2,2,2,0,Tied,10,6,0.6,13,-3,24,16
0022500232,2025-26,DEN,MIN,1,123,112,11,3,2,2,0,Tied,18,15,0.8333333333333334,5,13,34,27
0022500232,2025-26,MIN,DEN,0,112,123,-11,3,2,2,0,Tied,5,4,0.8,18,-13,20,18
0022500233,2025-26,BOS,LAC,1,121,118,3,1,1,2,-1,Fewer,7,6,0.8571428571428571,12,-5,17,13
0022500233,2025-26,LAC,BOS,0,118,121,-3,3,2,1,1,More,12,12,1.0,7,5,29,27
0022500234,2025-26,SAS,SAC,1,123,110,13,1,1,2,-1,Fewer,4,3,0.75,7,-3,18,15
0022500234,2025-26,SAC,SAS,0,110,123,-13,3,2,1,1,More,7,4,0.5714285714285714,4,3,21,15
0022500235,2025-26,WAS,BKN,0,106,129,-23,1,0,4,-4,Fewer,4,3,0.75,14,-10,21,19
0022500235,2025-26,BKN,WAS,1,129,106,23,4,4,0,4,More,14,12,0.8571428571428571,4,10,33,26
0022500236,2025-26,HOU,ORL,1,117,113,4,3,1,3,-2,Fewer,11,10,0.9090909090909091,19,-8,29,25
0022500236,2025-26,ORL,HOU,0,113,117,-4,4,3,1,2,More,19,13,0.6842105263157895,11,8,31,23
0022500237,2025-26,NOP,GSW,0,106,124,-18,3,3,0,3,More,12,11,0.9166666666666666,0,12,29,22
0022500237,2025-26,GSW,NOP,1,124,106,18,0,0,3,-3,Fewer,0,0,,12,-12,17,14
0022500238,2025-26,DAL,POR,1,138,133,5,4,3,1,2,More,26,17,0.6538461538461539,9,17,40,27
0022500238,2025-26,POR,DAL,0,133,138,-5,2,1,3,-2,Fewer,9,7,0.7777777777777778,26,-17,32,27
0022500239,2025-26,ATL,PHX,1,124,122,2,2,2,1,1,More,12,10,0.8333333333333334,5,7,22,18
0022500239,2025-26,PHX,ATL,0,122,124,-2,2,1,2,-1,Fewer,5,5,1.0,12,-7,17,16
0022500240,2025-26,UTA,CHI,1,150,147,3,4,3,2,1,More,14,10,0.7142857142857143,15,-1,41,34
0022500240,2025-26,CHI,UTA,0,147,150,-3,5,2,3,-1,Fewer,15,15,1.0,14,1,31,29
0022500241,2025-26,CLE,MIL,1,118,106,12,1,1,1,0,Tied,6,5,0.8333333333333334,4,2,21,15
0022500241,2025-26,MIL,CLE,0,106,118,-12,2,1,1,0,Tied,4,2,0.5,6,-2,14,10
0022500242,2025-26,IND,DET,0,112,127,-15,3,2,1,1,More,19,14,0.7368421052631579,13,6,41,29
0022500242,2025-26,DET,IND,1,127,112,15,2,1,2,-1,Fewer,13,7,0.5384615384615384,19,-6,29,21
0022500243,2025-26,LAC,PHI,0,108,110,-2,3,2,2,0,Tied,12,12,1.0,16,-4,26,25
0022500243,2025-26,PHI,LAC,1,110,108,2,3,2,2,0,Tied,16,13,0.8125,12,4,30,21
0022500244,2025-26,MIA,NYK,1,115,113,2,1,1,1,0,Tied,3,2,0.6666666666666666,6,-3,12,10
0022500244,2025-26,NYK,MIA,0,113,115,-2,1,1,1,0,Tied,6,4,0.6666666666666666,3,3,24,18
0022500245,2025-26,TOR,CHA,1,110,108,2,1,1,0,1,More,5,3,0.6,6,-1,16,12
0022500245,2025-26,CHA,TOR,0,108,110,-2,1,0,1,-1,Fewer,6,5,0.8333333333333334,5,1,29,23
0022500246,2025-26,DAL,MIN,0,96,120,-24,3,1,3,-2,Fewer,17,7,0.4117647058823529,11,6,31,19
0022500246,2025-26,MIN,DAL,1,120,96,24,3,3,1,2,More,11,7,0.6363636363636364,17,-6,25,18
0022500247,2025-26,NOP,OKC,0,109,126,-17,2,1,3,-2,Fewer,6,5,0.8333333333333334,13,-7,15,13
0022500247,2025-26,OKC,NOP,1,126,109,17,3,3,1,2,More,13,10,0.7692307692307693,6,7,27,22
0022500248,2025-26,DEN,CHI,0,127,130,-3,3,3,1,2,More,6,6,1.0,6,0,25,21
0022500248,2025-26,CHI,DEN,1,130,127,3,2,1,3,-2,Fewer,6,6,1.0,6,0,16,13
0022500249,2025-26,ORL,GSW,1,121,113,8,1,1,2,-1,Fewer,10,10,1.0,6,4,27,25
0022500249,2025-26,GSW,ORL,0,113,121,-8,2,2,1,1,More,6,5,0.8333333333333334,10,-4,26,21
0022500250,2025-26,BKN,BOS,0,99,113,-14,3,3,1,2,More,9,5,0.5555555555555556,10,-1,27,19
0022500250,2025-26,BOS,BKN,1,113,99,14,3,1,3,-2,Fewer,10,9,0.9,9,1,24,19
0022500251,2025-26,DET,ATL,1,120,112,8,3,2,1,1,More,12,11,0.9166666666666666,4,8,24,20
0022500251,2025-26,ATL,DET,0,112,120,-8,2,1,2,-1,Fewer,4,4,1.0,12,-8,15,13
0022500252,2025-26,SAS,MEM,1,111,101,10,0,0,2,-2,Fewer,0,0,,6,-6,13,11
0022500252,2025-26,MEM,SAS,0,101,111,-10,2,2,0,2,More,6,5,0.8333333333333334,0,6,9,5
0022500253,2025-26,LAL,UTA,1,140,126,14,3,3,0,3,More,19,13,0.6842105263157895,10,9,39,28
0022500253,2025-26,UTA,LAL,0,126,140,-14,3,0,3,-3,Fewer,10,10,1.0,19,-9,18,17
0022500254,2025-26,POR,PHX,0,110,127,-17,3,3,0,3,More,13,10,0.7692307692307693,3,10,20,16
0022500254,2025-26,PHX,POR,1,127,110,17,1,0,3,-3,Fewer,3,3,1.0,13,-10,21,18
0022500255,2025-26,CLE,HOU,0,104,114,-10,3,3,0,3,More,12,8,0.6666666666666666,8,4,30,19
0022500255,2025-26,HOU,CLE,1,114,104,10,2,0,3,-3,Fewer,8,7,0.875,12,-4,23,19
0022500256,2025-26,CHA,IND,0,118,127,-9,2,2,2,0,Tied,11,8,0.7272727272727273,6,5,22,19
0022500256,2025-26,IND,CHA,1,127,118,9,3,2,2,0,Tied,6,6,1.0,11,-5,22,18
0022500257,2025-26,MIA,GSW,1,110,96,14,3,2,2,0,Tied,8,5,0.625,3,5,26,19
0022500257,2025-26,GSW,MIA,0,96,110,-14,2,2,2,0,Tied,3,2,0.6666666666666666,8,-5,20,15
0022500258,2025-26,PHI,TOR,0,112,121,-9,3,2,1,1,More,6,6,1.0,10,-4,18,16
0022500258,2025-26,TOR,PHI,1,121,112,9,1,1,2,-1,Fewer,10,8,0.8,6,4,24,20
0022500259,2025-26,WAS,MIN,0,109,120,-11,1,1,3,-2,Fewer,2,2,1.0,17,-15,12,9
0022500259,2025-26,MIN,WAS,1,120,109,11,3,3,1,2,More,17,10,0.5882352941176471,2,15,32,23
0022500260,2025-26,NOP,DEN,0,118,125,-7,4,4,0,4,More,18,11,0.6111111111111112,14,4,31,20
0022500260,2025-26,DEN,NOP,1,125,118,7,2,0,4,-4,Fewer,14,11,0.7857142857142857,18,-4,26,21
0022500261,2025-26,OKC,SAC,1,113,99,14,3,3,1,2,More,10,10,1.0,8,2,23,21
0022500261,2025-26,SAC,OKC,0,99,113,-14,3,1,3,-2,Fewer,8,3,0.375,10,-2,23,15
0022500262,2025-26,DAL,NYK,0,111,113,-2,2,2,2,0,Tied,15,10,0.6666666666666666,12,3,30,25
0022500262,2025-26,NYK,DAL,1,113,111,2,4,2,2,0,Tied,12,4,0.3333333333333333,15,-3,35,19
0022500263,2025-26,POR,CHI,0,121,122,-1,3,2,1,1,More,14,7,0.5,2,12,32,21
0022500263,2025-26,CHI,POR,1,122,121,1,1,1,2,-1,Fewer,2,2,1.0,14,-12,13,8
0022500264,2025-26,ORL,LAC,1,129,101,28,2,2,1,1,More,6,6,1.0,3,3,24,21
0022500264,2025-26,LAC,ORL,0,101,129,-28,1,1,2,-1,Fewer,3,3,1.0,6,-3,19,15
0022500265,2025-26,MEM,SAC,1,137,96,41,3,3,0,3,More,12,10,0.8333333333333334,0,12,25,19
0022500265,2025-26,SAC,MEM,0,96,137,-41,0,0,3,-3,Fewer,0,0,,12,-12,15,11
0022500266,2025-26,PHI,MIL,1,123,114,9,1,1,1,0,Tied,6,6,1.0,3,3,24,20
0022500266,2025-26,MIL,PHI,0,114,123,-9,1,1,1,0,Tied,3,3,1.0,6,-3,13,10
0022500267,2025-26,ATL,SAS,0,126,135,-9,1,0,3,-3,Fewer,4,3,0.75,17,-13,13,8
0022500267,2025-26,SAS,ATL,1,135,126,9,3,3,0,3,More,17,12,0.7058823529411765,4,13,30,22
0022500268,2025-26,CHA,LAC,0,116,131,-15,3,1,2,-1,Fewer,5,3,0.6,9,-4,26,23
0022500268,2025-26,LAC,CHA,1,131,116,15,3,2,1,1,More,9,7,0.7777777777777778,5,4,22,18
0022500269,2025-26,ORL,NYK,1,133,121,12,4,3,1,2,More,15,11,0.7333333333333333,11,4,29,25
0022500269,2025-26,NYK,ORL,0,121,133,-12,3,1,3,-2,Fewer,11,7,0.6363636363636364,15,-4,27,21
0022500270,2025-26,ATL,NOP,1,115,98,17,1,1,2,-1,Fewer,6,5,0.8333333333333334,8,-2,19,14
0022500270,2025-26,NOP,ATL,0,98,115,-17,2,2,1,1,More,8,8,1.0,6,2,24,20
0022500271,2025-26,WAS,CHI,0,120,121,-1,1,0,4,-4,Fewer,6,6,1.0,12,-6,20,16
0022500271,2025-26,CHI,WAS,1,121,120,1,4,4,0,4,More,12,11,0.9166666666666666,6,6,30,25
0022500272,2025-26,DET,MIL,1,129,116,13,2,2,1,1,More,8,6,0.75,4,4,23,14
0022500272,2025-26,MIL,DET,0,116,129,-13,2,1,2,-1,Fewer,4,3,0.75,8,-4,12,10
0022500273,2025-26,MEM,DAL,1,102,96,6,2,2,1,1,More,10,8,0.8,1,9,24,20
0022500273,2025-26,DAL,MEM,0,96,102,-6,1,1,2,-1,Fewer,1,1,1.0,10,-9,14,12
0022500274,2025-26,DEN,SAC,0,123,128,-5,3,2,2,0,Tied,11,9,0.8181818181818182,6,5,22,18
0022500274,2025-26,SAC,DEN,1,128,123,5,3,2,2,0,Tied,6,6,1.0,11,-5,23,22
0022500275,2025-26,PHI,MIA,0,117,127,-10,1,1,2,-1,Fewer,4,3,0.75,6,-2,19,15
0022500275,2025-26,MIA,PHI,1,127,117,10,2,2,1,1,More,6,4,0.6666666666666666,4,2,30,20
0022500276,2025-26,CHA,ATL,0,110,113,-3,3,3,0,3,More,6,6,1.0,4,2,19,17
0022500276,2025-26,ATL,CHA,1,113,110,3,1,0,3,-3,Fewer,4,2,0.5,6,-2,16,12
0022500277,2025-26,BOS,ORL,1,138,129,9,2,2,2,0,Tied,6,6,1.0,10,-4,22,17
0022500277,2025-26,ORL,BOS,0,129,138,-9,3,2,2,0,Tied,10,9,0.9,6,4,23,19
0022500278,2025-26,CLE,LAC,1,120,105,15,1,1,2,-1,Fewer,3,2,0.6666666666666666,9,-6,20,13
0022500278,2025-26,LAC,CLE,0,105,120,-15,3,2,1,1,More,9,6,0.6666666666666666,3,6,25,22
0022500279,2025-26,BKN,TOR,0,109,119,-10,3,3,1,2,More,10,9,0.9,8,2,30,26
0022500279,2025-26,TOR,BKN,1,119,109,10,3,1,3,-2,Fewer,8,6,0.75,10,-2,28,25
0022500280,2025-26,POR,OKC,0,95,122,-27,3,1,2,-1,Fewer,11,8,0.7272727272727273,6,5,20,14
0022500280,2025-26,OKC,POR,1,122,95,27,2,2,1,1,More,6,4,0.6666666666666666,11,-5,21,16
0022500281,2025-26,SAS,PHX,0,102,111,-9,3,3,1,2,More,15,12,0.8,4,11,32,26
0022500281,2025-26,PHX,SAS,1,111,102,9,2,1,3,-2,Fewer,4,2,0.5,15,-11,15,10
0022500282,2025-26,UTA,LAL,0,106,108,-2,2,2,2,0,Tied,5,4,0.8,11,-6,18,13
0022500282,2025-26,LAL,UTA,1,108,106,2,3,2,2,0,Tied,11,9,0.8181818181818182,5,6,26,21
0022500283,2025-26,IND,DET,0,117,122,-5,3,1,2,-1,Fewer,20,14,0.7,15,5,34,26
0022500283,2025-26,DET,IND,1,122,117,5,3,2,1,1,More,15,12,0.8,20,-5,34,26
0022500284,2025-26,TOR,CLE,1,110,99,11,1,1,1,0,Tied,2,1,0.5,2,0,16,10
0022500284,2025-26,CLE,TOR,0,99,110,-11,1,1,1,0,Tied,2,2,1.0,2,0,13,13
0022500285,2025-26,NYK,BKN,1,113,100,13,1,0,3,-3,Fewer,2,2,1.0,7,-5,13,10
0022500285,2025-26,BKN,NYK,0,100,113,-13,3,3,0,3,More,7,5,0.7142857142857143,2,5,27,20
0022500286,2025-26,DAL,MIA,0,102,106,-4,1,1,2,-1,Fewer,2,2,1.0,4,-2,16,14
0022500286,2025-26,MIA,DAL,1,106,102,4,2,2,1,1,More,4,3,0.75,2,2,23,16
0022500287,2025-26,MEM,DEN,0,115,125,-10,2,2,0,2,More,3,2,0.6666666666666666,2,1,14,12
0022500287,2025-26,DEN,MEM,1,125,115,10,1,0,2,-2,Fewer,2,1,0.5,3,-1,14,11
0022500288,2025-26,POR,MIL,1,115,103,12,3,3,1,2,More,17,14,0.8235294117647058,5,12,32,24
0022500288,2025-26,MIL,POR,0,103,115,-12,1,1,3,-2,Fewer,5,4,0.8,17,-12,18,14
0022500289,2025-26,CHI,NOP,0,130,143,-13,2,2,1,1,More,13,10,0.7692307692307693,10,3,32,24
0022500289,2025-26,NOP,CHI,1,143,130,13,3,1,2,-1,Fewer,10,10,1.0,13,-3,33,23
0022500290,2025-26,HOU,PHX,1,114,92,22,2,2,1,1,More,4,4,1.0,9,-5,16,14
0022500290,2025-26,PHX,HOU,0,92,114,-22,3,1,2,-1,Fewer,9,8,0.8888888888888888,4,5,19,13
0022500291,2025-26,GSW,UTA,1,134,117,17,2,2,0,2,More,4,4,1.0,2,2,18,13
0022500291,2025-26,UTA,GSW,0,117,134,-17,1,0,2,-2,Fewer,2,1,0.5,4,-2,18,12
0022500292,2025-26,SAC,MIN,1,117,112,5,4,3,2,1,More,16,15,0.9375,6,10,27,25
0022500292,2025-26,MIN,SAC,0,112,117,-5,2,2,3,-1,Fewer,6,6,1.0,16,-10,21,19
0022500293,2025-26,BOS,MIN,0,115,119,-4,1,1,3,-2,Fewer,7,6,0.8571428571428571,12,-5,14,8
0022500293,2025-26,MIN,BOS,1,119,115,4,4,3,1,2,More,12,11,0.9166666666666666,7,5,20,16
0022500294,2025-26,TOR,CHA,0,111,118,-7,3,2,2,0,Tied,10,8,0.8,10,0,17,14
0022500294,2025-26,CHA,TOR,1,118,111,7,4,2,2,0,Tied,10,8,0.8,10,0,29,26
0022500295,2025-26,IND,CHI,1,103,101,2,1,1,0,1,More,2,1,0.5,0,2,11,8
0022500295,2025-26,CHI,IND,0,101,103,-2,0,0,1,-1,Fewer,0,0,,2,-2,16,9
0022500296,2025-26,MIA,DET,0,135,138,-3,4,4,0,4,More,20,18,0.9,6,14,39,33
0022500296,2025-26,DET,MIA,1,138,135,3,2,0,4,-4,Fewer,6,5,0.8333333333333334,20,-14,23,17
0022500297,2025-26,MIL,BKN,1,116,99,17,2,2,1,1,More,8,7,0.875,6,2,17,12
0022500297,2025-26,BKN,MIL,0,99,116,-17,1,1,2,-1,Fewer,6,4,0.6666666666666666,8,-2,16,10
0022500298,2025-26,NOP,GSW,0,96,104,-8,4,3,1,2,More,13,10,0.7692307692307693,8,5,33,23
0022500298,2025-26,GSW,NOP,1,104,96,8,3,1,3,-2,Fewer,8,7,0.875,13,-5,18,15
0022500299,2025-26,DEN,PHX,1,130,112,18,4,4,0,4,More,8,7,0.875,3,5,21,20
0022500299,2025-26,PHX,DEN,0,112,130,-18,2,0,4,-4,Fewer,3,1,0.3333333333333333,8,-5,26,20
0022500300,2025-26,LAC,DAL,0,110,114,-4,2,2,1,1,More,9,9,1.0,14,-5,31,29
0022500300,2025-26,DAL,LAC,1,114,110,4,2,1,2,-1,Fewer,14,12,0.8571428571428571,9,5,28,23
0022500301,2025-26,HOU,UTA,1,129,101,28,3,3,1,2,More,14,12,0.8571428571428571,6,8,33,26
0022500301,2025-26,UTA,HOU,0,101,129,-28,2,1,3,-2,Fewer,6,5,0.8333333333333334,14,-8,15,14
0022500302,2025-26,BOS,CLE,1,117,115,2,3,3,0,3,More,12,10,0.8333333333333334,4,8,29,23
0022500302,2025-26,CLE,BOS,0,115,117,-2,1,0,3,-3,Fewer,4,2,0.5,12,-8,13,9
0022500303,2025-26,NYK,TOR,1,116,94,22,1,1,0,1,More,4,4,1.0,2,2,15,11
0022500303,2025-26,TOR,NYK,0,94,116,-22,1,0,1,-1,Fewer,2,1,0.5,4,-2,17,9
0022500304,2025-26,PHI,ATL,0,134,142,-8,5,4,2,2,More,16,13,0.8125,16,0,38,32
0022500304,2025-26,ATL,PHI,1,142,134,8,4,2,4,-2,Fewer,16,13,0.8125,16,0,41,31
0022500305,2025-26,POR,OKC,0,115,123,-8,3,2,2,0,Tied,23,17,0.7391304347826086,16,7,37,29
0022500305,2025-26,OKC,POR,1,123,115,8,4,2,2,0,Tied,16,15,0.9375,23,-7,32,25
0022500306,2025-26,SAS,MIN,0,112,125,-13,2,0,2,-2,Fewer,4,3,0.75,6,-2,18,15
0022500306,2025-26,MIN,SAS,1,125,112,13,2,2,0,2,More,6,4,0.6666666666666666,4,2,13,10
0022500307,2025-26,MEM,SAC,1,115,107,8,2,1,1,0,Tied,11,7,0.6363636363636364,8,3,21,16
0022500307,2025-26,SAC,MEM,0,107,115,-8,2,1,1,0,Tied,8,5,0.625,11,-3,22,13
0022500308,2025-26,LAL,NOP,1,133,121,12,4,4,0,4,More,15,11,0.7333333333333333,0,15,39,34
0022500308,2025-26,NOP,LAL,0,121,133,-12,0,0,4,-4,Fewer,0,0,,15,-15,20,16
0022500309,2025-26,DET,ATL,1,99,98,1,1,1,0,1,More,6,2,0.3333333333333333,0,6,24,18
0022500309,2025-26,ATL,DET,0,98,99,-1,0,0,1,-1,Fewer,0,0,,6,-6,11,8
0022500310,2025-26,IND,CLE,0,119,135,-16,3,2,1,1,More,19,15,0.7894736842105263,10,9,34,25
0022500310,2025-26,CLE,IND,1,135,119,16,3,1,2,-1,Fewer,10,7,0.7,19,-9,28,20
0022500311,2025-26,WAS,MIL,1,129,126,3,1,0,1,-1,Fewer,1,0,0.0,2,-1,13,8
0022500311,2025-26,MIL,WAS,0,126,129,-3,1,1,0,1,More,2,1,0.5,1,1,20,12
0022500312,2025-26,CHA,BKN,0,103,116,-13,3,2,1,1,More,10,7,0.7,5,5,18,15
0022500312,2025-26,BKN,CHA,1,116,103,13,2,1,2,-1,Fewer,5,3,0.6,10,-5,17,13
0022500313,2025-26,LAC,MIA,0,123,140,-17,3,3,0,3,More,16,16,1.0,2,14,35,28
0022500313,2025-26,MIA,LAC,1,140,123,17,1,0,3,-3,Fewer,2,2,1.0,16,-14,12,10
0022500314,2025-26,ORL,CHI,1,125,120,5,3,2,1,1,More,11,10,0.9090909090909091,6,5,32,25
0022500314,2025-26,CHI,ORL,0,120,125,-5,1,1,2,-1,Fewer,6,3,0.5,11,-5,22,16
0022500315,2025-26,DAL,DEN,1,131,121,10,0,0,2,-2,Fewer,0,0,,6,-6,12,7
0022500315,2025-26,DEN,DAL,0,121,131,-10,2,2,0,2,More,6,6,1.0,0,6,18,15
0022500316,2025-26,UTA,HOU,1,133,125,8,3,0,4,-4,Fewer,22,16,0.7272727272727273,20,2,37,28
0022500316,2025-26,HOU,UTA,0,125,133,-8,4,4,0,4,More,20,17,0.85,22,-2,40,32
0022500317,2025-26,LAL,PHX,0,108,125,-17,1,0,1,-1,Fewer,1,0,0.0,2,-1,15,13
0022500317,2025-26,PHX,LAL,1,125,108,17,1,1,0,1,More,2,0,0.0,1,1,8,4
0022500318,2025-26,WAS,PHI,0,102,121,-19,3,3,0,3,More,9,7,0.7777777777777778,2,7,32,23
0022500318,2025-26,PHI,WAS,1,121,102,19,1,0,3,-3,Fewer,2,2,1.0,9,-7,17,12
0022500319,2025-26,POR,TOR,0,118,121,-3,3,3,1,2,More,18,11,0.6111111111111112,8,10,32,21
0022500319,2025-26,TOR,POR,1,121,118,3,3,1,3,-2,Fewer,8,5,0.625,18,-10,21,14
0022500320,2025-26,NYK,BOS,0,117,123,-6,2,2,1,1,More,8,4,0.5,4,4,14,9
0022500320,2025-26,BOS,NYK,1,123,117,6,2,1,2,-1,Fewer,4,4,1.0,8,-4,13,11
0022500321,2025-26,MIN,NOP,1,149,142,7,3,2,2,0,Tied,7,6,0.8571428571428571,15,-8,28,24
0022500321,2025-26,NOP,MIN,0,142,149,-7,2,2,2,0,Tied,15,12,0.8,7,8,34,29
0022500322,2025-26,MEM,SAS,0,119,126,-7,2,1,3,-2,Fewer,11,11,1.0,18,-7,23,19
0022500322,2025-26,SAS,MEM,1,126,119,7,4,3,1,2,More,18,14,0.7777777777777778,11,7,31,24
0022500323,2025-26,GSW,OKC,0,112,124,-12,1,0,4,-4,Fewer,3,3,1.0,12,-9,10,8
0022500323,2025-26,OKC,GSW,1,124,112,12,4,4,0,4,More,12,10,0.8333333333333334,3,9,23,17
0022500324,2025-26,CLE,POR,0,110,122,-12,2,2,2,0,Tied,10,9,0.9,16,-6,24,21
0022500324,2025-26,POR,CLE,1,122,110,12,4,2,2,0,Tied,16,13,0.8125,10,6,37,33
0022500325,2025-26,IND,DEN,0,120,135,-15,2,1,2,-1,Fewer,14,11,0.7857142857142857,13,1,29,23
0022500325,2025-26,DEN,IND,1,135,120,15,3,2,1,1,More,13,10,0.7692307692307693,14,-1,25,19
0022500326,2025-26,SAS,ORL,1,114,112,2,1,1,2,-1,Fewer,8,6,0.75,7,1,22,16
0022500326,2025-26,ORL,SAS,0,112,114,-2,3,2,1,1,More,7,4,0.5714285714285714,8,-1,19,13
0022500327,2025-26,ATL,LAC,0,92,115,-23,2,1,2,-1,Fewer,5,3,0.6,5,0,14,11
0022500327,2025-26,LAC,ATL,1,115,92,23,2,2,1,1,More,5,5,1.0,5,0,20,17
0022500328,2025-26,NYK,CHA,1,119,104,15,2,0,2,-2,Fewer,3,3,1.0,12,-9,24,21
0022500328,2025-26,CHA,NYK,0,104,119,-15,2,2,0,2,More,12,10,0.8333333333333334,3,9,21,19
0022500329,2025-26,BKN,CHI,1,113,103,10,1,0,2,-2,Fewer,2,2,1.0,5,-3,21,17
0022500329,2025-26,CHI,BKN,0,103,113,-10,2,2,0,2,More,5,5,1.0,2,3,23,19
0022500330,2025-26,HOU,SAC,1,121,95,26,1,1,1,0,Tied,6,5,0.8333333333333334,1,5,24,20
0022500330,2025-26,SAC,HOU,0,95,121,-26,1,1,1,0,Tied,1,1,1.0,6,-5,10,5
0022500331,2025-26,DET,MIL,0,109,113,-4,3,2,2,0,Tied,7,5,0.7142857142857143,11,-4,21,17
0022500331,2025-26,MIL,DET,1,113,109,4,3,2,2,0,Tied,11,11,1.0,7,4,20,19
0022500332,2025-26,DAL,MIA,1,118,108,10,0,0,1,-1,Fewer,0,0,,4,-4,12,10
0022500332,2025-26,MIA,DAL,0,108,118,-10,1,1,0,1,More,4,4,1.0,0,4,17,16
0022500333,2025-26,GSW,PHI,0,98,99,-1,1,1,2,-1,Fewer,4,2,0.5,7,-3,16,12
0022500333,2025-26,PHI,GSW,1,99,98,1,3,2,1,1,More,7,5,0.7142857142857143,4,3,14,11
0022500334,2025-26,WAS,BOS,0,101,146,-45,2,1,2,-1,Fewer,3,2,0.6666666666666666,13,-10,25,21
0022500334,2025-26,BOS,WAS,1,146,101,45,2,2,1,1,More,13,11,0.8461538461538461,3,10,21,18
0022500335,2025-26,UTA,BKN,1,123,110,13,2,2,1,1,More,9,8,0.8888888888888888,15,-6,27,25
0022500335,2025-26,BKN,UTA,0,110,123,-13,2,1,2,-1,Fewer,15,12,0.8,9,6,38,29
0022500336,2025-26,TOR,LAL,0,120,123,-3,2,2,2,0,Tied,3,3,1.0,6,-3,19,16
0022500336,2025-26,LAL,TOR,1,123,120,3,2,2,2,0,Tied,6,4,0.6666666666666666,3,3,26,22
0022500337,2025-26,NOP,MIN,0,116,125,-9,3,2,1,1,More,10,9,0.9,7,3,26,23
0022500337,2025-26,MIN,NOP,1,125,116,9,3,1,2,-1,Fewer,7,5,0.7142857142857143,10,-3,28,25
0022500338,2025-26,LAL,BOS,0,105,126,-21,2,2,1,1,More,13,10,0.7692307692307693,2,11,28,24
0022500338,2025-26,BOS,LAL,1,126,105,21,1,1,2,-1,Fewer,2,1,0.5,13,-11,12,10
0022500339,2025-26,ORL,MIA,1,106,105,1,2,0,2,-2,Fewer,6,5,0.8333333333333334,11,-5,24,18
0022500339,2025-26,MIA,ORL,0,105,106,-1,2,2,0,2,More,11,8,0.7272727272727273,6,5,26,17
0022500340,2025-26,DEN,ATL,1,134,133,1,3,2,1,1,More,16,13,0.8125,6,10,30,24
0022500340,2025-26,ATL,DEN,0,133,134,-1,2,1,2,-1,Fewer,6,6,1.0,16,-10,16,15
0022500341,2025-26,SAS,CLE,0,117,130,-13,2,2,2,0,Tied,11,6,0.5454545454545454,9,2,25,17
0022500341,2025-26,CLE,SAS,1,130,117,13,3,2,2,0,Tied,9,7,0.7777777777777778,11,-2,26,19
0022500342,2025-26,DET,POR,1,122,116,6,3,1,3,-2,Fewer,32,25,0.78125,21,11,46,35
0022500342,2025-26,POR,DET,0,116,122,-6,4,3,1,2,More,21,19,0.9047619047619048,32,-11,31,29
0022500343,2025-26,NYK,UTA,1,146,112,34,2,2,2,0,Tied,8,7,0.875,12,-4,26,23
0022500343,2025-26,UTA,NYK,0,112,146,-34,2,2,2,0,Tied,12,10,0.8333333333333334,8,4,35,27
0022500344,2025-26,CHA,TOR,1,111,86,25,2,2,0,2,More,18,15,0.8333333333333334,2,16,33,24
0022500344,2025-26,TOR,CHA,0,86,111,-25,1,0,2,-2,Fewer,2,0,0.0,18,-16,13,9
0022500345,2025-26,IND,CHI,1,120,105,15,1,0,3,-3,Fewer,5,3,0.6,9,-4,16,12
0022500345,2025-26,CHI,IND,0,105,120,-15,3,3,0,3,More,9,8,0.8888888888888888,5,4,29,24
0022500346,2025-26,HOU,PHX,1,117,98,19,2,2,0,2,More,8,6,0.75,3,5,19,17
0022500346,2025-26,PHX,HOU,0,98,117,-19,1,0,2,-2,Fewer,3,1,0.3333333333333333,8,-5,19,15
0022500347,2025-26,MEM,LAC,1,107,98,9,3,3,0,3,More,8,7,0.875,3,5,18,13
0022500347,2025-26,LAC,MEM,0,98,107,-9,1,0,3,-3,Fewer,3,2,0.6666666666666666,8,-5,16,13
0022500348,2025-26,MIL,PHI,0,101,116,-15,3,2,1,1,More,16,13,0.8125,8,8,27,20
0022500348,2025-26,PHI,MIL,1,116,101,15,2,1,2,-1,Fewer,8,7,0.875,16,-8,22,21
0022500349,2025-26,OKC,DAL,1,132,111,21,2,1,2,-1,Fewer,8,7,0.875,10,-2,28,26
0022500349,2025-26,DAL,OKC,0,111,132,-21,2,2,1,1,More,10,6,0.6,8,2,20,13
0022500350,2025-26,NOP,BKN,0,101,119,-18,3,1,2,-1,Fewer,10,8,0.8,6,4,22,18
0022500350,2025-26,BKN,NOP,1,119,101,18,2,2,1,1,More,6,4,0.6666666666666666,10,-4,14,11
0022500351,2025-26,ATL,WAS,1,131,116,15,1,1,1,0,Tied,5,5,1.0,1,4,13,13
0022500351,2025-26,WAS,ATL,0,116,131,-15,1,1,1,0,Tied,1,1,1.0,5,-4,18,16
0022500352,2025-26,GSW,CLE,1,99,94,5,2,1,1,0,Tied,9,7,0.7777777777777778,2,7,21,18
0022500352,2025-26,CLE,GSW,0,94,99,-5,1,1,1,0,Tied,2,1,0.5,9,-7,12,10
0022500353,2025-26,MIL,DET,0,112,124,-12,2,2,2,0,Tied,18,12,0.6666666666666666,11,7,32,22
0022500353,2025-26,DET,MIL,1,124,112,12,3,2,2,0,Tied,11,9,0.8181818181818182,18,-7,30,22
0022500354,2025-26,SAC,MIA,1,127,111,16,2,1,1,0,Tied,7,5,0.7142857142857143,7,0,21,15
0022500354,2025-26,MIA,SAC,0,111,127,-16,1,1,1,0,Tied,7,5,0.7142857142857143,7,0,32,20
0022500355,2025-26,LAC,MIN,0,106,109,-3,4,1,3,-2,Fewer,10,10,1.0,18,-8,22,15
0022500355,2025-26,MIN,LAC,1,109,106,3,3,3,1,2,More,18,15,0.8333333333333334,10,8,33,29
0022500356,2025-26,DAL,HOU,1,122,109,13,2,2,1,1,More,5,4,0.8,4,1,19,17
0022500356,2025-26,HOU,DAL,0,109,122,-13,2,1,2,-1,Fewer,4,4,1.0,5,-1,13,11
0022500357,2025-26,ORL,NYK,0,100,106,-6,3,3,1,2,More,15,9,0.6,8,7,24,16
0022500357,2025-26,NYK,ORL,1,106,100,6,3,1,3,-2,Fewer,8,7,0.875,15,-7,19,16
0022500358,2025-26,TOR,BOS,0,113,121,-8,1,1,1,0,Tied,6,4,0.6666666666666666,6,0,21,18
0022500358,2025-26,BOS,TOR,1,121,113,8,2,1,1,0,Tied,6,6,1.0,6,0,14,13
0022500359,2025-26,DEN,CHA,1,115,106,9,2,2,0,2,More,9,8,0.8888888888888888,8,1,22,16
0022500359,2025-26,CHA,DEN,0,106,115,-9,2,0,2,-2,Fewer,8,6,0.75,9,-1,21,16
0022500360,2025-26,MEM,POR,1,119,96,23,4,2,2,0,Tied,15,11,0.7333333333333333,6,9,33,24
0022500360,2025-26,POR,MEM,0,96,119,-23,3,2,2,0,Tied,6,5,0.8333333333333334,15,-9,17,14
0022500361,2025-26,GSW,CHI,1,123,91,32,1,1,1,0,Tied,4,3,0.75,6,-2,19,13
0022500361,2025-26,CHI,GSW,0,91,123,-32,1,1,1,0,Tied,6,5,0.8333333333333334,4,2,19,16
0022500362,2025-26,LAL,PHI,1,112,108,4,3,2,2,0,Tied,9,5,0.5555555555555556,10,-1,25,16
0022500362,2025-26,PHI,LAL,0,108,112,-4,4,2,2,0,Tied,10,9,0.9,9,1,26,23
0022500363,2025-26,OKC,UTA,1,131,101,30,1,1,1,0,Tied,7,3,0.42857142857142855,5,2,16,6
0022500363,2025-26,UTA,OKC,0,101,131,-30,2,1,1,0,Tied,5,3,0.6,7,-2,12,9
0022500364,2025-26,IND,SAC,1,116,105,11,3,2,2,0,Tied,12,12,1.0,5,7,27,25
0022500364,2025-26,SAC,IND,0,105,116,-11,2,2,2,0,Tied,5,5,1.0,12,-7,20,14
0022500365,2025-26,MIN,PHX,0,105,108,-3,3,2,2,0,Tied,9,5,0.5555555555555556,6,3,21,15
0022500365,2025-26,PHX,MIN,1,108,105,3,2,2,2,0,Tied,6,5,0.8333333333333334,9,-3,18,13
0022500366,2025-26,SAS,NOP,1,135,132,3,2,2,1,1,More,12,10,0.8333333333333334,12,0,23,18
0022500366,2025-26,NOP,SAS,0,132,135,-3,2,1,2,-1,Fewer,12,11,0.9166666666666666,12,0,26,23
0022500367,2025-26,CLE,CHI,0,111,127,-16,2,1,2,-1,Fewer,4,3,0.75,3,1,18,15
0022500367,2025-26,CHI,CLE,1,127,111,16,2,2,1,1,More,3,3,1.0,4,-1,18,13
0022500368,2025-26,MEM,MIN,1,116,110,6,2,1,2,-1,Fewer,11,10,0.9090909090909091,17,-6,25,21
0022500368,2025-26,MIN,MEM,0,110,116,-6,3,2,1,1,More,17,13,0.7647058823529411,11,6,27,19
0022500369,2025-26,OKC,LAC,1,122,101,21,1,1,3,-2,Fewer,1,1,1.0,12,-11,16,13
0022500369,2025-26,LAC,OKC,0,101,122,-21,3,3,1,2,More,12,9,0.75,1,11,22,17
0022500370,2025-26,WAS,SAS,0,94,119,-25,0,0,3,-3,Fewer,0,0,,5,-5,14,9
0022500370,2025-26,SAS,WAS,1,119,94,25,3,3,0,3,More,5,4,0.8,0,5,20,16
0022500371,2025-26,ATL,CHA,0,126,133,-7,1,0,3,-3,Fewer,5,5,1.0,10,-5,20,18
0022500371,2025-26,CHA,ATL,1,133,126,7,3,3,0,3,More,10,8,0.8,5,5,17,11
0022500372,2025-26,IND,NYK,0,113,114,-1,2,1,2,-1,Fewer,4,3,0.75,4,0,18,16
0022500372,2025-26,NYK,IND,1,114,113,1,3,2,1,1,More,4,3,0.75,4,0,17,10
0022500373,2025-26,BKN,MIA,0,95,106,-11,1,0,1,-1,Fewer,4,1,0.25,8,-4,11,8
0022500373,2025-26,MIA,BKN,1,106,95,11,1,1,0,1,More,8,7,0.875,4,4,17,13
0022500374,2025-26,TOR,MIL,1,111,105,6,2,2,1,1,More,12,8,0.6666666666666666,5,7,21,14
0022500374,2025-26,MIL,TOR,0,105,111,-6,1,1,2,-1,Fewer,5,4,0.8,12,-7,16,14
0022500375,2025-26,HOU,NOP,0,128,133,-5,5,3,2,1,More,10,6,0.6,9,1,25,18
0022500375,2025-26,NOP,HOU,1,133,128,5,4,2,3,-1,Fewer,9,8,0.8888888888888888,10,-1,28,24
0022500376,2025-26,DAL,DET,1,116,114,2,3,3,1,2,More,16,13,0.8125,8,8,33,29
0022500376,2025-26,DET,DAL,0,114,116,-2,2,1,3,-2,Fewer,8,5,0.625,16,-8,19,13
0022500377,2025-26,ORL,DEN,0,115,126,-11,1,1,1,0,Tied,5,4,0.8,3,2,26,18
0022500377,2025-26,DEN,ORL,1,126,115,11,2,1,1,0,Tied,3,2,0.6666666666666666,5,-2,13,10
0022500378,2025-26,PHX,GSW,1,99,98,1,2,2,1,1,More,10,7,0.7,7,3,22,17
0022500378,2025-26,GSW,PHX,0,98,99,-1,2,1,2,-1,Fewer,7,6,0.8571428571428571,10,-3,15,13
0022500379,2025-26,LAL,UTA,1,143,135,8,3,2,1,1,More,19,14,0.7368421052631579,21,-2,39,32
0022500379,2025-26,UTA,LAL,0,135,143,-8,3,1,2,-1,Fewer,21,13,0.6190476190476191,19,2,44,28
0022500380,2025-26,POR,SAC,1,134,133,1,4,2,2,0,Tied,16,7,0.4375,19,-3,30,18
0022500380,2025-26,SAC,POR,0,133,134,-1,4,2,2,0,Tied,19,16,0.8421052631578947,16,3,31,28
0022500381,2025-26,BOS,MIA,1,129,116,13,2,2,1,1,More,8,6,0.75,10,-2,24,20
0022500381,2025-26,MIA,BOS,0,116,129,-13,2,1,2,-1,Fewer,10,4,0.4,8,2,23,16
0022500382,2025-26,NYK,PHI,0,107,116,-9,3,3,0,3,More,14,12,0.8571428571428571,10,4,24,21
0022500382,2025-26,PHI,NYK,1,116,107,9,2,0,3,-3,Fewer,10,8,0.8,14,-4,21,19
0022500383,2025-26,SAS,ATL,1,126,98,28,0,0,1,-1,Fewer,0,0,,4,-4,16,11
0022500383,2025-26,ATL,SAS,0,98,126,-28,1,1,0,1,More,4,3,0.75,0,4,16,12
0022500384,2025-26,CHI,CLE,1,136,125,11,1,0,1,-1,Fewer,4,4,1.0,2,2,13,11
0022500384,2025-26,CLE,CHI,0,125,136,-11,1,1,0,1,More,2,1,0.5,4,-2,16,13
0022500385,2025-26,OKC,MIN,0,107,112,-5,3,0,3,-3,Fewer,10,9,0.9,27,-17,24,22
0022500385,2025-26,MIN,OKC,1,112,107,5,3,3,0,3,More,27,20,0.7407407407407407,10,17,47,33
0022500386,2025-26,HOU,DEN,1,115,101,14,1,1,1,0,Tied,10,7,0.7,9,1,21,17
0022500386,2025-26,DEN,HOU,0,101,115,-14,2,1,1,0,Tied,9,7,0.7777777777777778,10,-1,22,18
0022500387,2025-26,DAL,PHI,0,114,121,-7,1,0,2,-2,Fewer,8,8,1.0,10,-2,22,21
0022500387,2025-26,PHI,DAL,1,121,114,7,2,2,0,2,More,10,9,0.9,8,2,28,21
0022500388,2025-26,TOR,BOS,0,96,112,-16,3,2,1,1,More,5,5,1.0,5,0,10,7
0022500388,2025-26,BOS,TOR,1,112,96,16,3,1,2,-1,Fewer,5,3,0.6,5,0,15,12
0022500389,2025-26,NOP,IND,1,128,109,19,3,3,0,3,More,13,11,0.8461538461538461,13,0,33,29
0022500389,2025-26,IND,NOP,0,109,128,-19,2,0,3,-3,Fewer,13,8,0.6153846153846154,13,0,28,19
0022500390,2025-26,DET,CHA,1,112,86,26,3,2,2,0,Tied,12,7,0.5833333333333334,7,5,31,23
0022500390,2025-26,CHA,DET,0,86,112,-26,2,2,2,0,Tied,7,5,0.7142857142857143,12,-5,17,14
0022500391,2025-26,WAS,MEM,1,130,122,8,3,3,0,3,More,12,11,0.9166666666666666,3,9,26,19
0022500391,2025-26,MEM,WAS,0,122,130,-8,2,0,3,-3,Fewer,3,2,0.6666666666666666,12,-9,22,16
0022500392,2025-26,PHX,GSW,0,116,119,-3,2,2,2,0,Tied,7,6,0.8571428571428571,18,-11,21,18
0022500392,2025-26,GSW,PHX,1,119,116,3,4,2,2,0,Tied,18,13,0.7222222222222222,7,11,23,17
0022500393,2025-26,UTA,ORL,0,127,128,-1,5,0,5,-5,Fewer,17,14,0.8235294117647058,19,-2,30,24
0022500393,2025-26,ORL,UTA,1,128,127,1,5,5,0,5,More,19,12,0.631578947368421,17,2,33,23
0022500394,2025-26,POR,SAC,1,98,93,5,3,3,1,2,More,8,5,0.625,13,-5,24,16
0022500394,2025-26,SAC,POR,0,93,98,-5,2,1,3,-2,Fewer,13,9,0.6923076923076923,8,5,30,20
0022500395,2025-26,LAL,LAC,0,88,103,-15,3,3,1,2,More,8,3,0.375,8,0,19,10
0022500395,2025-26,LAC,LAL,1,103,88,15,3,1,3,-2,Fewer,8,8,1.0,8,0,18,17
0022500396,2025-26,ATL,CHI,0,150,152,-2,3,1,2,-1,Fewer,10,9,0.9,23,-13,31,25
0022500396,2025-26,CHI,ATL,1,152,150,2,3,2,1,1,More,23,16,0.6956521739130435,10,13,39,26
0022500397,2025-26,TOR,BKN,0,81,96,-15,0,0,1,-1,Fewer,0,0,,12,-12,8,7
0022500397,2025-26,BKN,TOR,1,96,81,15,1,1,0,1,More,12,9,0.75,0,12,16,12
0022500398,2025-26,NYK,MIA,1,132,125,7,2,0,4,-4,Fewer,4,4,1.0,19,-15,18,15
0022500398,2025-26,MIA,NYK,0,125,132,-7,4,4,0,4,More,19,14,0.7368421052631579,4,15,34,26
0022500399,2025-26,SAS,WAS,1,124,113,11,4,4,0,4,More,17,14,0.8235294117647058,4,13,31,24
0022500399,2025-26,WAS,SAS,0,113,124,-11,2,0,4,-4,Fewer,4,4,1.0,17,-13,22,16
0022500400,2025-26,MIN,MIL,1,103,100,3,2,1,1,0,Tied,10,7,0.7,10,0,23,15
0022500400,2025-26,MIL,MIN,0,100,103,-3,1,1,1,0,Tied,10,9,0.9,10,0,19,16
0022500401,2025-26,HOU,SAC,0,124,125,-1,3,2,2,0,Tied,10,9,0.9,8,2,24,18
0022500401,2025-26,SAC,HOU,1,125,124,1,2,2,2,0,Tied,8,5,0.625,10,-2,36,25
0022500402,2025-26,CLE,CHA,1,139,132,7,2,1,2,-1,Fewer,4,4,1.0,8,-4,17,17
0022500402,2025-26,CHA,CLE,0,132,139,-7,3,2,1,1,More,8,6,0.75,4,4,24,18
0022500403,2025-26,IND,BOS,0,95,103,-8,2,1,2,-1,Fewer,5,5,1.0,10,-5,18,16
0022500403,2025-26,BOS,IND,1,103,95,8,2,2,1,1,More,10,9,0.9,5,5,18,15
0022500404,2025-26,NOP,DAL,1,119,113,6,1,0,1,-1,Fewer,8,8,1.0,4,4,26,22
0022500404,2025-26,DAL,NOP,0,113,119,-6,1,1,0,1,More,4,2,0.5,8,-4,21,11
0022500405,2025-26,DEN,UTA,1,135,112,23,3,2,1,1,More,12,9,0.75,2,10,25,19
0022500405,2025-26,UTA,DEN,0,112,135,-23,1,1,2,-1,Fewer,2,2,1.0,12,-10,19,16
0022500406,2025-26,OKC,MEM,1,119,103,16,1,1,1,0,Tied,4,3,0.75,6,-2,14,12
0022500406,2025-26,MEM,OKC,0,103,119,-16,2,1,1,0,Tied,6,5,0.8333333333333334,4,2,23,17
0022500407,2025-26,GSW,ORL,1,120,97,23,1,1,3,-2,Fewer,9,6,0.6666666666666666,6,3,24,17
0022500407,2025-26,ORL,GSW,0,97,120,-23,3,3,1,2,More,6,3,0.5,9,-3,26,18
0022500408,2025-26,DET,POR,1,110,102,8,4,0,4,-4,Fewer,12,6,0.5,22,-10,24,15
0022500408,2025-26,POR,DET,0,102,110,-8,4,4,0,4,More,22,17,0.7727272727272727,12,10,41,27
0022500409,2025-26,WAS,CHA,0,109,126,-17,2,2,1,1,More,6,6,1.0,7,-1,22,18
0022500409,2025-26,CHA,WAS,1,126,109,17,2,1,2,-1,Fewer,7,6,0.8571428571428571,6,1,25,21
0022500410,2025-26,PHI,BKN,0,106,114,-8,4,3,1,2,More,17,17,1.0,16,1,36,32
0022500410,2025-26,BKN,PHI,1,114,106,8,3,1,3,-2,Fewer,16,15,0.9375,17,-1,32,27
0022500411,2025-26,CHI,ATL,1,126,123,3,2,1,3,-2,Fewer,11,9,0.8181818181818182,6,5,27,20
0022500411,2025-26,ATL,CHI,0,123,126,-3,3,3,1,2,More,6,5,0.8333333333333334,11,-5,20,13
0022500412,2025-26,NOP,CLE,0,118,141,-23,3,2,1,1,More,10,8,0.8,3,7,25,20
0022500412,2025-26,CLE,NOP,1,141,118,23,2,1,2,-1,Fewer,3,2,0.6666666666666666,10,-7,11,9
0022500413,2025-26,MIL,IND,1,111,94,17,3,2,2,0,Tied,11,8,0.7272727272727273,11,0,23,16
0022500413,2025-26,IND,MIL,0,94,111,-17,3,2,2,0,Tied,11,5,0.45454545454545453,11,0,33,20
0022500414,2025-26,MIA,TOR,0,91,112,-21,2,2,2,0,Tied,5,4,0.8,7,-2,20,17
0022500414,2025-26,TOR,MIA,1,112,91,21,3,2,2,0,Tied,7,6,0.8571428571428571,5,2,18,16
0022500415,2025-26,DEN,DAL,0,130,131,-1,0,0,1,-1,Fewer,0,0,,4,-4,8,8
0022500415,2025-26,DAL,DEN,1,131,130,1,1,1,0,1,More,4,3,0.75,0,4,15,14
0022500416,2025-26,MIN,NYK,1,115,104,11,1,1,1,0,Tied,2,2,1.0,4,-2,21,14
0022500416,2025-26,NYK,MIN,0,104,115,-11,1,1,1,0,Tied,4,2,0.5,2,2,14,10
0022500417,2025-26,SAS,OKC,1,130,110,20,1,1,0,1,More,4,3,0.75,0,4,24,18
0022500417,2025-26,OKC,SAS,0,110,130,-20,0,0,1,-1,Fewer,0,0,,4,-4,7,6
0022500418,2025-26,PHX,LAL,1,132,108,24,2,1,2,-1,Fewer,5,5,1.0,10,-5,19,17
0022500418,2025-26,LAL,PHX,0,108,132,-24,2,2,1,1,More,10,6,0.6,5,5,29,18
0022500419,2025-26,UTA,MEM,0,128,137,-9,3,1,2,-1,Fewer,13,13,1.0,8,5,35,31
0022500419,2025-26,MEM,UTA,1,137,128,9,2,2,1,1,More,8,5,0.625,13,-5,26,19
0022500420,2025-26,ORL,POR,1,110,106,4,2,2,1,1,More,7,6,0.8571428571428571,4,3,20,18
0022500420,2025-26,POR,ORL,0,106,110,-4,2,1,2,-1,Fewer,4,3,0.75,7,-3,19,15
0022500421,2025-26,SAC,DET,0,127,136,-9,4,2,2,0,Tied,12,9,0.75,20,-8,34,29
0022500421,2025-26,DET,SAC,1,136,127,9,2,2,2,0,Tied,20,13,0.65,12,8,26,19
0022500422,2025-26,LAC,HOU,1,128,108,20,2,2,0,2,More,9,8,0.8888888888888888,3,6,27,24
0022500422,2025-26,HOU,LAC,0,108,128,-20,2,0,2,-2,Fewer,3,1,0.3333333333333333,9,-6,18,13
0022500423,2025-26,MIA,ATL,1,126,111,15,0,0,2,-2,Fewer,0,0,,6,-6,17,16
0022500423,2025-26,ATL,MIA,0,111,126,-15,2,2,0,2,More,6,6,1.0,0,6,21,19
0022500424,2025-26,CHA,ORL,1,120,105,15,2,2,0,2,More,16,10,0.625,6,10,28,19
0022500424,2025-26,ORL,CHA,0,105,120,-15,2,0,2,-2,Fewer,6,5,0.8333333333333334,16,-10,23,20
0022500425,2025-26,TOR,WAS,0,117,138,-21,2,1,1,0,Tied,11,11,1.0,5,6,26,24
0022500425,2025-26,WAS,TOR,1,138,117,21,2,1,1,0,Tied,5,4,0.8,11,-6,17,14
0022500426,2025-26,IND,BOS,0,122,140,-18,2,1,3,-2,Fewer,6,6,1.0,17,-11,20,16
0022500426,2025-26,BOS,IND,1,140,122,18,4,3,1,2,More,17,14,0.8235294117647058,6,11,34,26
0022500427,2025-26,PHI,CHI,0,102,109,-7,2,2,1,1,More,6,4,0.6666666666666666,10,-4,24,21
0022500427,2025-26,CHI,PHI,1,109,102,7,3,1,2,-1,Fewer,10,6,0.6,6,4,25,19
0022500428,2025-26,MIL,MEM,0,104,125,-21,3,2,2,0,Tied,5,4,0.8,18,-13,24,18
0022500428,2025-26,MEM,MIL,1,125,104,21,3,2,2,0,Tied,18,17,0.9444444444444444,5,13,31,25
0022500429,2025-26,NOP,PHX,0,108,115,-7,3,3,1,2,More,21,10,0.47619047619047616,16,5,40,23
0022500429,2025-26,PHX,NOP,1,115,108,7,3,1,3,-2,Fewer,16,11,0.6875,21,-5,24,18
0022500430,2025-26,DET,UTA,0,129,131,-2,2,1,1,0,Tied,8,7,0.875,16,-8,23,15
0022500430,2025-26,UTA,DET,1,131,129,2,1,1,1,0,Tied,16,15,0.9375,8,8,26,25
0022500431,2025-26,POR,LAC,0,103,119,-16,2,1,1,0,Tied,4,2,0.5,11,-7,22,15
0022500431,2025-26,LAC,POR,1,119,103,16,2,1,1,0,Tied,11,10,0.9090909090909091,4,7,30,28
0022500432,2025-26,DAL,SAC,0,107,113,-6,2,2,0,2,More,3,2,0.6666666666666666,2,1,20,14
0022500432,2025-26,SAC,DAL,1,113,107,6,1,0,2,-2,Fewer,2,2,1.0,3,-1,8,6
0022500433,2025-26,ORL,DEN,1,127,126,1,3,3,0,3,More,15,12,0.8,17,-2,36,24
0022500433,2025-26,DEN,ORL,0,126,127,-1,2,0,3,-3,Fewer,17,16,0.9411764705882353,15,2,30,27
0022500434,2025-26,PHX,NOP,1,123,114,9,4,2,2,0,Tied,7,6,0.8571428571428571,11,-4,17,12
0022500434,2025-26,NOP,PHX,0,114,123,-9,2,2,2,0,Tied,11,10,0.9090909090909091,7,4,31,28
0022500435,2025-26,ATL,NYK,0,125,128,-3,4,2,2,0,Tied,15,12,0.8,7,8,27,22
0022500435,2025-26,NYK,ATL,1,128,125,3,3,2,2,0,Tied,7,7,1.0,15,-8,32,27
0022500436,2025-26,MIA,IND,1,142,116,26,2,2,1,1,More,9,9,1.0,3,6,21,20
0022500436,2025-26,IND,MIA,0,116,142,-26,2,1,2,-1,Fewer,3,3,1.0,9,-6,15,12
0022500437,2025-26,CHI,MIL,0,103,112,-9,1,1,2,-1,Fewer,4,3,0.75,10,-6,15,11
0022500437,2025-26,MIL,CHI,1,112,103,9,3,2,1,1,More,10,8,0.8,4,6,24,19
0022500438,2025-26,HOU,CLE,1,117,100,17,1,1,1,0,Tied,4,4,1.0,3,1,20,14
0022500438,2025-26,CLE,HOU,0,100,117,-17,1,1,1,0,Tied,3,2,0.6666666666666666,4,-1,11,7
0022500439,2025-26,BKN,MIN,1,123,107,16,3,3,1,2,More,7,6,0.8571428571428571,12,-5,20,19
0022500439,2025-26,MIN,BKN,0,107,123,-16,2,1,3,-2,Fewer,12,9,0.75,7,5,28,20
0022500440,2025-26,UTA,SAS,1,127,114,13,3,2,2,0,Tied,15,9,0.6,9,6,26,20
0022500440,2025-26,SAS,UTA,0,114,127,-13,3,2,2,0,Tied,9,7,0.7777777777777778,15,-6,21,18
0022500441,2025-26,GSW,TOR,0,127,141,-14,4,4,0,4,More,12,11,0.9166666666666666,3,9,28,25
0022500441,2025-26,TOR,GSW,1,141,127,14,1,0,4,-4,Fewer,3,3,1.0,12,-9,17,15
0022500442,2025-26,OKC,PHI,1,129,104,25,2,1,2,-1,Fewer,7,3,0.42857142857142855,6,1,25,19
0022500442,2025-26,PHI,OKC,0,104,129,-25,2,2,1,1,More,6,5,0.8333333333333334,7,-1,20,16
0022500443,2025-26,WAS,MEM,1,116,112,4,3,1,3,-2,Fewer,11,10,0.9090909090909091,7,4,24,23
0022500443,2025-26,MEM,WAS,0,112,116,-4,3,3,1,2,More,7,5,0.7142857142857143,11,-4,21,17
0022500444,2025-26,BOS,POR,0,108,114,-6,2,2,1,1,More,8,8,1.0,3,5,19,15
0022500444,2025-26,POR,BOS,1,114,108,6,1,1,2,-1,Fewer,3,3,1.0,8,-5,19,12
0022500445,2025-26,LAC,DET,1,112,99,13,2,1,3,-2,Fewer,7,7,1.0,17,-10,26,25
0022500445,2025-26,DET,LAC,0,99,112,-13,3,3,1,2,More,17,14,0.8235294117647058,7,10,28,24
0022500446,2025-26,SAC,LAL,0,101,125,-24,1,0,3,-3,Fewer,4,3,0.75,10,-6,18,12
0022500446,2025-26,LAL,SAC,1,125,101,24,3,3,0,3,More,10,9,0.9,4,6,18,16
0022500447,2025-26,MIL,CHA,1,123,113,10,2,2,1,1,More,8,7,0.875,2,6,22,19
0022500447,2025-26,CHA,MIL,0,113,123,-10,1,1,2,-1,Fewer,2,2,1.0,8,-6,20,16
0022500448,2025-26,PHX,WAS,1,115,101,14,3,2,1,1,More,5,4,0.8,4,1,18,16
0022500448,2025-26,WAS,PHX,0,101,115,-14,1,1,2,-1,Fewer,4,2,0.5,5,-1,19,15
0022500449,2025-26,GSW,BKN,1,120,107,13,3,3,1,2,More,17,15,0.8823529411764706,8,9,33,28
0022500449,2025-26,BKN,GSW,0,107,120,-13,3,1,3,-2,Fewer,8,7,0.875,17,-9,22,17
0022500450,2025-26,DEN,MIA,0,123,147,-24,3,2,1,1,More,11,10,0.9090909090909091,9,2,22,18
0022500450,2025-26,MIA,DEN,1,147,123,24,2,1,2,-1,Fewer,9,7,0.7777777777777778,11,-2,22,18
0022500451,2025-26,TOR,ORL,1,107,106,1,3,3,1,2,More,12,5,0.4166666666666667,9,3,29,21
0022500451,2025-26,ORL,TOR,0,106,107,-1,2,1,3,-2,Fewer,9,6,0.6666666666666666,12,-3,26,22
0022500452,2025-26,CHI,MIN,0,101,136,-35,1,1,2,-1,Fewer,2,1,0.5,9,-7,14,12
0022500452,2025-26,MIN,CHI,1,136,101,35,2,2,1,1,More,9,8,0.8888888888888888,2,7,25,19
0022500453,2025-26,HOU,IND,1,126,119,7,3,2,1,1,More,13,12,0.9230769230769231,4,9,24,18
0022500453,2025-26,IND,HOU,0,119,126,-7,1,1,2,-1,Fewer,4,3,0.75,13,-9,20,13
0022500454,2025-26,NOP,NYK,0,125,130,-5,3,2,2,0,Tied,6,5,0.8333333333333334,8,-2,27,23
0022500454,2025-26,NYK,NOP,1,130,125,5,3,2,2,0,Tied,8,8,1.0,6,2,19,18
0022500455,2025-26,OKC,ATL,1,140,129,11,2,1,2,-1,Fewer,5,5,1.0,4,1,23,22
0022500455,2025-26,ATL,OKC,0,129,140,-11,3,2,1,1,More,4,4,1.0,5,-1,17,12
0022500456,2025-26,CLE,SAS,1,113,101,12,3,1,2,-1,Fewer,8,8,1.0,20,-12,20,18
0022500456,2025-26,SAS,CLE,0,101,113,-12,2,2,1,1,More,20,17,0.85,8,12,36,30
0022500457,2025-26,DAL,POR,0,122,125,-3,3,3,0,3,More,11,10,0.9090909090909091,4,7,24,19
0022500457,2025-26,POR,DAL,1,125,122,3,1,0,3,-3,Fewer,4,4,1.0,11,-7,22,17
0022500458,2025-26,MEM,PHI,0,136,139,-3,2,1,2,-1,Fewer,9,8,0.8888888888888888,9,0,26,23
0022500458,2025-26,PHI,MEM,1,139,136,3,2,2,1,1,More,9,6,0.6666666666666666,9,0,25,20
0022500459,2025-26,UTA,BOS,0,119,129,-10,2,2,2,0,Tied,10,8,0.8,5,5,25,21
0022500459,2025-26,BOS,UTA,1,129,119,10,3,2,2,0,Tied,5,5,1.0,10,-5,23,20
0022500460,2025-26,DET,LAL,1,128,106,22,3,3,1,2,More,11,9,0.8181818181818182,13,-2,27,19
0022500460,2025-26,LAL,DET,0,106,128,-22,3,1,3,-2,Fewer,13,8,0.6153846153846154,11,2,28,18
0022500461,2025-26,SAC,LAC,0,90,131,-41,0,0,3,-3,Fewer,0,0,,11,-11,13,12
0022500461,2025-26,LAC,SAC,1,131,90,41,3,3,0,3,More,11,10,0.9090909090909091,0,11,31,24
0022500462,2025-26,GSW,CHA,1,132,125,7,2,1,2,-1,Fewer,6,6,1.0,6,0,17,16
0022500462,2025-26,CHA,GSW,0,125,132,-7,2,2,1,1,More,6,6,1.0,6,0,17,13
0022500463,2025-26,MIN,ATL,0,102,126,-24,2,1,1,0,Tied,4,4,1.0,5,-1,18,14
0022500463,2025-26,ATL,MIN,1,126,102,24,1,1,1,0,Tied,5,2,0.4,4,1,15,7
0022500464,2025-26,IND,ORL,0,110,112,-2,3,3,1,2,More,10,9,0.9,10,0,29,23
0022500464,2025-26,ORL,IND,1,112,110,2,2,1,3,-2,Fewer,10,10,1.0,10,0,27,22
0022500465,2025-26,PHX,CLE,0,113,129,-16,1,0,2,-2,Fewer,2,2,1.0,7,-5,15,13
0022500465,2025-26,CLE,PHX,1,129,113,16,2,2,0,2,More,7,5,0.7142857142857143,2,5,21,18
0022500466,2025-26,NOP,CHI,0,118,134,-16,2,1,2,-1,Fewer,5,3,0.6,15,-10,27,21
0022500466,2025-26,CHI,NOP,1,134,118,16,2,2,1,1,More,15,13,0.8666666666666667,5,10,34,25
0022500467,2025-26,NYK,SAS,0,132,134,-2,1,1,3,-2,Fewer,2,2,1.0,22,-20,16,15
0022500467,2025-26,SAS,NYK,1,134,132,2,3,3,1,2,More,22,18,0.8181818181818182,2,20,37,29
0022500468,2025-26,DEN,TOR,1,106,103,3,3,3,1,2,More,18,13,0.7222222222222222,8,10,34,28
0022500468,2025-26,TOR,DEN,0,103,106,-3,2,1,3,-2,Fewer,8,7,0.875,18,-10,21,17
0022500469,2025-26,WAS,MIL,1,114,113,1,1,1,2,-1,Fewer,4,1,0.25,8,-4,19,13
0022500469,2025-26,MIL,WAS,0,113,114,-1,3,2,1,1,More,8,7,0.875,4,4,22,15
0022500470,2025-26,OKC,POR,1,124,95,29,2,1,1,0,Tied,8,5,0.625,4,4,25,19
0022500470,2025-26,POR,OKC,0,95,124,-29,1,1,1,0,Tied,4,2,0.5,8,-4,17,13
0022500471,2025-26,BKN,HOU,0,96,120,-24,4,4,0,4,More,10,7,0.7,3,7,26,16
0022500471,2025-26,HOU,BKN,1,120,96,24,1,0,4,-4,Fewer,3,2,0.6666666666666666,10,-7,17,13
0022500472,2025-26,DET,MIA,0,112,118,-6,2,1,2,-1,Fewer,10,9,0.9,10,0,31,27
0022500472,2025-26,MIA,DET,1,118,112,6,2,2,1,1,More,10,10,1.0,10,0,20,18
0022500473,2025-26,PHI,DAL,1,123,108,15,1,1,1,0,Tied,9,8,0.8888888888888888,7,2,16,14
0022500473,2025-26,DAL,PHI,0,108,123,-15,2,1,1,0,Tied,7,7,1.0,9,-2,20,18
0022500474,2025-26,BOS,SAC,1,120,106,14,1,1,0,1,More,7,5,0.7142857142857143,2,5,18,15
0022500474,2025-26,SAC,BOS,0,106,120,-14,1,0,1,-1,Fewer,2,2,1.0,7,-5,15,14
0022500475,2025-26,UTA,LAC,0,101,118,-17,3,2,1,1,More,10,8,0.8,8,2,27,21
0022500475,2025-26,LAC,UTA,1,118,101,17,3,1,2,-1,Fewer,8,7,0.875,10,-2,26,22
0022500476,2025-26,IND,SAS,0,113,123,-10,1,0,4,-4,Fewer,2,2,1.0,14,-12,14,12
0022500476,2025-26,SAS,IND,1,123,113,10,4,4,0,4,More,14,12,0.8571428571428571,2,12,27,21
0022500477,2025-26,WAS,BKN,1,119,99,20,2,2,1,1,More,4,4,1.0,7,-3,16,14
0022500477,2025-26,BKN,WAS,0,99,119,-20,2,1,2,-1,Fewer,7,6,0.8571428571428571,4,3,25,22
0022500478,2025-26,DEN,CLE,0,108,113,-5,1,1,2,-1,Fewer,2,2,1.0,6,-4,12,10
0022500478,2025-26,CLE,DEN,1,113,108,5,2,2,1,1,More,6,6,1.0,2,4,18,11
0022500479,2025-26,NYK,ATL,0,99,111,-12,1,1,2,-1,Fewer,7,6,0.8571428571428571,6,1,21,18
0022500479,2025-26,ATL,NYK,1,111,99,12,2,2,1,1,More,6,4,0.6666666666666666,7,-1,25,15
0022500480,2025-26,CHI,ORL,1,121,114,7,2,2,1,1,More,11,9,0.8181818181818182,6,5,19,17
0022500480,2025-26,ORL,CHI,0,114,121,-7,2,1,2,-1,Fewer,6,6,1.0,11,-5,21,14
0022500481,2025-26,CHA,MIL,0,121,122,-1,3,2,1,1,More,11,9,0.8181818181818182,5,6,25,21
0022500481,2025-26,MIL,CHA,1,122,121,1,2,1,2,-1,Fewer,5,3,0.6,11,-6,18,16
0022500482,2025-26,NOP,POR,0,109,122,-13,1,1,3,-2,Fewer,9,5,0.5555555555555556,9,0,17,11
0022500482,2025-26,POR,NOP,1,122,109,13,4,3,1,2,More,9,6,0.6666666666666666,9,0,30,24
0022500483,2025-26,PHX,SAC,1,129,102,27,4,1,3,-2,Fewer,8,6,0.75,13,-5,28,23
0022500483,2025-26,SAC,PHX,0,102,129,-27,3,3,1,2,More,13,10,0.7692307692307693,8,5,31,22
0022500484,2025-26,GSW,OKC,0,94,131,-37,2,1,1,0,Tied,5,3,0.6,2,3,23,17
0022500484,2025-26,OKC,GSW,1,131,94,37,1,1,1,0,Tied,2,2,1.0,5,-3,18,18
0022500485,2025-26,MEM,LAL,0,121,128,-7,1,1,2,-1,Fewer,6,5,0.8333333333333334,9,-3,22,14
0022500485,2025-26,LAL,MEM,1,128,121,7,3,2,1,1,More,9,9,1.0,6,3,30,26
0022500486,2025-26,MIA,MIN,0,115,125,-10,2,2,2,0,Tied,10,10,1.0,9,1,21,19
0022500486,2025-26,MIN,MIA,1,125,115,10,2,2,2,0,Tied,9,7,0.7777777777777778,10,-1,25,22
0022500487,2025-26,NYK,PHI,0,119,130,-11,2,2,1,1,More,14,11,0.7857142857142857,4,10,32,27
0022500487,2025-26,PHI,NYK,1,130,119,11,2,1,2,-1,Fewer,4,4,1.0,14,-10,22,15
0022500488,2025-26,TOR,ATL,1,134,117,17,1,1,1,0,Tied,4,4,1.0,8,-4,26,24
0022500488,2025-26,ATL,TOR,0,117,134,-17,2,1,1,0,Tied,8,8,1.0,4,4,19,16
0022500489,2025-26,CHA,CHI,1,112,99,13,1,1,2,-1,Fewer,2,1,0.5,4,-2,23,19
0022500489,2025-26,CHI,CHA,0,99,112,-13,2,2,1,1,More,4,3,0.75,2,2,14,10
0022500490,2025-26,POR,SAS,1,115,110,5,2,2,1,1,More,10,5,0.5,3,7,27,16
0022500490,2025-26,SAS,POR,0,110,115,-5,2,1,2,-1,Fewer,3,3,1.0,10,-7,23,20
0022500491,2025-26,HOU,DAL,0,104,110,-6,1,1,2,-1,Fewer,2,0,0.0,4,-2,13,10
0022500491,2025-26,DAL,HOU,1,110,104,6,2,2,1,1,More,4,4,1.0,2,2,17,13
0022500492,2025-26,UTA,GSW,0,114,123,-9,1,0,3,-3,Fewer,4,1,0.25,8,-4,15,9
0022500492,2025-26,GSW,UTA,1,123,114,9,3,3,0,3,More,8,6,0.75,4,4,23,17
0022500493,2025-26,BOS,LAC,1,146,115,31,1,0,3,-3,Fewer,2,2,1.0,5,-3,19,16
0022500493,2025-26,LAC,BOS,0,115,146,-31,3,3,0,3,More,5,4,0.8,2,3,17,16
0022500494,2025-26,DET,CLE,1,114,110,4,2,0,4,-4,Fewer,6,6,1.0,16,-10,20,20
0022500494,2025-26,CLE,DET,0,110,114,-4,4,4,0,4,More,16,13,0.8125,6,10,30,26
0022500495,2025-26,ORL,IND,1,135,127,8,4,3,1,2,More,16,14,0.875,3,13,34,26
0022500495,2025-26,IND,ORL,0,127,135,-8,2,1,3,-2,Fewer,3,3,1.0,16,-13,21,16
0022500496,2025-26,BKN,DEN,1,127,115,12,4,3,1,2,More,15,11,0.7333333333333333,11,4,37,31
0022500496,2025-26,DEN,BKN,0,115,127,-12,3,1,3,-2,Fewer,11,8,0.7272727272727273,15,-4,28,22
0022500497,2025-26,MIA,NOP,1,125,106,19,1,0,1,-1,Fewer,1,0,0.0,2,-1,18,13
0022500497,2025-26,NOP,MIA,0,106,125,-19,1,1,0,1,More,2,2,1.0,1,1,8,6
0022500498,2025-26,MIN,WAS,1,141,115,26,2,2,1,1,More,14,11,0.7857142857142857,10,4,26,19
0022500498,2025-26,WAS,MIN,0,115,141,-26,3,1,2,-1,Fewer,10,9,0.9,14,-4,19,17
0022500499,2025-26,PHX,OKC,1,108,105,3,1,1,2,-1,Fewer,6,3,0.5,3,3,28,20
0022500499,2025-26,OKC,PHX,0,105,108,-3,2,2,1,1,More,3,2,0.6666666666666666,6,-3,18,16
0022500500,2025-26,MIL,SAC,1,115,98,17,3,3,0,3,More,13,12,0.9230769230769231,10,3,28,25
0022500500,2025-26,SAC,MIL,0,98,115,-17,3,0,3,-3,Fewer,10,8,0.8,13,-3,31,24
0022500501,2025-26,MEM,LAL,0,114,120,-6,2,1,3,-2,Fewer,7,6,0.8571428571428571,25,-18,21,19
0022500501,2025-26,LAL,MEM,1,120,114,6,4,3,1,2,More,25,20,0.8,7,18,40,32
0022500502,2025-26,NYK,DET,0,90,121,-31,1,1,0,1,More,4,4,1.0,0,4,13,12
0022500502,2025-26,DET,NYK,1,121,90,31,0,0,1,-1,Fewer,0,0,,4,-4,16,11
0022500503,2025-26,BOS,CHI,1,115,101,14,0,0,0,0,Tied,0,0,,0,0,13,11
0022500503,2025-26,CHI,BOS,0,101,115,-14,0,0,0,0,Tied,0,0,,0,0,10,9
0022500504,2025-26,ATL,TOR,0,100,118,-18,2,0,3,-3,Fewer,6,5,0.8333333333333334,9,-3,20,17
0022500504,2025-26,TOR,ATL,1,118,100,18,3,3,0,3,More,9,7,0.7777777777777778,6,3,19,12
0022500505,2025-26,HOU,PHX,1,100,97,3,1,1,1,0,Tied,2,2,1.0,2,0,21,15
0022500505,2025-26,PHX,HOU,0,97,100,-3,1,1,1,0,Tied,2,2,1.0,2,0,12,9
0022500506,2025-26,CHA,OKC,1,124,97,27,2,1,2,-1,Fewer,6,6,1.0,11,-5,25,23
0022500506,2025-26,OKC,CHA,0,97,124,-27,2,2,1,1,More,11,5,0.45454545454545453,6,5,27,18
0022500507,2025-26,PHI,DEN,0,124,125,-1,2,2,2,0,Tied,6,5,0.8333333333333334,9,-3,18,15
0022500507,2025-26,DEN,PHI,1,125,124,1,3,2,2,0,Tied,9,5,0.5555555555555556,6,3,28,21
0022500508,2025-26,GSW,LAC,0,102,103,-1,3,2,2,0,Tied,14,13,0.9285714285714286,10,4,27,22
0022500508,2025-26,LAC,GSW,1,103,102,1,3,2,2,0,Tied,10,10,1.0,14,-4,19,18
0022500509,2025-26,POR,UTA,1,137,117,20,1,0,3,-3,Fewer,2,1,0.5,9,-7,20,19
0022500509,2025-26,UTA,POR,0,117,137,-20,3,3,0,3,More,9,7,0.7777777777777778,2,7,16,13
0022500510,2025-26,IND,CLE,0,116,120,-4,2,2,0,2,More,11,9,0.8181818181818182,4,7,19,14
0022500510,2025-26,CLE,IND,1,120,116,4,1,0,2,-2,Fewer,4,3,0.75,11,-7,18,12
0022500511,2025-26,ORL,WAS,0,112,120,-8,2,1,2,-1,Fewer,13,7,0.5384615384615384,16,-3,24,16
0022500511,2025-26,WAS,ORL,1,120,112,8,3,2,1,1,More,16,15,0.9375,13,3,33,31
0022500512,2025-26,MEM,SAS,1,106,105,1,2,2,0,2,More,7,5,0.7142857142857143,4,3,14,9
0022500512,2025-26,SAS,MEM,0,105,106,-1,1,0,2,-2,Fewer,4,3,0.75,7,-3,18,15
0022500513,2025-26,MIA,MIN,0,94,122,-28,3,1,2,-1,Fewer,11,9,0.8181818181818182,8,3,16,12
0022500513,2025-26,MIN,MIA,1,122,94,28,2,2,1,1,More,8,5,0.625,11,-3,23,18
0022500514,2025-26,LAL,NOP,1,111,103,8,2,1,2,-1,Fewer,7,3,0.42857142857142855,11,-4,21,14
0022500514,2025-26,NOP,LAL,0,103,111,-8,3,2,1,1,More,11,8,0.7272727272727273,7,4,18,11
0022500515,2025-26,DAL,SAC,1,100,98,2,3,3,0,3,More,7,4,0.5714285714285714,0,7,20,13
0022500515,2025-26,SAC,DAL,0,98,100,-2,0,0,3,-3,Fewer,0,0,,7,-7,17,11
0022500516,2025-26,CHA,TOR,0,96,97,-1,2,1,2,-1,Fewer,10,9,0.9,5,5,22,18
0022500516,2025-26,TOR,CHA,1,97,96,1,2,2,1,1,More,5,4,0.8,10,-5,19,14
0022500517,2025-26,CHI,DET,0,93,108,-15,2,1,1,0,Tied,4,2,0.5,2,2,9,6
0022500517,2025-26,DET,CHI,1,108,93,15,1,1,1,0,Tied,2,1,0.5,4,-2,8,6
0022500518,2025-26,PHI,WAS,1,131,110,21,2,2,0,2,More,13,12,0.9230769230769231,0,13,32,27
0022500518,2025-26,WAS,PHI,0,110,131,-21,0,0,2,-2,Fewer,0,0,,13,-13,11,11
0022500519,2025-26,ATL,NOP,1,117,100,17,2,0,2,-2,Fewer,4,3,0.75,6,-2,17,11
0022500519,2025-26,NOP,ATL,0,100,117,-17,2,2,0,2,More,6,1,0.16666666666666666,4,2,24,12
0022500520,2025-26,DEN,BOS,1,114,110,4,1,0,1,-1,Fewer,10,5,0.5,8,2,24,16
0022500520,2025-26,BOS,DEN,0,110,114,-4,1,1,0,1,More,8,7,0.875,10,-2,15,9
0022500521,2025-26,ORL,BKN,1,104,103,1,1,1,0,1,More,3,0,0.0,2,1,18,13
0022500521,2025-26,BKN,ORL,0,103,104,-1,1,0,1,-1,Fewer,2,2,1.0,3,-1,22,14
0022500522,2025-26,LAC,NYK,0,111,123,-12,2,1,1,0,Tied,4,3,0.75,3,1,19,16
0022500522,2025-26,NYK,LAC,1,123,111,12,1,1,1,0,Tied,3,3,1.0,4,-1,17,15
0022500523,2025-26,LAL,SAS,0,91,107,-16,2,0,2,-2,Fewer,6,4,0.6666666666666666,13,-7,21,13
0022500523,2025-26,SAS,LAL,1,107,91,16,2,2,0,2,More,13,11,0.8461538461538461,6,7,28,23
0022500524,2025-26,MEM,PHX,0,98,117,-19,2,2,0,2,More,4,1,0.25,0,4,14,8
0022500524,2025-26,PHX,MEM,1,117,98,19,0,0,2,-2,Fewer,0,0,,4,-4,7,5
0022500525,2025-26,OKC,UTA,1,129,125,4,5,4,1,3,More,20,14,0.7,8,12,41,33
0022500525,2025-26,UTA,OKC,0,125,129,-4,2,1,4,-3,Fewer,8,6,0.75,20,-12,21,16
0022500526,2025-26,MIL,GSW,0,113,120,-7,2,2,2,0,Tied,2,2,1.0,4,-2,12,7
0022500526,2025-26,GSW,MIL,1,120,113,7,2,2,2,0,Tied,4,4,1.0,2,2,17,13
0022500527,2025-26,POR,HOU,1,103,102,1,2,2,1,1,More,14,10,0.7142857142857143,8,6,24,18
0022500527,2025-26,HOU,POR,0,102,103,-1,2,1,2,-1,Fewer,8,6,0.75,14,-6,28,19
0022500528,2025-26,IND,CHA,1,114,112,2,2,1,2,-1,Fewer,4,3,0.75,14,-10,19,18
0022500528,2025-26,CHA,IND,0,112,114,-2,2,2,1,1,More,14,11,0.7857142857142857,4,10,24,18
0022500529,2025-26,CHI,MIA,0,113,116,-3,3,2,2,0,Tied,8,5,0.625,10,-2,29,24
0022500529,2025-26,MIA,CHI,1,116,113,3,3,2,2,0,Tied,10,8,0.8,8,2,24,20
0022500530,2025-26,MIN,CLE,1,131,122,9,2,1,2,-1,Fewer,6,2,0.3333333333333333,7,-1,17,9
0022500530,2025-26,CLE,MIN,0,122,131,-9,2,2,1,1,More,7,7,1.0,6,1,21,15
0022500531,2025-26,UTA,DAL,1,116,114,2,1,1,1,0,Tied,2,0,0.0,1,1,14,9
0022500531,2025-26,DAL,UTA,0,114,116,-2,1,1,1,0,Tied,1,1,1.0,2,-1,12,10
0022500532,2025-26,BOS,TOR,1,125,117,8,3,3,0,3,More,8,7,0.875,2,6,19,17
0022500532,2025-26,TOR,BOS,0,117,125,-8,1,0,3,-3,Fewer,2,2,1.0,8,-6,10,9
0022500533,2025-26,PHI,ORL,1,103,91,12,2,2,2,0,Tied,6,5,0.8333333333333334,9,-3,22,19
0022500533,2025-26,ORL,PHI,0,91,103,-12,3,2,2,0,Tied,9,9,1.0,6,3,18,15
0022500534,2025-26,NOP,WAS,1,128,107,21,4,3,1,2,More,9,4,0.4444444444444444,13,-4,24,14
0022500534,2025-26,WAS,NOP,0,107,128,-21,3,1,3,-2,Fewer,13,8,0.6153846153846154,9,4,32,22
0022500535,2025-26,LAC,BKN,1,121,105,16,3,3,0,3,More,7,5,0.7142857142857143,0,7,19,17
0022500535,2025-26,BKN,LAC,0,105,121,-16,0,0,3,-3,Fewer,0,0,,7,-7,10,10
0022500536,2025-26,OKC,MEM,1,117,116,1,4,1,3,-2,Fewer,9,7,0.7777777777777778,10,-1,26,21
0022500536,2025-26,MEM,OKC,0,116,117,-1,3,3,1,2,More,10,8,0.8,9,1,24,20
0022500537,2025-26,ATL,DEN,1,110,87,23,0,0,1,-1,Fewer,0,0,,4,-4,4,2
0022500537,2025-26,DEN,ATL,0,87,110,-23,1,1,0,1,More,4,4,1.0,0,4,19,15
0022500538,2025-26,NYK,PHX,0,107,112,-5,3,2,1,1,More,8,6,0.75,10,-2,21,17
0022500538,2025-26,PHX,NYK,1,112,107,5,2,1,2,-1,Fewer,10,8,0.8,8,2,22,19
0022500539,2025-26,GSW,SAC,1,137,103,34,2,2,0,2,More,5,5,1.0,0,5,12,12
0022500539,2025-26,SAC,GSW,0,103,137,-34,0,0,2,-2,Fewer,0,0,,5,-5,12,10
0022500540,2025-26,HOU,POR,0,105,111,-6,1,1,1,0,Tied,12,10,0.8333333333333334,10,2,24,15
0022500540,2025-26,POR,HOU,1,111,105,6,2,1,1,0,Tied,10,8,0.8,12,-2,23,21
0022500541,2025-26,LAL,MIL,0,101,105,-4,0,0,3,-3,Fewer,0,0,,13,-13,14,8
0022500541,2025-26,MIL,LAL,1,105,101,4,3,3,0,3,More,13,10,0.7692307692307693,0,13,22,17
0022500542,2025-26,MIN,CLE,0,134,146,-12,1,1,2,-1,Fewer,8,7,0.875,10,-2,20,16
0022500542,2025-26,CLE,MIN,1,146,134,12,2,2,1,1,More,10,9,0.9,8,2,24,20
0022500543,2025-26,MIA,IND,0,99,123,-24,2,1,2,-1,Fewer,8,7,0.875,11,-3,29,23
0022500543,2025-26,IND,MIA,1,123,99,24,2,2,1,1,More,11,9,0.8181818181818182,8,3,22,18
0022500544,2025-26,LAC,DET,1,98,92,6,3,3,0,3,More,18,11,0.6111111111111112,2,16,35,24
0022500544,2025-26,DET,LAC,0,92,98,-6,1,0,3,-3,Fewer,2,0,0.0,18,-16,25,18
0022500545,2025-26,BOS,SAS,0,95,100,-5,0,0,3,-3,Fewer,0,0,,7,-7,4,3
0022500545,2025-26,SAS,BOS,1,100,95,5,3,3,0,3,More,7,4,0.5714285714285714,0,7,20,14
0022500546,2025-26,DAL,CHI,0,107,125,-18,2,1,2,-1,Fewer,10,4,0.4,4,6,25,16
0022500546,2025-26,CHI,DAL,1,125,107,18,2,2,1,1,More,4,4,1.0,10,-6,10,8
0022500547,2025-26,CHA,UTA,1,150,95,55,3,3,0,3,More,12,9,0.75,5,7,25,20
0022500547,2025-26,UTA,CHA,0,95,150,-55,3,0,3,-3,Fewer,5,5,1.0,12,-7,20,15
0022500548,2025-26,ORL,NOP,1,128,118,10,2,2,1,1,More,21,20,0.9523809523809523,4,17,35,31
0022500548,2025-26,NOP,ORL,0,118,128,-10,1,1,2,-1,Fewer,4,4,1.0,21,-17,14,10
0022500549,2025-26,BKN,MEM,0,98,103,-5,2,2,2,0,Tied,4,2,0.5,4,0,16,8
0022500549,2025-26,MEM,BKN,1,103,98,5,2,2,2,0,Tied,4,4,1.0,4,0,16,16
0022500550,2025-26,TOR,PHI,1,116,115,1,4,2,3,-1,Fewer,18,14,0.7777777777777778,18,0,38,28
0022500550,2025-26,PHI,TOR,0,115,116,-1,4,3,2,1,More,18,14,0.7777777777777778,18,0,30,24
0022500551,2025-26,NYK,POR,1,123,114,9,0,0,2,-2,Fewer,0,0,,10,-10,7,6
0022500551,2025-26,POR,NYK,0,114,123,-9,2,2,0,2,More,10,9,0.9,0,10,25,22
0022500552,2025-26,MIN,SAS,1,104,103,1,2,2,2,0,Tied,10,4,0.4,8,2,25,14
0022500552,2025-26,SAS,MIN,0,103,104,-1,3,2,2,0,Tied,8,8,1.0,10,-2,21,18
0022500553,2025-26,MIA,OKC,0,112,124,-12,2,0,4,-4,Fewer,5,3,0.6,14,-9,13,7
0022500553,2025-26,OKC,MIA,1,124,112,12,4,4,0,4,More,14,8,0.5714285714285714,5,9,28,20
0022500554,2025-26,MIL,DEN,0,104,108,-4,2,1,2,-1,Fewer,5,3,0.6,10,-5,20,14
0022500554,2025-26,DEN,MIL,1,108,104,4,3,2,1,1,More,10,7,0.7,5,5,30,24
0022500555,2025-26,WAS,PHX,0,93,112,-19,2,2,1,1,More,7,7,1.0,6,1,18,18
0022500555,2025-26,PHX,WAS,1,112,93,19,1,1,2,-1,Fewer,6,5,0.8333333333333334,7,-1,18,15
0022500556,2025-26,GSW,ATL,0,111,124,-13,3,2,1,1,More,7,5,0.7142857142857143,9,-2,21,17
0022500556,2025-26,ATL,GSW,1,124,111,13,2,1,2,-1,Fewer,9,6,0.6666666666666666,7,2,25,17
0022500557,2025-26,HOU,SAC,0,98,111,-13,1,1,1,0,Tied,11,5,0.45454545454545453,5,6,27,18
0022500557,2025-26,SAC,HOU,1,111,98,13,1,1,1,0,Tied,5,4,0.8,11,-6,16,13
0022500558,2025-26,UTA,CLE,1,123,112,11,2,2,1,1,More,8,8,1.0,2,6,28,25
0022500558,2025-26,CLE,UTA,0,112,123,-11,1,1,2,-1,Fewer,2,2,1.0,8,-6,12,12
0022500559,2025-26,IND,BOS,1,98,96,2,0,0,0,0,Tied,0,0,,0,0,6,4
0022500559,2025-26,BOS,IND,0,96,98,-2,0,0,0,0,Tied,0,0,,0,0,9,7
0022500560,2025-26,TOR,PHI,0,102,115,-13,3,2,1,1,More,13,11,0.8461538461538461,9,4,24,21
0022500560,2025-26,PHI,TOR,1,115,102,13,3,1,2,-1,Fewer,9,8,0.8888888888888888,13,-4,23,21
0022500561,2025-26,BKN,DAL,0,105,113,-8,1,0,3,-3,Fewer,2,2,1.0,8,-6,20,18
0022500561,2025-26,DAL,BKN,1,113,105,8,3,3,0,3,More,8,5,0.625,2,6,16,12
0022500562,2025-26,SAC,LAL,1,124,112,12,1,1,2,-1,Fewer,2,2,1.0,8,-6,14,11
0022500562,2025-26,LAL,SAC,0,112,124,-12,2,2,1,1,More,8,7,0.875,2,6,28,22
0022500563,2025-26,CHA,LAC,0,109,117,-8,0,0,2,-2,Fewer,0,0,,4,-4,17,13
0022500563,2025-26,LAC,CHA,1,117,109,8,2,2,0,2,More,4,2,0.5,0,4,19,16
0022500564,2025-26,PHX,MIA,0,121,127,-6,4,3,1,2,More,10,10,1.0,13,-3,20,19
0022500564,2025-26,MIA,PHX,1,127,121,6,3,1,3,-2,Fewer,13,12,0.9230769230769231,10,3,19,15
0022500565,2025-26,CHI,HOU,0,113,119,-6,1,1,2,-1,Fewer,6,5,0.8333333333333334,13,-7,23,19
0022500565,2025-26,HOU,CHI,1,119,113,6,3,2,1,1,More,13,11,0.8461538461538461,6,7,29,22
0022500566,2025-26,MIN,MIL,1,139,106,33,1,1,2,-1,Fewer,2,1,0.5,6,-4,12,7
0022500566,2025-26,MIL,MIN,0,106,139,-33,2,2,1,1,More,6,2,0.3333333333333333,2,4,19,11
0022500567,2025-26,DEN,NOP,1,122,116,6,3,1,2,-1,Fewer,11,7,0.6363636363636364,11,0,31,25
0022500567,2025-26,NOP,DEN,0,116,122,-6,3,2,1,1,More,11,9,0.8181818181818182,11,0,31,23
0022500568,2025-26,SAS,OKC,0,98,119,-21,3,1,3,-2,Fewer,6,3,0.5,14,-8,23,16
0022500568,2025-26,OKC,SAS,1,119,98,21,4,3,1,2,More,14,11,0.7857142857142857,6,8,27,24
0022500569,2025-26,ATL,LAL,0,116,141,-25,1,1,2,-1,Fewer,2,2,1.0,8,-6,17,13
0022500569,2025-26,LAL,ATL,1,141,116,25,3,2,1,1,More,8,6,0.75,2,6,29,25
0022500570,2025-26,POR,GSW,0,97,119,-22,1,1,1,0,Tied,3,2,0.6666666666666666,4,-1,16,10
0022500570,2025-26,GSW,POR,1,119,97,22,1,1,1,0,Tied,4,3,0.75,3,1,12,11
0022500571,2025-26,TOR,IND,1,115,101,14,2,0,2,-2,Fewer,7,3,0.42857142857142855,12,-5,26,17
0022500571,2025-26,IND,TOR,0,101,115,-14,2,2,0,2,More,12,9,0.75,7,5,30,22
0022500572,2025-26,PHI,CLE,0,107,133,-26,2,2,1,1,More,8,8,1.0,2,6,26,23
0022500572,2025-26,CLE,PHI,1,133,107,26,1,1,2,-1,Fewer,2,2,1.0,8,-6,17,12
0022500573,2025-26,CHI,UTA,1,128,126,2,3,2,1,1,More,14,11,0.7857142857142857,7,7,21,17
0022500573,2025-26,UTA,CHI,0,126,128,-2,2,1,2,-1,Fewer,7,7,1.0,14,-7,25,22
0022500574,2025-26,BKN,NOP,0,113,116,-3,0,0,2,-2,Fewer,0,0,,10,-10,12,7
0022500574,2025-26,NOP,BKN,1,116,113,3,2,2,0,2,More,10,9,0.9,0,10,25,19
0022500575,2025-26,DAL,DEN,0,109,118,-9,2,2,1,1,More,13,9,0.6923076923076923,8,5,33,22
0022500575,2025-26,DEN,DAL,1,118,109,9,2,1,2,-1,Fewer,8,5,0.625,13,-5,22,18
0022500576,2025-26,NYK,SAC,0,101,112,-11,1,0,3,-3,Fewer,9,7,0.7777777777777778,17,-8,20,13
0022500576,2025-26,SAC,NYK,1,112,101,11,3,3,0,3,More,17,16,0.9411764705882353,9,8,38,32
0022500577,2025-26,WAS,LAC,0,105,119,-14,1,0,2,-2,Fewer,3,1,0.3333333333333333,4,-1,17,13
0022500577,2025-26,LAC,WAS,1,119,105,14,2,2,0,2,More,4,4,1.0,3,1,25,25
0022500578,2025-26,MEM,ORL,0,111,118,-7,3,3,0,3,More,6,5,0.8333333333333334,6,0,20,17
0022500578,2025-26,ORL,MEM,1,118,111,7,1,0,3,-3,Fewer,6,5,0.8333333333333334,6,0,23,21
0022500579,2025-26,DET,PHX,1,108,105,3,2,2,0,2,More,15,9,0.6,8,7,34,22
0022500579,2025-26,PHX,DET,0,105,108,-3,1,0,2,-2,Fewer,8,4,0.5,15,-7,21,12
0022500580,2025-26,MIA,BOS,0,114,119,-5,3,3,1,2,More,12,9,0.75,8,4,27,21
0022500580,2025-26,BOS,MIA,1,119,114,5,2,1,3,-2,Fewer,8,8,1.0,12,-4,25,24
0022500581,2025-26,HOU,OKC,0,91,111,-20,2,2,1,1,More,4,3,0.75,2,2,17,14
0022500581,2025-26,OKC,HOU,1,111,91,20,1,1,2,-1,Fewer,2,2,1.0,4,-2,14,12
0022500582,2025-26,SAS,MIL,1,119,101,18,2,2,1,1,More,8,5,0.625,7,1,25,21
0022500582,2025-26,MIL,SAS,0,101,119,-18,1,1,2,-1,Fewer,7,6,0.8571428571428571,8,-1,20,14
0022500583,2025-26,UTA,DAL,0,122,144,-22,1,1,1,0,Tied,4,4,1.0,2,2,23,18
0022500583,2025-26,DAL,UTA,1,144,122,22,1,1,1,0,Tied,2,2,1.0,4,-2,19,15
0022500584,2025-26,NYK,GSW,0,113,126,-13,2,2,1,1,More,6,5,0.8333333333333334,4,2,17,14
0022500584,2025-26,GSW,NYK,1,126,113,13,2,1,2,-1,Fewer,4,3,0.75,6,-2,13,10
0022500585,2025-26,ATL,POR,0,101,117,-16,2,1,2,-1,Fewer,6,5,0.8333333333333334,7,-1,22,17
0022500585,2025-26,POR,ATL,1,117,101,16,3,2,1,1,More,7,6,0.8571428571428571,6,1,24,17
0022500586,2025-26,LAL,CHA,0,117,135,-18,2,2,2,0,Tied,7,6,0.8571428571428571,5,2,23,17
0022500586,2025-26,CHA,LAL,1,135,117,18,2,2,2,0,Tied,5,5,1.0,7,-2,15,14
0022500587,2025-26,CHI,BKN,0,109,112,-3,1,1,1,0,Tied,6,6,1.0,2,4,20,16
0022500587,2025-26,BKN,CHI,1,112,109,3,1,1,1,0,Tied,2,2,1.0,6,-4,17,15
0022500588,2025-26,IND,NOP,1,127,119,8,1,1,2,-1,Fewer,3,2,0.6666666666666666,12,-9,12,8
0022500588,2025-26,NOP,IND,0,119,127,-8,3,2,1,1,More,12,10,0.8333333333333334,3,9,30,24
0022500589,2025-26,CLE,PHI,1,117,115,2,1,1,0,1,More,4,4,1.0,2,2,17,12
0022500589,2025-26,PHI,CLE,0,115,117,-2,1,0,1,-1,Fewer,2,2,1.0,4,-2,18,16
0022500590,2025-26,TOR,LAC,0,117,121,-4,2,2,2,0,Tied,4,3,0.75,6,-2,25,21
0022500590,2025-26,LAC,TOR,1,121,117,4,3,2,2,0,Tied,6,4,0.6666666666666666,4,2,30,26
0022500591,2025-26,HOU,MIN,1,110,105,5,2,1,1,0,Tied,18,10,0.5555555555555556,14,4,33,19
0022500591,2025-26,MIN,HOU,0,105,110,-5,2,1,1,0,Tied,14,7,0.5,18,-4,33,18
0022500592,2025-26,SAC,WAS,1,128,115,13,3,2,1,1,More,14,10,0.7142857142857143,1,13,28,17
0022500592,2025-26,WAS,SAC,0,115,128,-13,1,1,2,-1,Fewer,1,1,1.0,14,-13,21,16
0022500593,2025-26,UTA,DAL,0,120,138,-18,1,1,2,-1,Fewer,6,5,0.8333333333333334,17,-11,18,13
0022500593,2025-26,DAL,UTA,1,138,120,18,3,2,1,1,More,17,10,0.5882352941176471,6,11,34,21
0022500594,2025-26,BOS,ATL,1,132,106,26,2,1,2,-1,Fewer,2,1,0.5,3,-1,22,18
0022500594,2025-26,ATL,BOS,0,106,132,-26,2,2,1,1,More,3,2,0.6666666666666666,2,1,17,15
0022500595,2025-26,DET,IND,1,121,78,43,1,1,3,-2,Fewer,4,2,0.5,17,-13,18,12
0022500595,2025-26,IND,DET,0,78,121,-43,4,3,1,2,More,17,8,0.47058823529411764,4,13,26,14
0022500596,2025-26,PHX,NYK,1,106,99,7,2,1,1,0,Tied,12,8,0.6666666666666666,10,2,26,22
0022500596,2025-26,NYK,PHX,0,99,106,-7,2,1,1,0,Tied,10,7,0.7,12,-2,25,19
0022500597,2025-26,OKC,MIA,0,120,122,-2,1,1,2,-1,Fewer,12,8,0.6666666666666666,9,3,28,23
0022500597,2025-26,MIA,OKC,1,122,120,2,3,2,1,1,More,9,6,0.6666666666666666,12,-3,27,19
0022500598,2025-26,MIN,SAS,0,123,126,-3,3,2,1,1,More,14,12,0.8571428571428571,16,-2,27,24
0022500598,2025-26,SAS,MIN,1,126,123,3,2,1,2,-1,Fewer,16,10,0.625,14,2,26,16
0022500599,2025-26,CHA,GSW,0,116,136,-20,2,2,1,1,More,8,6,0.75,5,3,17,14
0022500599,2025-26,GSW,CHA,1,136,116,20,2,1,2,-1,Fewer,5,5,1.0,8,-3,13,11
0022500600,2025-26,WAS,DEN,0,115,121,-6,2,2,1,1,More,12,7,0.5833333333333334,8,4,29,16
0022500600,2025-26,DEN,WAS,1,121,115,6,2,1,2,-1,Fewer,8,5,0.625,12,-4,22,16
0022500601,2025-26,POR,LAL,1,132,116,16,1,1,1,0,Tied,17,14,0.8235294117647058,2,15,31,24
0022500601,2025-26,LAL,POR,0,116,132,-16,1,1,1,0,Tied,2,2,1.0,17,-15,19,17
0022500602,2025-26,MEM,ORL,1,126,109,17,3,3,1,2,More,10,5,0.5,4,6,24,16
0022500602,2025-26,ORL,MEM,0,109,126,-17,2,1,3,-2,Fewer,4,4,1.0,10,-6,16,15
0022500603,2025-26,BKN,CHI,0,102,124,-22,1,1,0,1,More,4,3,0.75,0,4,15,10
0022500603,2025-26,CHI,BKN,1,124,102,22,0,0,1,-1,Fewer,0,0,,4,-4,8,5
0022500604,2025-26,NOP,HOU,0,110,119,-9,0,0,2,-2,Fewer,0,0,,6,-6,15,12
0022500604,2025-26,HOU,NOP,1,119,110,9,2,2,0,2,More,6,3,0.5,0,6,22,16
0022500605,2025-26,CHA,DEN,1,110,87,23,2,1,3,-2,Fewer,4,3,0.75,7,-3,13,11
0022500605,2025-26,DEN,CHA,0,87,110,-23,3,3,1,2,More,7,4,0.5714285714285714,4,3,18,15
0022500606,2025-26,POR,SAC,1,117,110,7,2,2,1,1,More,15,13,0.8666666666666667,8,7,33,29
0022500606,2025-26,SAC,POR,0,110,117,-7,2,1,2,-1,Fewer,8,7,0.875,15,-7,17,14
0022500607,2025-26,LAL,TOR,1,110,93,17,1,1,1,0,Tied,4,4,1.0,2,2,13,12
0022500607,2025-26,TOR,LAL,0,93,110,-17,1,1,1,0,Tied,2,2,1.0,4,-2,14,9
0022500608,2025-26,WAS,LAC,0,106,110,-4,3,2,1,1,More,9,8,0.8888888888888888,15,-6,22,19
0022500608,2025-26,LAC,WAS,1,110,106,4,2,1,2,-1,Fewer,15,11,0.7333333333333333,9,6,35,30
0022500609,2025-26,IND,PHI,0,104,113,-9,1,0,4,-4,Fewer,2,2,1.0,13,-11,14,11
0022500609,2025-26,PHI,IND,1,113,104,9,4,4,0,4,More,13,11,0.8461538461538461,2,11,36,24
0022500610,2025-26,PHX,BKN,1,126,117,9,2,2,1,1,More,7,4,0.5714285714285714,2,5,23,18
0022500610,2025-26,BKN,PHX,0,117,126,-9,1,1,2,-1,Fewer,2,2,1.0,7,-5,20,19
0022500611,2025-26,SAS,UTA,1,123,110,13,2,2,1,1,More,14,8,0.5714285714285714,9,5,25,19
0022500611,2025-26,UTA,SAS,0,110,123,-13,2,1,2,-1,Fewer,9,9,1.0,14,-5,25,22
0022500612,2025-26,GSW,MIA,1,135,112,23,2,1,1,0,Tied,3,2,0.6666666666666666,5,-2,17,13
0022500612,2025-26,MIA,GSW,0,112,135,-23,1,1,1,0,Tied,5,5,1.0,3,2,24,21
0022500613,2025-26,PHX,PHI,1,116,110,6,3,1,2,-1,Fewer,12,12,1.0,9,3,19,19
0022500613,2025-26,PHI,PHX,0,110,116,-6,2,2,1,1,More,9,8,0.8888888888888888,12,-3,27,21
0022500614,2025-26,LAC,CHI,0,110,138,-28,2,2,0,2,More,5,5,1.0,0,5,17,14
0022500614,2025-26,CHI,LAC,1,138,110,28,0,0,2,-2,Fewer,0,0,,5,-5,12,9
0022500615,2025-26,HOU,SAS,1,111,106,5,2,2,0,2,More,10,8,0.8,0,10,21,15
0022500615,2025-26,SAS,HOU,0,106,111,-5,0,0,2,-2,Fewer,0,0,,10,-10,10,10
0022500616,2025-26,MIN,UTA,0,122,127,-5,3,2,1,1,More,15,11,0.7333333333333333,7,8,26,19
0022500616,2025-26,UTA,MIN,1,127,122,5,1,1,2,-1,Fewer,7,3,0.42857142857142855,15,-8,25,18
0022500617,2025-26,LAL,DEN,1,115,107,8,2,2,1,1,More,13,8,0.6153846153846154,4,9,30,20
0022500617,2025-26,DEN,LAL,0,107,115,-8,2,1,2,-1,Fewer,4,4,1.0,13,-9,18,13
0022500618,2025-26,TOR,GSW,1,145,127,18,2,1,2,-1,Fewer,7,7,1.0,11,-4,22,22
0022500618,2025-26,GSW,TOR,0,127,145,-18,2,2,1,1,More,11,10,0.9090909090909091,7,4,25,16
0022500619,2025-26,MIA,SAC,1,130,117,13,1,1,1,0,Tied,8,4,0.5,10,-2,20,12
0022500619,2025-26,SAC,MIA,0,117,130,-13,2,1,1,0,Tied,10,9,0.9,8,2,21,18
0022500620,2025-26,CLE,CHA,1,94,87,7,3,1,2,-1,Fewer,12,8,0.6666666666666666,7,5,23,17
0022500620,2025-26,CHA,CLE,0,87,94,-7,2,2,1,1,More,7,5,0.7142857142857143,12,-5,17,12
0022500621,2025-26,IND,BOS,0,104,119,-15,2,1,2,-1,Fewer,10,8,0.8,7,3,23,18
0022500621,2025-26,BOS,IND,1,119,104,15,2,2,1,1,More,7,5,0.7142857142857143,10,-3,25,23
0022500622,2025-26,BKN,NYK,0,66,120,-54,1,1,1,0,Tied,1,1,1.0,4,-3,13,9
0022500622,2025-26,NYK,BKN,1,120,66,54,2,1,1,0,Tied,4,2,0.5,1,3,17,12
0022500623,2025-26,ATL,MEM,1,124,122,2,3,2,1,1,More,10,6,0.6,10,0,23,17
0022500623,2025-26,MEM,ATL,0,122,124,-2,3,1,2,-1,Fewer,10,7,0.7,10,0,25,22
0022500624,2025-26,DET,NOP,1,112,104,8,3,2,1,1,More,10,6,0.6,8,2,24,19
0022500624,2025-26,NOP,DET,0,104,112,-8,1,1,2,-1,Fewer,8,7,0.875,10,-2,29,24
0022500625,2025-26,OKC,MIL,1,122,102,20,1,1,1,0,Tied,6,6,1.0,2,4,13,9
0022500625,2025-26,MIL,OKC,0,102,122,-20,1,1,1,0,Tied,2,1,0.5,6,-4,8,5
0022500626,2025-26,TOR,SAC,1,122,109,13,2,1,2,-1,Fewer,3,3,1.0,12,-9,23,22
0022500626,2025-26,SAC,TOR,0,109,122,-13,3,2,1,1,More,12,9,0.75,3,9,22,18
0022500627,2025-26,ORL,CHA,0,97,124,-27,2,1,2,-1,Fewer,4,2,0.5,11,-7,22,17
0022500627,2025-26,CHA,ORL,1,124,97,27,3,2,1,1,More,11,11,1.0,4,7,25,21
0022500628,2025-26,HOU,PHI,0,122,128,-6,3,3,1,2,More,11,5,0.45454545454545453,6,5,24,12
0022500628,2025-26,PHI,HOU,1,128,122,6,2,1,3,-2,Fewer,6,5,0.8333333333333334,11,-5,20,17
0022500629,2025-26,WAS,DEN,0,97,107,-10,2,1,3,-2,Fewer,6,3,0.5,10,-4,24,20
0022500629,2025-26,DEN,WAS,1,107,97,10,3,3,1,2,More,10,9,0.9,6,4,25,24
0022500630,2025-26,DAL,GSW,1,123,115,8,2,2,0,2,More,11,10,0.9090909090909091,2,9,28,22
0022500630,2025-26,GSW,DAL,0,115,123,-8,1,0,2,-2,Fewer,2,1,0.5,11,-9,17,13
0022500631,2025-26,CHI,MIN,1,120,115,5,4,4,0,4,More,20,17,0.85,4,16,32,27
0022500631,2025-26,MIN,CHI,0,115,120,-5,2,0,4,-4,Fewer,4,4,1.0,20,-16,15,14
0022500632,2025-26,UTA,SAS,0,109,126,-17,0,0,2,-2,Fewer,0,0,,7,-7,12,10
0022500632,2025-26,SAS,UTA,1,126,109,17,2,2,0,2,More,7,6,0.8571428571428571,0,7,23,19
0022500633,2025-26,LAL,LAC,0,104,112,-8,0,0,1,-1,Fewer,0,0,,10,-10,18,13
0022500633,2025-26,LAC,LAL,1,112,104,8,1,1,0,1,More,10,9,0.9,0,10,21,20
0022500634,2025-26,POR,MIA,1,127,110,17,0,0,2,-2,Fewer,0,0,,6,-6,13,11
0022500634,2025-26,MIA,POR,0,110,127,-17,2,2,0,2,More,6,3,0.5,0,6,18,15
0022500635,2025-26,HOU,DET,1,111,104,7,4,2,2,0,Tied,13,11,0.8461538461538461,10,3,29,23
0022500635,2025-26,DET,HOU,0,104,111,-7,2,2,2,0,Tied,10,8,0.8,13,-3,21,15
0022500636,2025-26,ATL,PHX,1,110,103,7,2,2,0,2,More,6,4,0.6666666666666666,0,6,16,11
0022500636,2025-26,PHX,ATL,0,103,110,-7,0,0,2,-2,Fewer,0,0,,6,-6,9,8
0022500637,2025-26,BOS,BKN,1,130,126,4,2,0,4,-4,Fewer,4,2,0.5,14,-10,16,10
0022500637,2025-26,BKN,BOS,0,126,130,-4,4,4,0,4,More,14,11,0.7857142857142857,4,10,34,29
0022500638,2025-26,CLE,SAC,1,123,118,5,4,3,1,2,More,13,12,0.9230769230769231,8,5,27,22
0022500638,2025-26,SAC,CLE,0,118,123,-5,3,1,3,-2,Fewer,8,8,1.0,13,-5,21,20
0022500639,2025-26,MEM,NOP,0,127,133,-6,2,1,2,-1,Fewer,9,7,0.7777777777777778,10,-1,22,19
0022500639,2025-26,NOP,MEM,1,133,127,6,2,2,1,1,More,10,9,0.9,9,1,33,28
0022500640,2025-26,DEN,MIL,1,102,100,2,2,1,2,-1,Fewer,8,7,0.875,9,-1,23,20
0022500640,2025-26,MIL,DEN,0,100,102,-2,2,2,1,1,More,9,9,1.0,8,1,26,19
0022500641,2025-26,IND,OKC,1,117,114,3,1,1,1,0,Tied,8,6,0.75,11,-3,20,11
0022500641,2025-26,OKC,IND,0,114,117,-3,2,1,1,0,Tied,11,10,0.9090909090909091,8,3,30,27
0022500642,2025-26,TOR,POR,1,110,98,12,1,1,3,-2,Fewer,2,2,1.0,6,-4,16,10
0022500642,2025-26,POR,TOR,0,98,110,-12,3,3,1,2,More,6,3,0.5,2,4,10,7
0022500643,2025-26,NYK,PHI,1,112,109,3,3,2,1,1,More,13,6,0.46153846153846156,9,4,27,15
0022500643,2025-26,PHI,NYK,0,109,112,-3,2,1,2,-1,Fewer,9,7,0.7777777777777778,13,-4,29,22
0022500644,2025-26,MIN,GSW,0,85,111,-26,1,1,1,0,Tied,7,3,0.42857142857142855,4,3,20,12
0022500644,2025-26,GSW,MIN,1,111,85,26,2,1,1,0,Tied,4,3,0.75,7,-3,16,15
0022500645,2025-26,CHA,WAS,1,119,115,4,2,1,1,0,Tied,13,12,0.9230769230769231,2,11,28,21
0022500645,2025-26,WAS,CHA,0,115,119,-4,1,1,1,0,Tied,2,2,1.0,13,-11,8,7
0022500646,2025-26,CLE,ORL,1,119,105,14,2,1,3,-2,Fewer,8,7,0.875,16,-8,21,18
0022500646,2025-26,ORL,CLE,0,105,119,-14,3,3,1,2,More,16,15,0.9375,8,8,32,28
0022500647,2025-26,CHI,BOS,1,114,111,3,0,0,0,0,Tied,0,0,,0,0,8,7
0022500647,2025-26,BOS,CHI,0,111,114,-3,0,0,0,0,Tied,0,0,,0,0,9,8
0022500648,2025-26,LAL,DAL,1,116,110,6,3,2,1,1,More,11,7,0.6363636363636364,8,3,29,22
0022500648,2025-26,DAL,LAL,0,110,116,-6,2,1,2,-1,Fewer,8,5,0.625,11,-3,29,22
0022500649,2025-26,UTA,MIA,0,116,147,-31,3,1,3,-2,Fewer,10,7,0.7,17,-7,27,21
0022500649,2025-26,MIA,UTA,1,147,116,31,4,3,1,2,More,17,15,0.8823529411764706,10,7,39,32
0022500650,2025-26,SAC,DET,0,116,139,-23,2,1,2,-1,Fewer,8,5,0.625,9,-1,24,14
0022500650,2025-26,DET,SAC,1,139,116,23,3,2,1,1,More,9,7,0.7777777777777778,8,1,28,23
0022500651,2025-26,MEM,DEN,1,125,118,7,2,2,1,1,More,14,13,0.9285714285714286,8,6,30,23
0022500651,2025-26,DEN,MEM,0,118,125,-7,2,1,2,-1,Fewer,8,5,0.625,14,-6,20,15
0022500652,2025-26,DAL,MIL,0,99,123,-24,2,2,1,1,More,7,5,0.7142857142857143,8,-1,28,21
0022500652,2025-26,MIL,DAL,1,123,99,24,2,1,2,-1,Fewer,8,6,0.75,7,1,26,21
0022500653,2025-26,TOR,OKC,1,103,101,2,1,1,2,-1,Fewer,2,2,1.0,9,-7,26,17
0022500653,2025-26,OKC,TOR,0,101,103,-2,2,2,1,1,More,9,9,1.0,2,7,31,24
0022500654,2025-26,NOP,SAS,1,104,95,9,2,0,2,-2,Fewer,3,2,0.6666666666666666,10,-7,16,11
0022500654,2025-26,SAS,NOP,0,95,104,-9,2,2,0,2,More,10,4,0.4,3,7,30,17
0022500655,2025-26,MIA,PHX,1,111,102,9,2,1,3,-2,Fewer,12,9,0.75,10,2,29,24
0022500655,2025-26,PHX,MIA,0,102,111,-9,3,3,1,2,More,10,9,0.9,12,-2,26,21
0022500656,2025-26,BKN,LAC,0,89,126,-37,2,1,3,-2,Fewer,6,6,1.0,9,-3,25,22
0022500656,2025-26,LAC,BKN,1,126,89,37,3,3,1,2,More,9,8,0.8888888888888888,6,3,29,26
0022500657,2025-26,PHI,CHA,0,93,130,-37,1,0,2,-2,Fewer,5,3,0.6,12,-7,19,14
0022500657,2025-26,CHA,PHI,1,130,93,37,2,2,0,2,More,12,7,0.5833333333333334,5,7,22,14
0022500658,2025-26,CLE,ORL,1,114,98,16,2,2,1,1,More,10,9,0.9,7,3,25,18
0022500658,2025-26,ORL,CLE,0,98,114,-16,2,1,2,-1,Fewer,7,3,0.42857142857142855,10,-3,15,11
0022500659,2025-26,IND,ATL,0,116,132,-16,3,3,0,3,More,9,5,0.5555555555555556,2,7,25,20
0022500659,2025-26,ATL,IND,1,132,116,16,1,0,3,-3,Fewer,2,2,1.0,9,-7,17,16
0022500660,2025-26,POR,BOS,0,94,102,-8,3,1,2,-1,Fewer,10,9,0.9,8,2,29,20
0022500660,2025-26,BOS,POR,1,102,94,8,2,2,1,1,More,8,5,0.625,10,-2,17,10
0022500661,2025-26,CHI,LAL,0,118,129,-11,1,1,1,0,Tied,6,5,0.8333333333333334,7,-1,18,14
0022500661,2025-26,LAL,CHI,1,129,118,11,2,1,1,0,Tied,7,4,0.5714285714285714,6,1,28,21
0022500662,2025-26,HOU,MEM,1,108,99,9,3,3,0,3,More,12,10,0.8333333333333334,0,12,20,15
0022500662,2025-26,MEM,HOU,0,99,108,-9,0,0,3,-3,Fewer,0,0,,12,-12,11,9
0022500663,2025-26,GSW,MIN,0,83,108,-25,1,1,2,-1,Fewer,2,1,0.5,8,-6,13,8
0022500663,2025-26,MIN,GSW,1,108,83,25,3,2,1,1,More,8,5,0.625,2,6,26,20
0022500664,2025-26,WAS,POR,1,115,111,4,1,1,3,-2,Fewer,9,8,0.8888888888888888,8,1,20,17
0022500664,2025-26,POR,WAS,0,111,115,-4,3,3,1,2,More,8,4,0.5,9,-1,20,12
0022500665,2025-26,NYK,SAC,1,103,87,16,2,1,1,0,Tied,4,4,1.0,4,0,17,15
0022500665,2025-26,SAC,NYK,0,87,103,-16,2,1,1,0,Tied,4,4,1.0,4,0,14,12
0022500666,2025-26,MIL,PHI,0,122,139,-17,2,2,0,2,More,14,10,0.7142857142857143,0,14,27,19
0022500666,2025-26,PHI,MIL,1,139,122,17,0,0,2,-2,Fewer,0,0,,14,-14,15,11
0022500667,2025-26,OKC,NOP,1,104,95,9,3,3,1,2,More,8,7,0.875,3,5,23,21
0022500667,2025-26,NOP,OKC,0,95,104,-9,1,1,3,-2,Fewer,3,3,1.0,8,-5,21,16
0022500668,2025-26,DEN,DET,0,107,109,-2,3,3,0,3,More,13,9,0.6923076923076923,2,11,23,17
0022500668,2025-26,DET,DEN,1,109,107,2,1,0,3,-3,Fewer,2,2,1.0,13,-11,18,15
0022500669,2025-26,BKN,PHX,0,102,106,-4,2,2,2,0,Tied,6,5,0.8333333333333334,10,-4,14,11
0022500669,2025-26,PHX,BKN,1,106,102,4,3,2,2,0,Tied,10,9,0.9,6,4,18,14
0022500670,2025-26,UTA,LAC,0,103,115,-12,1,1,1,0,Tied,5,4,0.8,2,3,21,17
0022500670,2025-26,LAC,UTA,1,115,103,12,1,1,1,0,Tied,2,2,1.0,5,-3,21,15
0022500671,2025-26,CLE,LAL,1,129,99,30,0,0,1,-1,Fewer,0,0,,4,-4,13,10
0022500671,2025-26,LAL,CLE,0,99,129,-30,1,1,0,1,More,4,3,0.75,0,4,18,12
0022500672,2025-26,IND,CHI,1,113,110,3,3,3,0,3,More,8,7,0.875,6,2,25,22
0022500672,2025-26,CHI,IND,0,110,113,-3,1,0,3,-3,Fewer,6,6,1.0,8,-2,18,14
0022500673,2025-26,BOS,ATL,0,106,117,-11,2,2,0,2,More,4,3,0.75,0,4,16,13
0022500673,2025-26,ATL,BOS,1,117,106,11,0,0,2,-2,Fewer,0,0,,4,-4,10,8
0022500674,2025-26,ORL,MIA,1,133,124,9,2,1,2,-1,Fewer,8,6,0.75,7,1,17,13
0022500674,2025-26,MIA,ORL,0,124,133,-9,2,2,1,1,More,7,7,1.0,8,-1,23,21
0022500675,2025-26,NYK,TOR,1,119,92,27,2,1,2,-1,Fewer,6,5,0.8333333333333334,8,-2,16,14
0022500675,2025-26,TOR,NYK,0,92,119,-27,2,2,1,1,More,8,8,1.0,6,2,29,25
0022500676,2025-26,MEM,CHA,0,97,112,-15,1,1,0,1,More,2,2,1.0,0,2,12,9
0022500676,2025-26,CHA,MEM,1,112,97,15,0,0,1,-1,Fewer,0,0,,2,-2,4,3
0022500677,2025-26,DAL,MIN,0,105,118,-13,4,4,0,4,More,18,13,0.7222222222222222,10,8,38,26
0022500677,2025-26,MIN,DAL,1,118,105,13,3,0,4,-4,Fewer,10,9,0.9,18,-8,27,20
0022500678,2025-26,GSW,UTA,1,140,124,16,4,3,1,2,More,13,10,0.7692307692307693,8,5,29,24
0022500678,2025-26,UTA,GSW,0,124,140,-16,1,1,3,-2,Fewer,8,7,0.875,13,-5,23,20
0022500679,2025-26,HOU,SAS,0,99,111,-12,2,0,3,-3,Fewer,4,3,0.75,7,-3,18,13
0022500679,2025-26,SAS,HOU,1,111,99,12,3,3,0,3,More,7,4,0.5714285714285714,4,3,24,17
0022500680,2025-26,PHI,SAC,1,113,111,2,2,2,2,0,Tied,14,11,0.7857142857142857,10,4,29,25
0022500680,2025-26,SAC,PHI,0,111,113,-2,2,2,2,0,Tied,10,8,0.8,14,-4,23,19
0022500681,2025-26,MIL,WAS,0,99,109,-10,0,0,3,-3,Fewer,0,0,,14,-14,8,7
0022500681,2025-26,WAS,MIL,1,109,99,10,3,3,0,3,More,14,13,0.9285714285714286,0,14,26,23
0022500682,2025-26,ATL,HOU,0,86,104,-18,0,0,2,-2,Fewer,0,0,,6,-6,7,6
0022500682,2025-26,HOU,ATL,1,104,86,18,2,2,0,2,More,6,5,0.8333333333333334,0,6,20,14
0022500683,2025-26,CHA,DAL,1,123,121,2,1,0,2,-2,Fewer,2,2,1.0,5,-3,18,17
0022500683,2025-26,DAL,CHA,0,121,123,-2,2,2,0,2,More,5,4,0.8,2,3,16,14
0022500684,2025-26,DEN,BKN,1,107,103,4,2,2,1,1,More,14,13,0.9285714285714286,5,9,25,18
0022500684,2025-26,BKN,DEN,0,103,107,-4,2,1,2,-1,Fewer,5,4,0.8,14,-9,18,15
0022500685,2025-26,PHX,DET,1,114,96,18,1,1,1,0,Tied,8,8,1.0,7,1,27,22
0022500685,2025-26,DET,PHX,0,96,114,-18,2,1,1,0,Tied,7,5,0.7142857142857143,8,-1,19,15
0022500686,2025-26,OKC,MIN,0,111,123,-12,2,2,0,2,More,6,6,1.0,4,2,19,17
0022500686,2025-26,MIN,OKC,1,123,111,12,1,0,2,-2,Fewer,4,1,0.25,6,-2,17,10
0022500687,2025-26,TOR,ORL,0,120,130,-10,2,2,1,1,More,15,13,0.8666666666666667,16,-1,30,25
0022500687,2025-26,ORL,TOR,1,130,120,10,3,1,2,-1,Fewer,16,12,0.75,15,1,35,31
0022500688,2025-26,LAL,WAS,1,142,111,31,1,1,0,1,More,6,4,0.6666666666666666,0,6,32,24
0022500688,2025-26,WAS,LAL,0,111,142,-31,0,0,1,-1,Fewer,0,0,,6,-6,10,7
0022500689,2025-26,BOS,SAC,1,112,93,19,3,2,1,1,More,7,2,0.2857142857142857,8,-1,16,10
0022500689,2025-26,SAC,BOS,0,93,112,-19,2,1,2,-1,Fewer,8,7,0.875,7,1,23,21
0022500690,2025-26,NYK,POR,1,127,97,30,0,0,2,-2,Fewer,0,0,,6,-6,13,11
0022500690,2025-26,POR,NYK,0,97,127,-30,2,2,0,2,More,6,4,0.6666666666666666,0,6,19,14
0022500691,2025-26,MEM,NOP,0,106,114,-8,1,0,2,-2,Fewer,2,2,1.0,8,-6,15,14
0022500691,2025-26,NOP,MEM,1,114,106,8,2,2,0,2,More,8,5,0.625,2,6,26,20
0022500692,2025-26,CHI,MIA,1,125,118,7,1,0,3,-3,Fewer,5,4,0.8,10,-5,18,13
0022500692,2025-26,MIA,CHI,0,118,125,-7,3,3,0,3,More,10,5,0.5,5,5,31,23
0022500693,2025-26,CLE,PHX,0,113,126,-13,1,1,1,0,Tied,5,4,0.8,2,3,10,7
0022500693,2025-26,PHX,CLE,1,126,113,13,1,1,1,0,Tied,2,2,1.0,5,-3,14,10
0022500694,2025-26,BKN,UTA,1,109,99,10,4,4,0,4,More,13,9,0.6923076923076923,4,9,28,17
0022500694,2025-26,UTA,BKN,0,99,109,-10,1,0,4,-4,Fewer,4,4,1.0,13,-9,18,10
0022500695,2025-26,DEN,LAC,1,122,109,13,3,3,0,3,More,9,7,0.7777777777777778,9,0,32,26
0022500695,2025-26,LAC,DEN,0,109,122,-13,2,0,3,-3,Fewer,9,6,0.6666666666666666,9,0,21,15
0022500696,2025-26,DET,GSW,1,131,124,7,3,2,2,0,Tied,12,8,0.6666666666666666,12,0,34,27
0022500696,2025-26,GSW,DET,0,124,131,-7,3,2,2,0,Tied,12,9,0.75,12,0,33,25
0022500697,2025-26,SAS,CHA,0,106,111,-5,2,2,1,1,More,6,5,0.8333333333333334,11,-5,19,17
0022500697,2025-26,CHA,SAS,1,111,106,5,2,1,2,-1,Fewer,11,10,0.9090909090909091,6,5,22,20
0022500698,2025-26,ATL,IND,0,124,129,-5,1,1,1,0,Tied,4,2,0.5,9,-5,28,21
0022500698,2025-26,IND,ATL,1,129,124,5,2,1,1,0,Tied,9,7,0.7777777777777778,4,5,21,18
0022500699,2025-26,NOP,PHI,0,114,124,-10,2,2,1,1,More,6,5,0.8333333333333334,7,-1,21,17
0022500699,2025-26,PHI,NOP,1,124,114,10,2,1,2,-1,Fewer,7,5,0.7142857142857143,6,1,23,17
0022500700,2025-26,MIN,MEM,1,131,114,17,1,1,1,0,Tied,12,9,0.75,8,4,23,18
0022500700,2025-26,MEM,MIN,0,114,131,-17,2,1,1,0,Tied,8,4,0.5,12,-4,22,14
0022500701,2025-26,HOU,DAL,1,111,107,4,0,0,4,-4,Fewer,0,0,,9,-9,13,10
0022500701,2025-26,DAL,HOU,0,107,111,-4,4,4,0,4,More,9,7,0.7777777777777778,0,9,26,15
0022500702,2025-26,MIL,BOS,0,79,107,-28,1,1,1,0,Tied,6,5,0.8333333333333334,4,2,14,10
0022500702,2025-26,BOS,MIL,1,107,79,28,2,1,1,0,Tied,4,2,0.5,6,-2,12,9
0022500703,2025-26,SAS,ORL,1,112,103,9,3,3,1,2,More,8,7,0.875,8,0,29,20
0022500703,2025-26,ORL,SAS,0,103,112,-9,3,1,3,-2,Fewer,8,7,0.875,8,0,15,13
0022500704,2025-26,BKN,DET,0,77,130,-53,3,1,2,-1,Fewer,11,9,0.8181818181818182,10,1,25,20
0022500704,2025-26,DET,BKN,1,130,77,53,2,2,1,1,More,10,8,0.8,11,-1,27,20
0022500705,2025-26,MIA,CHI,1,134,91,43,2,2,2,0,Tied,4,3,0.75,15,-11,16,11
0022500705,2025-26,CHI,MIA,0,91,134,-43,3,2,2,0,Tied,15,12,0.8,4,11,34,29
0022500706,2025-26,UTA,TOR,0,100,107,-7,3,2,2,0,Tied,13,11,0.8461538461538461,12,1,34,28
0022500706,2025-26,TOR,UTA,1,107,100,7,4,2,2,0,Tied,12,10,0.8333333333333334,13,-1,30,25
0022500707,2025-26,WAS,SAC,1,116,112,4,2,1,3,-2,Fewer,4,3,0.75,11,-7,15,11
0022500707,2025-26,SAC,WAS,0,112,116,-4,3,3,1,2,More,11,9,0.8181818181818182,4,7,28,25
0022500708,2025-26,NYK,LAL,1,112,100,12,1,1,1,0,Tied,6,5,0.8333333333333334,4,2,11,8
0022500708,2025-26,LAL,NYK,0,100,112,-12,1,1,1,0,Tied,4,2,0.5,6,-2,19,12
0022500709,2025-26,PHX,LAC,0,93,117,-24,1,0,3,-3,Fewer,2,1,0.5,20,-18,16,10
0022500709,2025-26,LAC,PHX,1,117,93,24,3,3,0,3,More,20,13,0.65,2,18,32,22
0022500710,2025-26,CLE,POR,1,130,111,19,1,0,1,-1,Fewer,1,1,1.0,3,-2,19,14
0022500710,2025-26,POR,CLE,0,111,130,-19,1,1,0,1,More,3,2,0.6666666666666666,1,2,12,9
0022500711,2025-26,DEN,OKC,0,111,121,-10,4,2,2,0,Tied,10,8,0.8,8,2,24,17
0022500711,2025-26,OKC,DEN,1,121,111,10,2,2,2,0,Tied,8,6,0.75,10,-2,27,22
0022500712,2025-26,NOP,CHA,0,95,102,-7,3,1,2,-1,Fewer,8,5,0.625,13,-5,24,17
0022500712,2025-26,CHA,NOP,1,102,95,7,3,2,1,1,More,13,10,0.7692307692307693,8,5,27,22
0022500713,2025-26,HOU,IND,1,118,114,4,3,3,0,3,More,21,17,0.8095238095238095,4,17,37,31
0022500713,2025-26,IND,HOU,0,114,118,-4,2,0,3,-3,Fewer,4,3,0.75,21,-17,21,16
0022500714,2025-26,MIN,MEM,0,128,137,-9,2,1,3,-2,Fewer,11,10,0.9090909090909091,18,-7,30,23
0022500714,2025-26,MEM,MIN,1,137,128,9,4,3,1,2,More,18,15,0.8333333333333334,11,7,33,28
0022500715,2025-26,PHI,LAC,1,128,113,15,2,1,3,-2,Fewer,6,6,1.0,12,-6,22,21
0022500715,2025-26,LAC,PHI,0,113,128,-15,4,3,1,2,More,12,6,0.5,6,6,20,12
0022500716,2025-26,DEN,DET,0,121,124,-3,4,4,0,4,More,21,19,0.9047619047619048,11,10,41,35
0022500716,2025-26,DET,DEN,1,124,121,3,3,0,4,-4,Fewer,11,9,0.8181818181818182,21,-10,26,23
0022500717,2025-26,IND,UTA,0,122,131,-9,3,3,1,2,More,8,5,0.625,6,2,26,17
0022500717,2025-26,UTA,IND,1,131,122,9,2,1,3,-2,Fewer,6,4,0.6666666666666666,8,-2,26,18
0022500718,2025-26,WAS,NYK,0,101,132,-31,3,2,2,0,Tied,17,10,0.5882352941176471,10,7,31,19
0022500718,2025-26,NYK,WAS,1,132,101,31,3,2,2,0,Tied,10,9,0.9,17,-7,25,19
0022500719,2025-26,BKN,LAL,0,109,125,-16,0,0,3,-3,Fewer,0,0,,14,-14,14,9
0022500719,2025-26,LAL,BKN,1,125,109,16,3,3,0,3,More,14,9,0.6428571428571429,0,14,38,25
0022500720,2025-26,MIA,ATL,0,115,127,-12,3,3,0,3,More,9,9,1.0,0,9,26,23
0022500720,2025-26,ATL,MIA,1,127,115,12,0,0,3,-3,Fewer,0,0,,9,-9,13,8
0022500721,2025-26,DAL,BOS,0,100,110,-10,2,2,0,2,More,10,7,0.7,0,10,21,16
0022500721,2025-26,BOS,DAL,1,110,100,10,0,0,2,-2,Fewer,0,0,,10,-10,5,3
0022500722,2025-26,CHI,MIL,0,115,131,-16,2,2,1,1,More,7,4,0.5714285714285714,1,6,23,16
0022500722,2025-26,MIL,CHI,1,131,115,16,1,1,2,-1,Fewer,1,1,1.0,7,-6,15,8
0022500723,2025-26,OKC,ORL,1,128,92,36,4,4,0,4,More,13,9,0.6923076923076923,2,11,24,19
0022500723,2025-26,ORL,OKC,0,92,128,-36,1,0,4,-4,Fewer,2,2,1.0,13,-11,11,11
0022500724,2025-26,GSW,PHI,0,94,113,-19,0,0,1,-1,Fewer,0,0,,4,-4,2,1
0022500724,2025-26,PHI,GSW,1,113,94,19,1,1,0,1,More,4,2,0.5,0,4,21,16
0022500725,2025-26,POR,PHX,0,125,130,-5,2,2,1,1,More,9,6,0.6666666666666666,6,3,18,13
0022500725,2025-26,PHX,POR,1,130,125,5,2,1,2,-1,Fewer,6,2,0.3333333333333333,9,-3,15,10
0022500726,2025-26,NYK,DEN,1,134,127,7,3,2,3,-1,Fewer,6,6,1.0,9,-3,19,16
0022500726,2025-26,DEN,NYK,0,127,134,-7,3,3,2,1,More,9,9,1.0,6,3,27,22
0022500727,2025-26,TOR,MIN,0,126,128,-2,3,3,0,3,More,10,7,0.7,10,0,24,17
0022500727,2025-26,MIN,TOR,1,128,126,2,1,0,3,-3,Fewer,10,6,0.6,10,0,25,14
0022500728,2025-26,HOU,BOS,0,93,114,-21,3,3,1,2,More,6,4,0.6666666666666666,8,-2,21,13
0022500728,2025-26,BOS,HOU,1,114,93,21,3,1,3,-2,Fewer,8,8,1.0,6,2,17,15
0022500729,2025-26,NOP,MIL,0,137,141,-4,2,2,1,1,More,4,3,0.75,4,0,29,20
0022500729,2025-26,MIL,NOP,1,141,137,4,1,1,2,-1,Fewer,4,3,0.75,4,0,10,8
0022500730,2025-26,OKC,SAS,0,106,116,-10,0,0,2,-2,Fewer,0,0,,3,-3,14,13
0022500730,2025-26,SAS,OKC,1,116,106,10,2,2,0,2,More,3,2,0.6666666666666666,0,3,20,12
0022500731,2025-26,SAC,MEM,0,125,129,-4,4,4,0,4,More,20,16,0.8,12,8,28,24
0022500731,2025-26,MEM,SAC,1,129,125,4,3,0,4,-4,Fewer,12,8,0.6666666666666666,20,-8,28,21
0022500732,2025-26,LAC,CLE,0,91,124,-33,0,0,0,0,Tied,0,0,,0,0,12,11
0022500732,2025-26,CLE,LAC,1,124,91,33,0,0,0,0,Tied,0,0,,0,0,13,8
0022500733,2025-26,DET,WAS,0,117,126,-9,4,4,0,4,More,18,15,0.8333333333333334,5,13,33,26
0022500733,2025-26,WAS,DET,1,126,117,9,2,0,4,-4,Fewer,5,1,0.2,18,-13,17,9
0022500734,2025-26,ORL,BKN,1,118,98,20,3,2,2,0,Tied,8,6,0.75,8,0,25,19
0022500734,2025-26,BKN,ORL,0,98,118,-20,3,2,2,0,Tied,8,4,0.5,8,0,28,18
0022500735,2025-26,UTA,ATL,0,119,121,-2,1,0,3,-3,Fewer,2,1,0.5,10,-8,19,12
0022500735,2025-26,ATL,UTA,1,121,119,2,3,3,0,3,More,10,9,0.9,2,8,23,17
0022500736,2025-26,CHI,TOR,0,107,123,-16,0,0,1,-1,Fewer,0,0,,2,-2,8,7
0022500736,2025-26,TOR,CHI,1,123,107,16,1,1,0,1,More,2,1,0.5,0,2,13,11
0022500737,2025-26,HOU,CHA,0,99,109,-10,1,1,0,1,More,4,3,0.75,6,-2,18,14
0022500737,2025-26,CHA,HOU,1,109,99,10,1,0,1,-1,Fewer,6,6,1.0,4,2,22,20
0022500738,2025-26,SAS,DAL,1,135,123,12,2,1,1,0,Tied,10,9,0.9,6,4,25,22
0022500738,2025-26,DAL,SAS,0,123,135,-12,2,1,1,0,Tied,6,6,1.0,10,-4,20,17
0022500739,2025-26,GSW,PHX,1,101,97,4,1,1,0,1,More,6,5,0.8333333333333334,0,6,19,15
0022500739,2025-26,PHX,GSW,0,97,101,-4,0,0,1,-1,Fewer,0,0,,6,-6,6,5
0022500740,2025-26,PHI,LAL,0,115,119,-4,1,1,2,-1,Fewer,6,5,0.8333333333333334,10,-4,22,19
0022500740,2025-26,LAL,PHI,1,119,115,4,3,2,1,1,More,10,7,0.7,6,4,26,21
0022500741,2025-26,BOS,MIA,1,98,96,2,2,2,0,2,More,8,6,0.75,4,4,23,18
0022500741,2025-26,MIA,BOS,0,96,98,-2,1,0,2,-2,Fewer,4,1,0.25,8,-4,15,10
0022500742,2025-26,DET,NYK,1,118,80,38,0,0,2,-2,Fewer,0,0,,5,-5,14,12
0022500742,2025-26,NYK,DET,0,80,118,-38,2,2,0,2,More,5,3,0.6,0,5,17,14
0022500743,2025-26,IND,MIL,0,99,105,-6,1,1,1,0,Tied,6,4,0.6666666666666666,1,5,20,16
0022500743,2025-26,MIL,IND,1,105,99,6,1,1,1,0,Tied,1,1,1.0,6,-5,6,4
0022500744,2025-26,NOP,MIN,1,119,115,4,3,3,1,2,More,9,9,1.0,9,0,22,18
0022500744,2025-26,MIN,NOP,0,115,119,-4,3,1,3,-2,Fewer,9,8,0.8888888888888888,9,0,25,21
0022500745,2025-26,MEM,POR,0,115,135,-20,2,2,1,1,More,9,6,0.6666666666666666,6,3,21,16
0022500745,2025-26,POR,MEM,1,135,115,20,2,1,2,-1,Fewer,6,6,1.0,9,-3,21,20
0022500746,2025-26,LAC,SAC,1,114,111,3,3,2,2,0,Tied,20,16,0.8,5,15,35,30
0022500746,2025-26,SAC,LAC,0,111,114,-3,2,2,2,0,Tied,5,4,0.8,20,-15,22,19
0022500747,2025-26,BKN,WAS,1,127,113,14,2,2,2,0,Tied,7,5,0.7142857142857143,8,-1,19,14
0022500747,2025-26,WAS,BKN,0,113,127,-14,3,2,2,0,Tied,8,8,1.0,7,1,28,26
0022500748,2025-26,OKC,HOU,0,106,112,-6,3,2,1,1,More,14,8,0.5714285714285714,10,4,28,18
0022500748,2025-26,HOU,OKC,1,112,106,6,2,1,2,-1,Fewer,10,9,0.9,14,-4,27,20
0022500749,2025-26,DAL,SAS,0,125,138,-13,1,1,1,0,Tied,6,3,0.5,7,-1,24,18
0022500749,2025-26,SAS,DAL,1,138,125,13,2,1,1,0,Tied,7,4,0.5714285714285714,6,1,20,14
0022500750,2025-26,UTA,ORL,0,117,120,-3,3,1,2,-1,Fewer,6,4,0.6666666666666666,18,-12,21,17
0022500750,2025-26,ORL,UTA,1,120,117,3,2,2,1,1,More,18,13,0.7222222222222222,6,12,43,35
0022500751,2025-26,CHA,ATL,1,126,119,7,1,0,2,-2,Fewer,6,6,1.0,4,2,16,16
0022500751,2025-26,ATL,CHA,0,119,126,-7,2,2,0,2,More,4,4,1.0,6,-2,16,14
0022500752,2025-26,DEN,CHI,1,136,120,16,4,3,1,2,More,13,8,0.6153846153846154,2,11,33,22
0022500752,2025-26,CHI,DEN,0,120,136,-16,1,1,3,-2,Fewer,2,1,0.5,13,-11,19,17
0022500753,2025-26,LAL,GSW,1,105,99,6,3,3,0,3,More,16,13,0.8125,0,16,29,23
0022500753,2025-26,GSW,LAL,0,99,105,-6,0,0,3,-3,Fewer,0,0,,16,-16,11,7
0022500754,2025-26,PHX,PHI,0,103,109,-6,3,2,2,0,Tied,15,13,0.8666666666666667,16,-1,31,26
0022500754,2025-26,PHI,PHX,1,109,103,6,2,2,2,0,Tied,16,12,0.75,15,1,34,28
0022500755,2025-26,POR,MEM,1,122,115,7,1,0,3,-3,Fewer,2,2,1.0,9,-7,13,8
0022500755,2025-26,MEM,POR,0,115,122,-7,3,3,0,3,More,9,4,0.4444444444444444,2,7,20,14
0022500756,2025-26,SAC,CLE,0,126,132,-6,0,0,2,-2,Fewer,0,0,,14,-14,20,14
0022500756,2025-26,CLE,SAC,1,132,126,6,2,2,0,2,More,14,14,1.0,0,14,32,29
0022500757,2025-26,BOS,NYK,0,89,111,-22,1,0,2,-2,Fewer,1,1,1.0,12,-11,14,13
0022500757,2025-26,NYK,BOS,1,111,89,22,2,2,0,2,More,12,6,0.5,1,11,24,17
0022500758,2025-26,WAS,MIA,0,101,132,-31,2,2,1,1,More,5,4,0.8,5,0,14,10
0022500758,2025-26,MIA,WAS,1,132,101,31,2,1,2,-1,Fewer,5,5,1.0,5,0,14,12
0022500759,2025-26,IND,TOR,0,104,122,-18,2,1,3,-2,Fewer,5,5,1.0,10,-5,14,12
0022500759,2025-26,TOR,IND,1,122,104,18,3,3,1,2,More,10,7,0.7,5,5,29,20
0022500760,2025-26,MIN,LAC,0,96,115,-19,1,0,2,-2,Fewer,7,3,0.42857142857142855,13,-6,21,14
0022500760,2025-26,LAC,MIN,1,115,96,19,2,2,0,2,More,13,11,0.8461538461538461,7,6,28,23
0022500761,2025-26,DET,CHA,1,110,104,6,4,2,2,0,Tied,14,11,0.7857142857142857,6,8,27,22
0022500761,2025-26,CHA,DET,0,104,110,-6,3,2,2,0,Tied,6,6,1.0,14,-8,17,17
0022500762,2025-26,BKN,CHI,1,123,115,8,3,2,2,0,Tied,8,6,0.75,12,-4,31,21
0022500762,2025-26,CHI,BKN,0,115,123,-8,3,2,2,0,Tied,12,9,0.75,8,4,32,25
0022500763,2025-26,MIA,UTA,0,111,115,-4,3,3,1,2,More,20,12,0.6,10,10,41,27
0022500763,2025-26,UTA,MIA,1,115,111,4,4,1,3,-2,Fewer,10,8,0.8,20,-10,31,27
0022500764,2025-26,MIL,ORL,0,99,118,-19,2,1,2,-1,Fewer,4,3,0.75,7,-3,20,14
0022500764,2025-26,ORL,MIL,1,118,99,19,2,2,1,1,More,7,7,1.0,4,3,26,23
0022500765,2025-26,MIN,ATL,1,138,116,22,3,2,2,0,Tied,9,6,0.6666666666666666,16,-7,21,12
0022500765,2025-26,ATL,MIN,0,116,138,-22,2,2,2,0,Tied,16,13,0.8125,9,7,28,22
0022500766,2025-26,NOP,SAC,1,120,94,26,1,1,0,1,More,1,0,0.0,0,1,15,9
0022500766,2025-26,SAC,NOP,0,94,120,-26,0,0,1,-1,Fewer,0,0,,1,-1,14,10
0022500767,2025-26,CLE,DEN,1,119,117,2,3,1,3,-2,Fewer,12,11,0.9166666666666666,22,-10,22,18
0022500767,2025-26,DEN,CLE,0,117,119,-2,3,3,1,2,More,22,19,0.8636363636363636,12,10,35,28
0022500768,2025-26,MEM,GSW,0,113,114,-1,2,2,1,1,More,9,6,0.6666666666666666,10,-1,24,19
0022500768,2025-26,GSW,MEM,1,114,113,1,3,1,2,-1,Fewer,10,8,0.8,9,1,19,15
0022500769,2025-26,LAL,OKC,0,110,119,-9,1,1,2,-1,Fewer,5,4,0.8,14,-9,23,16
0022500769,2025-26,OKC,LAL,1,119,110,9,3,2,1,1,More,14,13,0.9285714285714286,5,9,28,20
0022500770,2025-26,POR,PHI,1,135,118,17,2,1,3,-2,Fewer,10,9,0.9,18,-8,25,19
0022500770,2025-26,PHI,POR,0,118,135,-17,4,3,1,2,More,18,14,0.7777777777777778,10,8,36,31
0022500771,2025-26,IND,NYK,1,137,134,3,3,3,2,1,More,16,11,0.6875,14,2,26,19
0022500771,2025-26,NYK,IND,0,134,137,-3,5,2,3,-1,Fewer,14,11,0.7857142857142857,16,-2,27,20
0022500772,2025-26,HOU,LAC,1,102,95,7,1,0,1,-1,Fewer,4,3,0.75,5,-1,18,16
0022500772,2025-26,LAC,HOU,0,95,102,-7,1,1,0,1,More,5,3,0.6,4,1,23,15
0022500773,2025-26,PHX,DAL,1,120,111,9,0,0,4,-4,Fewer,0,0,,21,-21,9,6
0022500773,2025-26,DAL,PHX,0,111,120,-9,4,4,0,4,More,21,14,0.6666666666666666,0,21,43,31
0022500774,2025-26,SAS,LAL,1,136,108,28,2,2,1,1,More,10,9,0.9,9,1,25,19
0022500774,2025-26,LAL,SAS,0,108,136,-28,1,1,2,-1,Fewer,9,6,0.6666666666666666,10,-1,19,14
0022500775,2025-26,CHA,ATL,1,110,107,3,3,1,3,-2,Fewer,11,11,1.0,7,4,28,24
0022500775,2025-26,ATL,CHA,0,107,110,-3,3,3,1,2,More,7,5,0.7142857142857143,11,-4,29,22
0022500776,2025-26,WAS,CLE,0,113,138,-25,1,1,2,-1,Fewer,4,4,1.0,12,-8,17,14
0022500776,2025-26,CLE,WAS,1,138,113,25,3,2,1,1,More,12,9,0.75,4,8,36,31
0022500777,2025-26,ORL,MIL,0,108,116,-8,2,1,3,-2,Fewer,6,6,1.0,15,-9,19,16
0022500777,2025-26,MIL,ORL,1,116,108,8,3,3,1,2,More,15,15,1.0,6,9,24,24
0022500778,2025-26,CHI,BOS,0,105,124,-19,1,1,2,-1,Fewer,1,1,1.0,7,-6,13,11
0022500778,2025-26,BOS,CHI,1,124,105,19,3,2,1,1,More,7,5,0.7142857142857143,1,6,13,8
0022500779,2025-26,BKN,IND,0,110,115,-5,2,2,2,0,Tied,6,5,0.8333333333333334,8,-2,26,20
0022500779,2025-26,IND,BKN,1,115,110,5,2,2,2,0,Tied,8,6,0.75,6,2,14,10
0022500780,2025-26,NYK,PHI,1,138,89,49,1,1,1,0,Tied,9,7,0.7777777777777778,4,5,27,22
0022500780,2025-26,PHI,NYK,0,89,138,-49,2,1,1,0,Tied,4,3,0.75,9,-5,21,17
0022500781,2025-26,TOR,DET,0,95,113,-18,2,2,2,0,Tied,8,8,1.0,10,-2,23,21
0022500781,2025-26,DET,TOR,1,113,95,18,3,2,2,0,Tied,10,6,0.6,8,2,25,17
0022500782,2025-26,HOU,LAC,0,102,105,-3,2,1,1,0,Tied,4,2,0.5,11,-7,18,14
0022500782,2025-26,LAC,HOU,1,105,102,3,2,1,1,0,Tied,11,10,0.9090909090909091,4,7,26,22
0022500783,2025-26,MIN,POR,1,133,109,24,2,2,0,2,More,16,14,0.875,6,10,33,27
0022500783,2025-26,POR,MIN,0,109,133,-24,1,0,2,-2,Fewer,6,3,0.5,16,-10,16,13
0022500784,2025-26,NOP,MIA,0,111,123,-12,0,0,4,-4,Fewer,0,0,,13,-13,19,16
0022500784,2025-26,MIA,NOP,1,123,111,12,4,4,0,4,More,13,10,0.7692307692307693,0,13,26,19
0022500785,2025-26,OKC,PHX,1,136,109,27,2,2,0,2,More,3,2,0.6666666666666666,0,3,18,16
0022500785,2025-26,PHX,OKC,0,109,136,-27,0,0,2,-2,Fewer,0,0,,3,-3,13,8
0022500786,2025-26,UTA,SAC,1,121,93,28,1,0,2,-2,Fewer,4,4,1.0,8,-4,13,12
0022500786,2025-26,SAC,UTA,0,93,121,-28,2,2,0,2,More,8,6,0.75,4,4,28,23
0022500787,2025-26,DEN,MEM,1,122,116,6,4,4,0,4,More,25,20,0.8,3,22,32,26
0022500787,2025-26,MEM,DEN,0,116,122,-6,2,0,4,-4,Fewer,3,2,0.6666666666666666,25,-22,21,17
0022500788,2025-26,GSW,SAS,0,113,126,-13,3,2,1,1,More,5,3,0.6,16,-11,17,13
0022500788,2025-26,SAS,GSW,1,126,113,13,3,1,2,-1,Fewer,16,14,0.875,5,11,28,24
0022500789,2025-26,MIL,OKC,1,110,93,17,1,1,1,0,Tied,1,1,1.0,2,-1,7,5
0022500789,2025-26,OKC,MIL,0,93,110,-17,1,1,1,0,Tied,2,2,1.0,1,1,20,16
0022500790,2025-26,POR,UTA,1,135,119,16,1,1,2,-1,Fewer,10,8,0.8,13,-3,31,24
0022500790,2025-26,UTA,POR,0,119,135,-16,3,2,1,1,More,13,9,0.6923076923076923,10,3,29,21
0022500791,2025-26,LAL,DAL,1,124,104,20,3,2,1,1,More,6,6,1.0,10,-4,21,18
0022500791,2025-26,DAL,LAL,0,104,124,-20,2,1,2,-1,Fewer,10,7,0.7,6,4,25,19
0022500792,2025-26,CHA,HOU,0,101,105,-4,1,1,3,-2,Fewer,2,1,0.5,6,-4,18,15
0022500792,2025-26,HOU,CHA,1,105,101,4,3,3,1,2,More,6,5,0.8333333333333334,2,4,13,12
0022500793,2025-26,BKN,CLE,0,84,112,-28,1,1,2,-1,Fewer,2,2,1.0,5,-3,14,9
0022500793,2025-26,CLE,BKN,1,112,84,28,2,2,1,1,More,5,4,0.8,2,3,20,12
0022500794,2025-26,PHI,ATL,0,107,117,-10,3,2,2,0,Tied,11,7,0.6363636363636364,20,-9,34,27
0022500794,2025-26,ATL,PHI,1,117,107,10,4,2,2,0,Tied,20,16,0.8,11,9,39,30
0022500795,2025-26,WAS,IND,1,112,105,7,3,3,0,3,More,8,5,0.625,8,0,20,15
0022500795,2025-26,IND,WAS,0,105,112,-7,1,0,3,-3,Fewer,8,5,0.625,8,0,26,21
0022500796,2025-26,DET,NYK,1,126,111,15,3,3,1,2,More,7,7,1.0,10,-3,20,17
0022500796,2025-26,NYK,DET,0,111,126,-15,3,1,3,-2,Fewer,10,9,0.9,7,3,28,21
0022500797,2025-26,TOR,CHI,1,110,101,9,3,2,1,1,More,7,6,0.8571428571428571,5,2,30,26
0022500797,2025-26,CHI,TOR,0,101,110,-9,2,1,2,-1,Fewer,5,3,0.6,7,-2,19,15
0022500798,2025-26,SAS,PHX,1,121,94,27,1,1,0,1,More,2,2,1.0,0,2,20,18
0022500798,2025-26,PHX,SAS,0,94,121,-27,0,0,1,-1,Fewer,0,0,,2,-2,6,4
0022500799,2025-26,GSW,BOS,0,110,121,-11,0,0,0,0,Tied,0,0,,0,0,8,4
0022500799,2025-26,BOS,GSW,1,121,110,11,0,0,0,0,Tied,0,0,,0,0,7,6
0022500800,2025-26,SAC,ORL,0,94,131,-37,2,2,0,2,More,4,3,0.75,2,2,19,15
0022500800,2025-26,ORL,SAC,1,131,94,37,1,0,2,-2,Fewer,2,2,1.0,4,-2,17,14
0022500801,2025-26,LAC,DEN,1,115,114,1,1,1,1,0,Tied,18,16,0.8888888888888888,13,5,30,25
0022500801,2025-26,DEN,LAC,0,114,115,-1,2,1,1,0,Tied,13,8,0.6153846153846154,18,-5,30,22
0022500802,2025-26,CLE,CHA,1,118,113,5,3,2,2,0,Tied,14,14,1.0,10,4,28,26
0022500802,2025-26,CHA,CLE,0,113,118,-5,3,2,2,0,Tied,10,10,1.0,14,-4,22,21
0022500803,2025-26,IND,WAS,0,118,131,-13,1,1,0,1,More,2,2,1.0,0,2,21,14
0022500803,2025-26,WAS,IND,1,131,118,13,0,0,1,-1,Fewer,0,0,,2,-2,19,15
0022500804,2025-26,MEM,UTA,1,123,114,9,4,3,1,2,More,15,9,0.6,9,6,32,20
0022500804,2025-26,UTA,MEM,0,114,123,-9,2,1,3,-2,Fewer,9,5,0.5555555555555556,15,-6,16,9
0022500805,2025-26,ATL,MIA,0,97,128,-31,2,1,1,0,Tied,9,6,0.6666666666666666,3,6,15,9
0022500805,2025-26,MIA,ATL,1,128,97,31,1,1,1,0,Tied,3,2,0.6666666666666666,9,-6,14,11
0022500806,2025-26,DAL,MIN,0,111,122,-11,3,2,1,1,More,9,7,0.7777777777777778,6,3,27,19
0022500806,2025-26,MIN,DAL,1,122,111,11,2,1,2,-1,Fewer,6,6,1.0,9,-3,19,12
0022500807,2025-26,NOP,MIL,0,118,139,-21,2,1,2,-1,Fewer,4,2,0.5,4,0,27,20
0022500807,2025-26,MIL,NOP,1,139,118,21,2,2,1,1,More,4,3,0.75,4,0,18,14
0022500808,2025-26,BKN,OKC,0,86,105,-19,2,1,3,-2,Fewer,6,6,1.0,11,-5,23,20
0022500808,2025-26,OKC,BKN,1,105,86,19,4,3,1,2,More,11,10,0.9090909090909091,6,5,24,21
0022500809,2025-26,LAL,LAC,1,125,122,3,2,1,2,-1,Fewer,8,6,0.75,16,-8,21,16
0022500809,2025-26,LAC,LAL,0,122,125,-3,3,2,1,1,More,16,12,0.75,8,8,29,24
0022500810,2025-26,POR,DEN,0,103,157,-54,2,1,2,-1,Fewer,15,9,0.6,14,1,29,18
0022500810,2025-26,DEN,POR,1,157,103,54,2,2,1,1,More,14,13,0.9285714285714286,15,-1,31,25
0022500811,2025-26,PHX,ORL,1,113,110,3,1,1,2,-1,Fewer,4,4,1.0,6,-2,23,16
0022500811,2025-26,ORL,PHX,0,110,113,-3,2,2,1,1,More,6,6,1.0,4,2,19,16
0022500812,2025-26,PHI,NOP,0,111,126,-15,4,1,3,-2,Fewer,11,9,0.8181818181818182,15,-4,33,27
0022500812,2025-26,NOP,PHI,1,126,111,15,4,3,1,2,More,15,11,0.7333333333333333,11,4,36,27
0022500813,2025-26,MEM,MIA,0,120,136,-16,2,1,3,-2,Fewer,9,4,0.4444444444444444,11,-2,22,15
0022500813,2025-26,MIA,MEM,1,136,120,16,3,3,1,2,More,11,11,1.0,9,2,33,25
0022500814,2025-26,DET,CHI,1,126,110,16,1,1,3,-2,Fewer,4,3,0.75,10,-6,14,10
0022500814,2025-26,CHI,DET,0,110,126,-16,3,3,1,2,More,10,9,0.9,4,6,23,16
0022500815,2025-26,SAC,SAS,0,122,139,-17,2,1,2,-1,Fewer,6,5,0.8333333333333334,16,-10,25,23
0022500815,2025-26,SAS,SAC,1,139,122,17,2,2,1,1,More,16,13,0.8125,6,10,27,22
0022500816,2025-26,HOU,NYK,0,106,108,-2,2,2,2,0,Tied,9,8,0.8888888888888888,8,1,23,18
0022500816,2025-26,NYK,HOU,1,108,106,2,3,2,2,0,Tied,8,7,0.875,9,-1,15,13
0022500817,2025-26,CLE,OKC,0,113,121,-8,2,2,2,0,Tied,4,4,1.0,14,-10,19,14
0022500817,2025-26,OKC,CLE,1,121,113,8,3,2,2,0,Tied,14,8,0.5714285714285714,4,10,24,15
0022500818,2025-26,BKN,ATL,0,104,115,-11,0,0,2,-2,Fewer,0,0,,6,-6,22,16
0022500818,2025-26,ATL,BKN,1,115,104,11,2,2,0,2,More,6,4,0.6666666666666666,0,6,21,18
0022500819,2025-26,TOR,MIL,1,122,94,28,2,1,3,-2,Fewer,1,1,1.0,7,-6,19,16
0022500819,2025-26,MIL,TOR,0,94,122,-28,3,3,1,2,More,7,6,0.8571428571428571,1,6,19,15
0022500820,2025-26,DEN,GSW,0,117,128,-11,3,3,0,3,More,20,17,0.85,2,18,28,25
0022500820,2025-26,GSW,DEN,1,128,117,11,1,0,3,-3,Fewer,2,2,1.0,20,-18,11,10
0022500821,2025-26,IND,DAL,0,130,134,-4,1,0,2,-2,Fewer,2,2,1.0,12,-10,18,14
0022500821,2025-26,DAL,IND,1,134,130,4,2,2,0,2,More,12,6,0.5,2,10,32,21
0022500822,2025-26,CHA,WAS,1,129,112,17,2,2,0,2,More,7,5,0.7142857142857143,4,3,25,18
0022500822,2025-26,WAS,CHA,0,112,129,-17,1,0,2,-2,Fewer,4,3,0.75,7,-3,17,12
0022500823,2025-26,LAL,BOS,0,89,111,-22,2,2,1,1,More,7,7,1.0,8,-1,18,12
0022500823,2025-26,BOS,LAL,1,111,89,22,1,1,2,-1,Fewer,8,6,0.75,7,1,18,15
0022500824,2025-26,MIN,PHI,0,108,135,-27,3,3,1,2,More,14,13,0.9285714285714286,3,11,35,29
0022500824,2025-26,PHI,MIN,1,135,108,27,2,1,3,-2,Fewer,3,2,0.6666666666666666,14,-11,21,14
0022500825,2025-26,CHI,NYK,0,99,105,-6,2,1,2,-1,Fewer,4,1,0.25,4,0,21,15
0022500825,2025-26,NYK,CHI,1,105,99,6,2,2,1,1,More,4,3,0.75,4,0,21,14
0022500826,2025-26,POR,PHX,1,92,77,15,1,1,0,1,More,2,0,0.0,2,0,11,6
0022500826,2025-26,PHX,POR,0,77,92,-15,1,0,1,-1,Fewer,2,2,1.0,2,0,6,6
0022500827,2025-26,ORL,LAC,1,111,109,2,3,2,1,1,More,5,3,0.6,6,-1,27,20
0022500827,2025-26,LAC,ORL,0,109,111,-2,2,1,2,-1,Fewer,6,5,0.8333333333333334,5,1,27,23
0022500828,2025-26,DET,SAS,0,103,114,-11,2,2,2,0,Tied,7,5,0.7142857142857143,6,1,18,15
0022500828,2025-26,SAS,DET,1,114,103,11,3,2,2,0,Tied,6,5,0.8333333333333334,7,-1,19,12
0022500829,2025-26,SAC,MEM,1,123,114,9,2,2,1,1,More,4,3,0.75,5,-1,24,18
0022500829,2025-26,MEM,SAC,0,114,123,-9,2,1,2,-1,Fewer,5,5,1.0,4,1,17,15
0022500830,2025-26,UTA,HOU,0,105,125,-20,4,3,1,2,More,6,6,1.0,2,4,30,25
0022500830,2025-26,HOU,UTA,1,125,105,20,1,1,3,-2,Fewer,2,2,1.0,6,-4,11,9
0022500831,2025-26,PHI,IND,1,135,114,21,3,2,2,0,Tied,10,8,0.8,11,-1,24,20
0022500831,2025-26,IND,PHI,0,114,135,-21,3,2,2,0,Tied,11,10,0.9090909090909091,10,1,22,19
0022500832,2025-26,ATL,WAS,1,119,98,21,4,3,1,2,More,12,11,0.9166666666666666,6,6,24,21
0022500832,2025-26,WAS,ATL,0,98,119,-21,2,1,3,-2,Fewer,6,4,0.6666666666666666,12,-6,17,14
0022500833,2025-26,DAL,BKN,1,123,114,9,4,2,2,0,Tied,10,7,0.7,11,-1,24,19
0022500833,2025-26,BKN,DAL,0,114,123,-9,2,2,2,0,Tied,11,8,0.7272727272727273,10,1,27,19
0022500834,2025-26,OKC,TOR,1,116,107,9,2,2,2,0,Tied,4,4,1.0,5,-1,11,9
0022500834,2025-26,TOR,OKC,0,107,116,-9,2,2,2,0,Tied,5,3,0.6,4,1,12,7
0022500835,2025-26,NYK,CLE,0,94,109,-15,1,1,2,-1,Fewer,4,1,0.25,15,-11,20,13
0022500835,2025-26,CLE,NYK,1,109,94,15,2,2,1,1,More,15,13,0.8666666666666667,4,11,29,22
0022500836,2025-26,CHI,CHA,0,99,131,-32,1,1,0,1,More,2,2,1.0,0,2,15,13
0022500836,2025-26,CHA,CHI,1,131,99,32,0,0,1,-1,Fewer,0,0,,2,-2,9,8
0022500837,2025-26,MIL,MIA,1,128,117,11,2,1,2,-1,Fewer,5,4,0.8,12,-7,19,16
0022500837,2025-26,MIA,MIL,0,117,128,-11,2,2,1,1,More,12,8,0.6666666666666666,5,7,26,20
0022500838,2025-26,NOP,GSW,1,113,109,4,2,2,0,2,More,9,7,0.7777777777777778,9,0,22,16
0022500838,2025-26,GSW,NOP,0,109,113,-4,1,0,2,-2,Fewer,9,7,0.7777777777777778,9,0,22,18
0022500839,2025-26,PHX,BOS,0,81,97,-16,1,1,1,0,Tied,2,2,1.0,6,-4,13,11
0022500839,2025-26,BOS,PHX,1,97,81,16,1,1,1,0,Tied,6,6,1.0,2,4,9,8
0022500840,2025-26,ORL,LAL,1,110,109,1,2,0,3,-3,Fewer,4,4,1.0,6,-2,23,17
0022500840,2025-26,LAL,ORL,0,109,110,-1,3,3,0,3,More,6,2,0.3333333333333333,4,2,27,19
0022500841,2025-26,MIN,POR,1,124,121,3,2,0,3,-3,Fewer,6,4,0.6666666666666666,18,-12,19,13
0022500841,2025-26,POR,MIN,0,121,124,-3,3,3,0,3,More,18,15,0.8333333333333334,6,12,27,21
0022500842,2025-26,DET,OKC,1,124,116,8,3,2,2,0,Tied,10,8,0.8,13,-3,23,16
0022500842,2025-26,OKC,DET,0,116,124,-8,3,2,2,0,Tied,13,13,1.0,10,3,21,20
0022500843,2025-26,SAS,TOR,1,110,107,3,3,2,1,1,More,10,4,0.4,10,0,22,12
0022500843,2025-26,TOR,SAS,0,107,110,-3,2,1,2,-1,Fewer,10,9,0.9,10,0,27,23
0022500844,2025-26,GSW,MEM,1,133,112,21,3,3,1,2,More,9,7,0.7777777777777778,4,5,18,15
0022500844,2025-26,MEM,GSW,0,112,133,-21,2,1,3,-2,Fewer,4,3,0.75,9,-5,18,13
0022500845,2025-26,HOU,SAC,1,128,97,31,3,2,1,1,More,5,5,1.0,2,3,17,16
0022500845,2025-26,SAC,HOU,0,97,128,-31,1,1,2,-1,Fewer,2,1,0.5,5,-3,20,16
0022500846,2025-26,MIL,CLE,1,118,116,2,0,0,3,-3,Fewer,0,0,,14,-14,5,3
0022500846,2025-26,CLE,MIL,0,116,118,-2,3,3,0,3,More,14,11,0.7857142857142857,0,14,27,20
0022500847,2025-26,DEN,BOS,1,103,84,19,2,2,1,1,More,10,5,0.5,4,6,18,10
0022500847,2025-26,BOS,DEN,0,84,103,-19,1,1,2,-1,Fewer,4,4,1.0,10,-6,18,14
0022500848,2025-26,CHA,IND,1,133,109,24,0,0,2,-2,Fewer,0,0,,4,-4,19,15
0022500848,2025-26,IND,CHA,0,109,133,-24,2,2,0,2,More,4,4,1.0,0,4,20,16
0022500849,2025-26,MIA,PHI,0,117,124,-7,2,2,0,2,More,13,10,0.7692307692307693,2,11,25,19
0022500849,2025-26,PHI,MIA,1,124,117,7,1,0,2,-2,Fewer,2,2,1.0,13,-11,18,17
0022500850,2025-26,ATL,WAS,1,126,96,30,3,3,0,3,More,13,10,0.7692307692307693,0,13,36,29
0022500850,2025-26,WAS,ATL,0,96,126,-30,0,0,3,-3,Fewer,0,0,,13,-13,16,15
0022500851,2025-26,SAS,BKN,1,126,110,16,1,1,2,-1,Fewer,7,6,0.8571428571428571,6,1,27,23
0022500851,2025-26,BKN,SAS,0,110,126,-16,2,2,1,1,More,6,4,0.6666666666666666,7,-1,17,15
0022500852,2025-26,HOU,ORL,1,113,108,5,3,2,1,1,More,9,8,0.8888888888888888,6,3,19,15
0022500852,2025-26,ORL,HOU,0,108,113,-5,1,1,2,-1,Fewer,6,4,0.6666666666666666,9,-3,21,13
0022500853,2025-26,POR,CHI,1,121,112,9,1,1,1,0,Tied,10,9,0.9,10,0,31,27
0022500853,2025-26,CHI,POR,0,112,121,-9,1,1,1,0,Tied,10,7,0.7,10,0,29,22
0022500854,2025-26,SAC,DAL,1,130,121,9,1,0,4,-4,Fewer,2,1,0.5,9,-7,25,20
0022500854,2025-26,DAL,SAC,0,121,130,-9,4,4,0,4,More,9,5,0.5555555555555556,2,7,34,21
0022500855,2025-26,LAL,PHX,0,110,113,-3,3,3,0,3,More,11,10,0.9090909090909091,6,5,26,23
0022500855,2025-26,PHX,LAL,1,113,110,3,2,0,3,-3,Fewer,6,5,0.8333333333333334,11,-5,13,10
0022500856,2025-26,NOP,UTA,1,129,118,11,3,3,1,2,More,11,10,0.9090909090909091,8,3,27,24
0022500856,2025-26,UTA,NOP,0,118,129,-11,3,1,3,-2,Fewer,8,5,0.625,11,-3,24,16
0022500857,2025-26,LAC,MIN,0,88,94,-6,2,1,2,-1,Fewer,6,6,1.0,4,2,27,22
0022500857,2025-26,MIN,LAC,1,94,88,6,2,2,1,1,More,4,3,0.75,6,-2,18,13
0022500858,2025-26,DET,CLE,1,122,119,3,2,1,3,-2,Fewer,15,9,0.6,15,0,33,24
0022500858,2025-26,CLE,DET,0,119,122,-3,4,3,1,2,More,15,12,0.8,15,0,27,20
0022500859,2025-26,BOS,BKN,1,148,111,37,3,3,1,2,More,14,13,0.9285714285714286,3,11,27,22
0022500859,2025-26,BKN,BOS,0,111,148,-37,2,1,3,-2,Fewer,3,3,1.0,14,-11,16,11
0022500860,2025-26,NYK,MIL,1,127,98,29,1,0,2,-2,Fewer,4,4,1.0,11,-7,16,14
0022500860,2025-26,MIL,NYK,0,98,127,-29,2,2,0,2,More,11,8,0.7272727272727273,4,7,21,15
0022500861,2025-26,MEM,DAL,1,124,105,19,2,1,3,-2,Fewer,4,4,1.0,16,-12,21,18
0022500861,2025-26,DAL,MEM,0,105,124,-19,3,3,1,2,More,16,11,0.6875,4,12,33,22
0022500862,2025-26,OKC,DEN,1,127,121,6,3,3,2,1,More,14,14,1.0,4,10,26,22
0022500862,2025-26,DEN,OKC,0,121,127,-6,2,2,3,-1,Fewer,4,4,1.0,14,-10,16,13
0022500863,2025-26,POR,CHA,0,93,109,-16,3,2,1,1,More,10,6,0.6,7,3,19,12
0022500863,2025-26,CHA,POR,1,109,93,16,3,1,2,-1,Fewer,7,6,0.8571428571428571,10,-3,23,16
0022500864,2025-26,HOU,MIA,0,105,115,-10,2,2,2,0,Tied,5,4,0.8,7,-2,21,14
0022500864,2025-26,MIA,HOU,1,115,105,10,2,2,2,0,Tied,7,5,0.7142857142857143,5,2,20,14
0022500865,2025-26,TOR,WAS,1,134,125,9,3,2,1,1,More,8,7,0.875,9,-1,27,23
0022500865,2025-26,WAS,TOR,0,125,134,-9,2,1,2,-1,Fewer,9,7,0.7777777777777778,8,1,21,15
0022500866,2025-26,GSW,LAL,0,101,129,-28,0,0,3,-3,Fewer,0,0,,7,-7,9,7
0022500866,2025-26,LAL,GSW,1,129,101,28,3,3,0,3,More,7,6,0.8571428571428571,0,7,20,14
0022500867,2025-26,UTA,NOP,0,105,115,-10,2,2,2,0,Tied,10,9,0.9,8,2,31,27
0022500867,2025-26,NOP,UTA,1,115,105,10,3,2,2,0,Tied,8,6,0.75,10,-2,29,21
0022500868,2025-26,NYK,SAS,1,114,89,25,3,2,1,1,More,8,6,0.75,4,4,16,9
0022500868,2025-26,SAS,NYK,0,89,114,-25,1,1,2,-1,Fewer,4,3,0.75,8,-4,22,16
0022500869,2025-26,CLE,BKN,1,106,102,4,3,3,0,3,More,21,15,0.7142857142857143,8,13,37,25
0022500869,2025-26,BKN,CLE,0,102,106,-4,2,0,3,-3,Fewer,8,7,0.875,21,-13,20,15
0022500870,2025-26,CHI,MIL,1,120,97,23,1,1,0,1,More,4,4,1.0,1,3,22,15
0022500870,2025-26,MIL,CHI,0,97,120,-23,1,0,1,-1,Fewer,1,1,1.0,4,-3,17,14
0022500871,2025-26,MIN,DEN,1,117,108,9,1,1,3,-2,Fewer,1,1,1.0,8,-7,17,9
0022500871,2025-26,DEN,MIN,0,108,117,-9,3,3,1,2,More,8,7,0.875,1,7,27,20
0022500872,2025-26,MEM,IND,1,125,106,19,1,0,2,-2,Fewer,2,2,1.0,4,-2,13,13
0022500872,2025-26,IND,MEM,0,106,125,-19,2,2,0,2,More,4,4,1.0,2,2,19,13
0022500873,2025-26,POR,ATL,0,101,135,-34,2,2,1,1,More,13,11,0.8461538461538461,7,6,26,18
0022500873,2025-26,ATL,POR,1,135,101,34,1,1,2,-1,Fewer,7,5,0.7142857142857143,13,-6,23,18
0022500874,2025-26,PHI,BOS,0,98,114,-16,2,2,2,0,Tied,5,4,0.8,6,-1,22,16
0022500874,2025-26,BOS,PHI,1,114,98,16,2,2,2,0,Tied,6,6,1.0,5,1,18,16
0022500875,2025-26,DET,ORL,1,106,92,14,2,2,1,1,More,6,5,0.8333333333333334,9,-3,24,18
0022500875,2025-26,ORL,DET,0,92,106,-14,2,1,2,-1,Fewer,9,8,0.8888888888888888,6,3,30,24
0022500876,2025-26,DAL,OKC,0,87,100,-13,1,1,2,-1,Fewer,2,1,0.5,6,-4,16,12
0022500876,2025-26,OKC,DAL,1,100,87,13,2,2,1,1,More,6,3,0.5,2,4,14,9
0022500877,2025-26,NOP,LAC,0,117,137,-20,3,2,2,0,Tied,11,7,0.6363636363636364,9,2,30,22
0022500877,2025-26,LAC,NOP,1,137,117,20,3,2,2,0,Tied,9,7,0.7777777777777778,11,-2,27,22
0022500878,2025-26,LAL,SAC,1,128,104,24,1,0,2,-2,Fewer,2,2,1.0,7,-5,20,14
0022500878,2025-26,SAC,LAL,0,104,128,-24,2,2,0,2,More,7,7,1.0,2,5,15,14
0022500879,2025-26,WAS,HOU,0,118,123,-5,1,0,4,-4,Fewer,4,4,1.0,13,-9,13,10
0022500879,2025-26,HOU,WAS,1,123,118,5,4,4,0,4,More,13,10,0.7692307692307693,4,9,28,24
0022500880,2025-26,MIL,BOS,0,81,108,-27,1,1,1,0,Tied,2,2,1.0,0,2,19,14
0022500880,2025-26,BOS,MIL,1,108,81,27,1,1,1,0,Tied,0,0,,2,-2,9,6
0022500881,2025-26,DEN,UTA,1,128,125,3,4,2,2,0,Tied,25,24,0.96,9,16,35,32
0022500881,2025-26,UTA,DEN,0,125,128,-3,2,2,2,0,Tied,9,8,0.8888888888888888,25,-16,26,22
0022500882,2025-26,GSW,LAC,0,101,114,-13,1,1,1,0,Tied,7,4,0.5714285714285714,8,-1,17,12
0022500882,2025-26,LAC,GSW,1,114,101,13,2,1,1,0,Tied,8,7,0.875,7,1,23,21
0022500883,2025-26,DAL,CHA,0,90,117,-27,4,4,0,4,More,26,18,0.6923076923076923,5,21,41,30
0022500883,2025-26,CHA,DAL,1,117,90,27,1,0,4,-4,Fewer,5,2,0.4,26,-21,18,12
0022500884,2025-26,CLE,DET,1,113,109,4,3,2,1,1,More,11,8,0.7272727272727273,7,4,26,20
0022500884,2025-26,DET,CLE,0,109,113,-4,1,1,2,-1,Fewer,7,6,0.8571428571428571,11,-4,29,22
0022500885,2025-26,WAS,ORL,0,109,126,-17,3,2,2,0,Tied,12,8,0.6666666666666666,16,-4,25,16
0022500885,2025-26,ORL,WAS,1,126,109,17,4,2,2,0,Tied,16,14,0.875,12,4,37,32
0022500886,2025-26,MIA,BKN,1,124,98,26,2,1,2,-1,Fewer,5,5,1.0,13,-8,24,21
0022500886,2025-26,BKN,MIA,0,98,124,-26,3,2,1,1,More,13,11,0.8461538461538461,5,8,29,25
0022500887,2025-26,TOR,NYK,0,95,111,-16,2,2,1,1,More,6,6,1.0,2,4,18,16
0022500887,2025-26,NYK,TOR,1,111,95,16,1,1,2,-1,Fewer,2,0,0.0,6,-4,12,9
0022500888,2025-26,PHI,SAS,0,91,131,-40,2,1,2,-1,Fewer,9,7,0.7777777777777778,5,4,17,13
0022500888,2025-26,SAS,PHI,1,131,91,40,2,2,1,1,More,5,4,0.8,9,-4,16,13
0022500889,2025-26,CHI,OKC,0,108,116,-8,0,0,4,-4,Fewer,0,0,,10,-10,18,12
0022500889,2025-26,OKC,CHI,1,116,108,8,4,4,0,4,More,10,8,0.8,0,10,24,20
0022500890,2025-26,MEM,MIN,0,110,117,-7,3,1,3,-2,Fewer,13,11,0.8461538461538461,18,-5,29,23
0022500890,2025-26,MIN,MEM,1,117,110,7,3,3,1,2,More,18,14,0.7777777777777778,13,5,34,27
0022500891,2025-26,NOP,LAL,0,101,110,-9,1,1,2,-1,Fewer,2,2,1.0,9,-7,16,14
0022500891,2025-26,LAL,NOP,1,110,101,9,3,2,1,1,More,9,9,1.0,2,7,25,20
0022500892,2025-26,SAC,PHX,0,103,114,-11,0,0,1,-1,Fewer,0,0,,2,-2,18,14
0022500892,2025-26,PHX,SAC,1,114,103,11,1,1,0,1,More,2,0,0.0,0,2,16,10
0022500893,2025-26,NYK,OKC,0,100,103,-3,2,0,2,-2,Fewer,6,6,1.0,12,-6,22,16
0022500893,2025-26,OKC,NYK,1,103,100,3,2,2,0,2,More,12,11,0.9166666666666666,6,6,24,20
0022500894,2025-26,CHA,BOS,1,118,89,29,1,0,2,-2,Fewer,3,3,1.0,4,-1,20,16
0022500894,2025-26,BOS,CHA,0,89,118,-29,2,2,0,2,More,4,4,1.0,3,1,20,19
0022500895,2025-26,PHI,UTA,1,106,102,4,4,4,0,4,More,14,12,0.8571428571428571,6,8,21,17
0022500895,2025-26,UTA,PHI,0,102,106,-4,2,0,4,-4,Fewer,6,5,0.8333333333333334,14,-8,18,17
0022500896,2025-26,MEM,POR,0,114,122,-8,3,2,2,0,Tied,9,6,0.6666666666666666,8,1,30,20
0022500896,2025-26,POR,MEM,1,122,114,8,2,2,2,0,Tied,8,5,0.625,9,-1,18,11
0022500897,2025-26,MIL,ATL,0,113,131,-18,1,1,0,1,More,6,5,0.8333333333333334,2,4,20,14
0022500897,2025-26,ATL,MIL,1,131,113,18,1,0,1,-1,Fewer,2,1,0.5,6,-4,15,11
0022500898,2025-26,LAC,IND,1,130,107,23,1,1,1,0,Tied,9,6,0.6666666666666666,7,2,21,16
0022500898,2025-26,IND,LAC,0,107,130,-23,2,1,1,0,Tied,7,6,0.8571428571428571,9,-2,29,24
0022500899,2025-26,DAL,ORL,0,114,115,-1,2,2,1,1,More,11,7,0.6363636363636364,2,9,28,22
0022500899,2025-26,ORL,DAL,1,115,114,1,1,1,2,-1,Fewer,2,2,1.0,11,-9,13,11
0022500900,2025-26,WAS,UTA,0,112,122,-10,3,3,0,3,More,18,14,0.7777777777777778,6,12,31,21
0022500900,2025-26,UTA,WAS,1,122,112,10,2,0,3,-3,Fewer,6,4,0.6666666666666666,18,-12,17,12
0022500901,2025-26,MIA,BKN,1,126,110,16,2,2,2,0,Tied,5,4,0.8,4,1,24,21
0022500901,2025-26,BKN,MIA,0,110,126,-16,2,2,2,0,Tied,4,2,0.5,5,-1,18,12
0022500902,2025-26,HOU,GSW,0,113,115,-2,2,1,2,-1,Fewer,10,6,0.6,6,4,14,10
0022500902,2025-26,GSW,HOU,1,115,113,2,2,2,1,1,More,6,5,0.8333333333333334,10,-4,13,10
0022500903,2025-26,TOR,MIN,0,107,115,-8,3,1,2,-1,Fewer,9,5,0.5555555555555556,8,1,23,15
0022500903,2025-26,MIN,TOR,1,115,107,8,2,2,1,1,More,8,6,0.75,9,-1,23,18
0022500904,2025-26,DET,SAS,0,106,121,-15,3,2,2,0,Tied,10,6,0.6,17,-7,29,23
0022500904,2025-26,SAS,DET,1,121,106,15,3,2,2,0,Tied,17,13,0.7647058823529411,10,7,30,24
0022500905,2025-26,CHI,PHX,1,105,103,2,3,1,2,-1,Fewer,8,4,0.5,13,-5,25,16
0022500905,2025-26,PHX,CHI,0,103,105,-2,3,2,1,1,More,13,10,0.7692307692307693,8,5,27,18
0022500906,2025-26,LAL,DEN,0,113,120,-7,1,1,2,-1,Fewer,4,2,0.5,10,-6,15,10
0022500906,2025-26,DEN,LAL,1,120,113,7,2,2,1,1,More,10,10,1.0,4,6,29,26
0022500907,2025-26,SAC,NOP,0,123,133,-10,3,2,2,0,Tied,5,4,0.8,9,-4,23,15
0022500907,2025-26,NOP,SAC,1,133,123,10,3,2,2,0,Tied,9,7,0.7777777777777778,5,4,27,22
0022500908,2025-26,DAL,BOS,0,100,120,-20,0,0,1,-1,Fewer,0,0,,1,-1,11,9
0022500908,2025-26,BOS,DAL,1,120,100,20,1,1,0,1,More,1,1,1.0,0,1,15,10
0022500909,2025-26,CHA,MIA,0,120,128,-8,2,2,2,0,Tied,9,9,1.0,9,0,20,19
0022500909,2025-26,MIA,CHA,1,128,120,8,4,2,2,0,Tied,9,7,0.7777777777777778,9,0,25,20
0022500910,2025-26,HOU,POR,1,106,99,7,3,2,2,0,Tied,12,7,0.5833333333333334,13,-1,26,19
0022500910,2025-26,POR,HOU,0,99,106,-7,3,2,2,0,Tied,13,6,0.46153846153846156,12,1,37,21
0022500911,2025-26,DEN,NYK,0,103,142,-39,2,1,1,0,Tied,10,8,0.8,8,2,29,21
0022500911,2025-26,NYK,DEN,1,142,103,39,1,1,1,0,Tied,8,6,0.75,10,-2,21,16
0022500912,2025-26,PHX,NOP,1,118,116,2,3,2,2,0,Tied,13,9,0.6923076923076923,13,0,26,18
0022500912,2025-26,NOP,PHX,0,116,118,-2,4,2,2,0,Tied,13,11,0.8461538461538461,13,0,37,32
0022500913,2025-26,LAC,SAS,0,112,116,-4,3,2,1,1,More,7,5,0.7142857142857143,6,1,20,16
0022500913,2025-26,SAS,LAC,1,116,112,4,2,1,2,-1,Fewer,6,2,0.3333333333333333,7,-1,14,7
0022500914,2025-26,LAL,IND,1,128,117,11,2,1,2,-1,Fewer,6,6,1.0,13,-7,23,21
0022500914,2025-26,IND,LAL,0,117,128,-11,2,2,1,1,More,13,8,0.6153846153846154,6,7,24,17
0022500915,2025-26,ORL,MIN,1,119,92,27,2,2,2,0,Tied,9,7,0.7777777777777778,18,-9,29,24
0022500915,2025-26,MIN,ORL,0,92,119,-27,3,2,2,0,Tied,18,17,0.9444444444444444,9,9,31,23
0022500916,2025-26,DET,BKN,0,105,107,-2,3,2,2,0,Tied,16,11,0.6875,10,6,30,22
0022500916,2025-26,BKN,DET,1,107,105,2,3,2,2,0,Tied,10,10,1.0,16,-6,28,27
0022500917,2025-26,ATL,PHI,1,125,116,9,3,2,1,1,More,8,6,0.75,3,5,24,19
0022500917,2025-26,PHI,ATL,0,116,125,-9,2,1,2,-1,Fewer,3,2,0.6666666666666666,8,-5,16,10
0022500918,2025-26,LAC,MEM,1,123,120,3,4,4,0,4,More,26,22,0.8461538461538461,4,22,45,37
0022500918,2025-26,MEM,LAC,0,120,123,-3,2,0,4,-4,Fewer,4,4,1.0,26,-22,24,20
0022500919,2025-26,UTA,MIL,0,99,113,-14,3,3,1,2,More,12,11,0.9166666666666666,11,1,28,24
0022500919,2025-26,MIL,UTA,1,113,99,14,2,1,3,-2,Fewer,11,7,0.6363636363636364,12,-1,28,16
0022500920,2025-26,GSW,OKC,0,97,104,-7,2,2,2,0,Tied,8,4,0.5,6,2,18,11
0022500920,2025-26,OKC,GSW,1,104,97,7,2,2,2,0,Tied,6,6,1.0,8,-2,22,21
0022500921,2025-26,CLE,BOS,0,98,109,-11,2,0,3,-3,Fewer,4,3,0.75,8,-4,21,15
0022500921,2025-26,BOS,CLE,1,109,98,11,3,3,0,3,More,8,7,0.875,4,4,22,20
0022500922,2025-26,NYK,LAL,0,97,110,-13,2,1,3,-2,Fewer,5,4,0.8,10,-5,20,18
0022500922,2025-26,LAL,NYK,1,110,97,13,3,3,1,2,More,10,10,1.0,5,5,30,25
0022500923,2025-26,DET,MIA,0,110,121,-11,3,3,1,2,More,12,8,0.6666666666666666,11,1,24,19
0022500923,2025-26,MIA,DET,1,121,110,11,3,1,3,-2,Fewer,11,10,0.9090909090909091,12,-1,24,23
0022500924,2025-26,TOR,DAL,1,122,92,30,3,3,1,2,More,8,7,0.875,5,3,21,15
0022500924,2025-26,DAL,TOR,0,92,122,-30,3,1,3,-2,Fewer,5,4,0.8,8,-3,20,17
0022500925,2025-26,NOP,WAS,1,138,118,20,4,4,0,4,More,28,22,0.7857142857142857,12,16,47,37
0022500925,2025-26,WAS,NOP,0,118,138,-20,3,0,4,-4,Fewer,12,8,0.6666666666666666,28,-16,26,21
0022500926,2025-26,MIL,ORL,0,91,130,-39,2,1,2,-1,Fewer,4,3,0.75,11,-7,13,6
0022500926,2025-26,ORL,MIL,1,130,91,39,3,2,1,1,More,11,7,0.6363636363636364,4,7,34,25
0022500927,2025-26,SAS,HOU,1,145,120,25,2,2,2,0,Tied,8,5,0.625,19,-11,27,22
0022500927,2025-26,HOU,SAS,0,120,145,-25,4,2,2,0,Tied,19,17,0.8947368421052632,8,11,32,28
0022500928,2025-26,PHX,CHA,1,111,99,12,3,3,0,3,More,7,6,0.8571428571428571,2,5,25,22
0022500928,2025-26,CHA,PHX,0,99,111,-12,1,0,3,-3,Fewer,2,1,0.5,7,-5,15,10
0022500929,2025-26,POR,IND,1,131,111,20,4,3,1,2,More,9,8,0.8888888888888888,8,1,27,22
0022500929,2025-26,IND,POR,0,111,131,-20,3,1,3,-2,Fewer,8,6,0.75,9,-1,24,15
0022500930,2025-26,SAC,CHI,1,126,110,16,3,1,3,-2,Fewer,7,7,1.0,10,-3,23,21
0022500930,2025-26,CHI,SAC,0,110,126,-16,3,3,1,2,More,10,6,0.6,7,3,34,23
0022500931,2025-26,CLE,PHI,1,115,101,14,3,3,0,3,More,9,7,0.7777777777777778,6,3,25,23
0022500931,2025-26,PHI,CLE,0,101,115,-14,2,0,3,-3,Fewer,6,4,0.6666666666666666,9,-3,17,11
0022500932,2025-26,MEM,BKN,0,115,126,-11,2,2,1,1,More,7,5,0.7142857142857143,5,2,25,21
0022500932,2025-26,BKN,MEM,1,126,115,11,1,1,2,-1,Fewer,5,4,0.8,7,-2,19,15
0022500933,2025-26,OKC,DEN,1,129,126,3,2,1,2,-1,Fewer,3,2,0.6666666666666666,7,-4,21,16
0022500933,2025-26,DEN,OKC,0,126,129,-3,2,2,1,1,More,7,7,1.0,3,4,27,20
0022500934,2025-26,UTA,GSW,1,119,116,3,2,1,1,0,Tied,11,10,0.9090909090909091,6,5,29,27
0022500934,2025-26,GSW,UTA,0,116,119,-3,1,1,1,0,Tied,6,3,0.5,11,-5,21,14
0022500935,2025-26,LAC,NYK,1,126,118,8,2,0,2,-2,Fewer,12,10,0.8333333333333334,5,7,26,22
0022500935,2025-26,NYK,LAC,0,118,126,-8,2,2,0,2,More,5,3,0.6,12,-7,16,12
0022500936,2025-26,MEM,PHI,0,129,139,-10,3,2,2,0,Tied,10,7,0.7,26,-16,19,14
0022500936,2025-26,PHI,MEM,1,139,129,10,4,2,2,0,Tied,26,25,0.9615384615384616,10,16,43,36
0022500937,2025-26,DET,BKN,1,138,100,38,3,2,2,0,Tied,19,16,0.8421052631578947,16,3,31,23
0022500937,2025-26,BKN,DET,0,100,138,-38,3,2,2,0,Tied,16,14,0.875,19,-3,34,29
0022500938,2025-26,WAS,MIA,0,129,150,-21,2,0,4,-4,Fewer,11,8,0.7272727272727273,33,-22,29,22
0022500938,2025-26,MIA,WAS,1,150,129,21,4,4,0,4,More,33,25,0.7575757575757576,11,22,58,46
0022500939,2025-26,DAL,ATL,0,112,124,-12,2,2,1,1,More,10,9,0.9,2,8,22,17
0022500939,2025-26,ATL,DAL,1,124,112,12,1,1,2,-1,Fewer,2,1,0.5,10,-8,18,12
0022500940,2025-26,HOU,TOR,1,113,99,14,3,2,1,1,More,11,9,0.8181818181818182,8,3,26,20
0022500940,2025-26,TOR,HOU,0,99,113,-14,2,1,2,-1,Fewer,8,5,0.625,11,-3,25,20
0022500941,2025-26,MIL,PHX,0,114,129,-15,3,3,0,3,More,9,6,0.6666666666666666,0,9,18,12
0022500941,2025-26,PHX,MIL,1,129,114,15,0,0,3,-3,Fewer,0,0,,9,-9,11,9
0022500942,2025-26,SAS,BOS,1,125,116,9,3,2,1,1,More,7,5,0.7142857142857143,7,0,23,16
0022500942,2025-26,BOS,SAS,0,116,125,-9,1,1,2,-1,Fewer,7,5,0.7142857142857143,7,0,17,13
0022500943,2025-26,GSW,CHI,0,124,130,-6,1,1,2,-1,Fewer,4,3,0.75,8,-4,18,16
0022500943,2025-26,CHI,GSW,1,130,124,6,3,2,1,1,More,8,7,0.875,4,4,18,15
0022500944,2025-26,POR,CHA,0,101,103,-2,1,0,2,-2,Fewer,2,2,1.0,10,-8,18,15
0022500944,2025-26,CHA,POR,1,103,101,2,2,2,0,2,More,10,10,1.0,2,8,25,21
0022500945,2025-26,SAC,IND,1,114,109,5,2,2,2,0,Tied,18,14,0.7777777777777778,7,11,27,22
0022500945,2025-26,IND,SAC,0,109,114,-5,2,2,2,0,Tied,7,7,1.0,18,-11,19,18
0022500946,2025-26,LAL,MIN,1,120,106,14,2,0,3,-3,Fewer,11,8,0.7272727272727273,10,1,26,19
0022500946,2025-26,MIN,LAL,0,106,120,-14,3,3,0,3,More,10,9,0.9,11,-1,28,22
0022500947,2025-26,CLE,ORL,0,122,128,-6,3,2,2,0,Tied,13,9,0.6923076923076923,16,-3,26,17
0022500947,2025-26,ORL,CLE,1,128,122,6,3,2,2,0,Tied,16,12,0.75,13,3,36,27
0022500948,2025-26,NOP,TOR,1,122,111,11,1,1,1,0,Tied,4,3,0.75,6,-2,23,17
0022500948,2025-26,TOR,NOP,0,111,122,-11,1,1,1,0,Tied,6,5,0.8333333333333334,4,2,24,18
0022500949,2025-26,NYK,UTA,1,134,117,17,2,2,1,1,More,7,7,1.0,2,5,20,20
0022500949,2025-26,UTA,NYK,0,117,134,-17,1,1,2,-1,Fewer,2,2,1.0,7,-5,19,15
0022500950,2025-26,DEN,HOU,1,129,93,36,2,1,2,-1,Fewer,12,10,0.8333333333333334,4,8,22,16
0022500950,2025-26,HOU,DEN,0,93,129,-36,2,2,1,1,More,4,1,0.25,12,-8,13,4
0022500951,2025-26,SAC,CHA,0,109,117,-8,2,1,2,-1,Fewer,2,2,1.0,6,-4,14,11
0022500951,2025-26,CHA,SAC,1,117,109,8,2,2,1,1,More,6,5,0.8333333333333334,2,4,17,16
0022500952,2025-26,MIN,LAC,0,128,153,-25,3,2,2,0,Tied,13,11,0.8461538461538461,18,-5,29,25
0022500952,2025-26,LAC,MIN,1,153,128,25,3,2,2,0,Tied,18,16,0.8888888888888888,13,5,34,29
0022500953,2025-26,DET,PHI,1,131,109,22,1,1,2,-1,Fewer,1,1,1.0,6,-5,20,19
0022500953,2025-26,PHI,DET,0,109,131,-22,3,2,1,1,More,6,3,0.5,1,5,23,16
0022500954,2025-26,IND,PHX,0,108,123,-15,4,2,2,0,Tied,15,14,0.9333333333333333,6,9,25,22
0022500954,2025-26,PHX,IND,1,123,108,15,2,2,2,0,Tied,6,5,0.8333333333333334,15,-9,22,18
0022500955,2025-26,WAS,ORL,0,131,136,-5,1,1,2,-1,Fewer,4,4,1.0,18,-14,24,21
0022500955,2025-26,ORL,WAS,1,136,131,5,3,2,1,1,More,18,15,0.8333333333333334,4,14,34,27
0022500956,2025-26,ATL,BKN,1,108,97,11,3,3,1,2,More,22,15,0.6818181818181818,6,16,35,26
0022500956,2025-26,BKN,ATL,0,97,108,-11,2,1,3,-2,Fewer,6,4,0.6666666666666666,22,-16,22,17
0022500957,2025-26,MIA,MIL,1,112,105,7,3,3,0,3,More,16,13,0.8125,3,13,27,22
0022500957,2025-26,MIL,MIA,0,105,112,-7,1,0,3,-3,Fewer,3,3,1.0,16,-13,19,14
0022500958,2025-26,SAS,DEN,0,131,136,-5,2,1,3,-2,Fewer,6,4,0.6666666666666666,18,-12,30,24
0022500958,2025-26,DEN,SAS,1,136,131,5,3,3,1,2,More,18,17,0.9444444444444444,6,12,37,35
0022500959,2025-26,BOS,OKC,0,102,104,-2,2,2,1,1,More,6,6,1.0,4,2,20,19
0022500959,2025-26,OKC,BOS,1,104,102,2,2,1,2,-1,Fewer,4,3,0.75,6,-2,17,13
0022500960,2025-26,LAL,CHI,1,142,130,12,1,1,2,-1,Fewer,9,7,0.7777777777777778,6,3,21,15
0022500960,2025-26,CHI,LAL,0,130,142,-12,2,2,1,1,More,6,5,0.8333333333333334,9,-3,15,13
0022500961,2025-26,DET,MEM,1,126,110,16,3,2,2,0,Tied,4,2,0.5,8,-4,18,14
0022500961,2025-26,MEM,DET,0,110,126,-16,3,2,2,0,Tied,8,7,0.875,4,4,22,17
0022500962,2025-26,IND,NYK,0,92,101,-9,3,2,1,1,More,8,6,0.75,8,0,15,12
0022500962,2025-26,NYK,IND,1,101,92,9,1,1,2,-1,Fewer,8,8,1.0,8,0,24,18
0022500963,2025-26,PHX,TOR,0,115,122,-7,4,3,1,2,More,19,13,0.6842105263157895,6,13,30,21
0022500963,2025-26,TOR,PHX,1,122,115,7,2,1,3,-2,Fewer,6,5,0.8333333333333334,19,-13,17,13
0022500964,2025-26,NOP,HOU,0,105,107,-2,3,1,2,-1,Fewer,13,6,0.46153846153846156,5,8,26,15
0022500964,2025-26,HOU,NOP,1,107,105,2,2,2,1,1,More,5,4,0.8,13,-8,15,12
0022500965,2025-26,DAL,CLE,0,105,138,-33,3,3,0,3,More,12,8,0.6666666666666666,2,10,24,20
0022500965,2025-26,CLE,DAL,1,138,105,33,1,0,3,-3,Fewer,2,2,1.0,12,-10,13,8
0022500966,2025-26,GSW,MIN,0,117,127,-10,3,2,2,0,Tied,8,8,1.0,8,0,25,24
0022500966,2025-26,MIN,GSW,1,127,117,10,2,2,2,0,Tied,8,6,0.75,8,0,26,23
0022500967,2025-26,POR,UTA,1,124,114,10,2,1,3,-2,Fewer,4,3,0.75,5,-1,16,15
0022500967,2025-26,UTA,POR,0,114,124,-10,3,3,1,2,More,5,5,1.0,4,1,21,16
0022500968,2025-26,LAC,CHI,1,119,108,11,2,1,1,0,Tied,6,3,0.5,4,2,24,18
0022500968,2025-26,CHI,LAC,0,108,119,-11,1,1,1,0,Tied,4,4,1.0,6,-2,13,12
0022500969,2025-26,BKN,PHI,0,97,104,-7,1,0,2,-2,Fewer,2,1,0.5,14,-12,20,17
0022500969,2025-26,PHI,BKN,1,104,97,7,2,2,0,2,More,14,13,0.9285714285714286,2,12,30,24
0022500970,2025-26,MIL,ATL,0,99,122,-23,2,2,0,2,More,6,2,0.3333333333333333,2,4,17,12
0022500970,2025-26,ATL,MIL,1,122,99,23,1,0,2,-2,Fewer,2,2,1.0,6,-4,17,13
0022500971,2025-26,BOS,WAS,1,111,100,11,1,1,1,0,Tied,2,2,1.0,5,-3,19,17
0022500971,2025-26,WAS,BOS,0,100,111,-11,1,1,1,0,Tied,5,4,0.8,2,3,17,11
0022500972,2025-26,MIA,ORL,0,117,121,-4,3,3,1,2,More,14,12,0.8571428571428571,12,2,28,23
0022500972,2025-26,ORL,MIA,1,121,117,4,3,1,3,-2,Fewer,12,10,0.8333333333333334,14,-2,23,21
0022500973,2025-26,SAS,CHA,1,115,102,13,1,1,2,-1,Fewer,8,7,0.875,10,-2,21,18
0022500973,2025-26,CHA,SAS,0,102,115,-13,2,2,1,1,More,10,10,1.0,8,2,17,14
0022500974,2025-26,DEN,LAL,0,125,127,-2,2,2,1,1,More,7,6,0.8571428571428571,7,0,22,18
0022500974,2025-26,LAL,DEN,1,127,125,2,2,1,2,-1,Fewer,7,5,0.7142857142857143,7,0,26,17
0022500975,2025-26,LAC,SAC,0,109,118,-9,3,3,0,3,More,10,6,0.6,0,10,28,21
0022500975,2025-26,SAC,LAC,1,118,109,9,0,0,3,-3,Fewer,0,0,,10,-10,16,10
0022500976,2025-26,OKC,MIN,1,116,103,13,1,1,1,0,Tied,4,4,1.0,4,0,19,17
0022500976,2025-26,MIN,OKC,0,103,116,-13,1,1,1,0,Tied,4,3,0.75,4,0,21,15
0022500977,2025-26,CLE,DAL,0,120,130,-10,2,1,2,-1,Fewer,11,11,1.0,9,2,21,14
0022500977,2025-26,DAL,CLE,1,130,120,10,2,2,1,1,More,9,8,0.8888888888888888,11,-2,26,22
0022500978,2025-26,DET,TOR,0,108,119,-11,3,0,3,-3,Fewer,10,7,0.7,13,-3,23,15
0022500978,2025-26,TOR,DET,1,119,108,11,3,3,0,3,More,13,10,0.7692307692307693,10,3,29,22
0022500979,2025-26,IND,MIL,0,123,134,-11,1,1,1,0,Tied,2,2,1.0,6,-4,20,16
0022500979,2025-26,MIL,IND,1,134,123,11,1,1,1,0,Tied,6,3,0.5,2,4,19,13
0022500980,2025-26,PHI,POR,1,109,103,6,1,1,1,0,Tied,6,6,1.0,8,-2,14,13
0022500980,2025-26,POR,PHI,0,103,109,-6,2,1,1,0,Tied,8,4,0.5,6,2,21,14
0022500981,2025-26,NYK,GSW,1,110,107,3,1,1,1,0,Tied,4,4,1.0,2,2,23,22
0022500981,2025-26,GSW,NYK,0,107,110,-3,1,1,1,0,Tied,2,2,1.0,4,-2,15,13
0022500982,2025-26,UTA,SAC,0,111,116,-5,2,1,1,0,Tied,4,4,1.0,6,-2,25,17
0022500982,2025-26,SAC,UTA,1,116,111,5,1,1,1,0,Tied,6,4,0.6666666666666666,4,2,27,22
0022500983,2025-26,ATL,ORL,1,124,112,12,3,0,3,-3,Fewer,10,7,0.7,9,1,29,22
0022500983,2025-26,ORL,ATL,0,112,124,-12,3,3,0,3,More,9,7,0.7777777777777778,10,-1,22,17
0022500984,2025-26,WAS,GSW,0,117,125,-8,3,1,3,-2,Fewer,8,7,0.875,16,-8,28,24
0022500984,2025-26,GSW,WAS,1,125,117,8,3,3,1,2,More,16,12,0.75,8,8,25,21
0022500985,2025-26,POR,BKN,1,114,95,19,3,1,2,-1,Fewer,11,6,0.5454545454545454,15,-4,29,21
0022500985,2025-26,BKN,POR,0,95,114,-19,3,2,1,1,More,15,12,0.8,11,4,29,20
0022500986,2025-26,BOS,PHX,1,120,112,8,2,2,2,0,Tied,14,13,0.9285714285714286,13,1,27,25
0022500986,2025-26,PHX,BOS,0,112,120,-8,4,2,2,0,Tied,13,10,0.7692307692307693,14,-1,29,25
0022500987,2025-26,MEM,CHI,0,107,132,-25,1,1,2,-1,Fewer,2,2,1.0,6,-4,19,15
0022500987,2025-26,CHI,MEM,1,132,107,25,2,2,1,1,More,6,6,1.0,2,4,21,18
0022500988,2025-26,NOP,DAL,1,129,111,18,3,3,0,3,More,12,9,0.75,2,10,34,20
0022500988,2025-26,DAL,NOP,0,111,129,-18,1,0,3,-3,Fewer,2,1,0.5,12,-10,14,9
0022500989,2025-26,HOU,LAL,0,92,100,-8,3,1,2,-1,Fewer,6,6,1.0,8,-2,15,11
0022500989,2025-26,LAL,HOU,1,100,92,8,2,2,1,1,More,8,6,0.75,6,2,19,15
0022500990,2025-26,LAC,SAS,0,115,119,-4,3,3,1,2,More,13,10,0.7692307692307693,11,2,24,18
0022500990,2025-26,SAS,LAC,1,119,115,4,4,1,3,-2,Fewer,11,8,0.7272727272727273,13,-2,28,22
0022500991,2025-26,MIA,CHA,0,106,136,-30,2,1,2,-1,Fewer,14,12,0.8571428571428571,10,4,33,26
0022500991,2025-26,CHA,MIA,1,136,106,30,3,2,1,1,More,10,8,0.8,14,-4,19,16
0022500992,2025-26,ORL,OKC,0,108,113,-5,1,1,3,-2,Fewer,4,4,1.0,13,-9,19,16
0022500992,2025-26,OKC,ORL,1,113,108,5,4,3,1,2,More,13,12,0.9230769230769231,4,9,27,24
0022500993,2025-26,WAS,DET,0,117,130,-13,3,2,1,1,More,12,8,0.6666666666666666,15,-3,19,15
0022500993,2025-26,DET,WAS,1,130,117,13,2,1,2,-1,Fewer,15,12,0.8,12,3,31,26
0022500994,2025-26,NYK,IND,1,136,110,26,2,2,1,1,More,4,3,0.75,2,2,13,10
0022500994,2025-26,IND,NYK,0,110,136,-26,1,1,2,-1,Fewer,2,2,1.0,4,-2,7,5
0022500995,2025-26,MIL,CLE,0,116,123,-7,1,0,3,-3,Fewer,12,8,0.6666666666666666,12,0,17,12
0022500995,2025-26,CLE,MIL,1,123,116,7,3,3,0,3,More,12,11,0.9166666666666666,12,0,33,27
0022500996,2025-26,PHX,MIN,0,104,116,-12,2,2,2,0,Tied,6,6,1.0,16,-10,23,17
0022500996,2025-26,MIN,PHX,1,116,104,12,4,2,2,0,Tied,16,11,0.6875,6,10,29,21
0022500997,2025-26,DEN,PHI,1,124,96,28,4,4,0,4,More,16,12,0.75,2,14,31,22
0022500997,2025-26,PHI,DEN,0,96,124,-28,1,0,4,-4,Fewer,2,2,1.0,16,-14,12,12
0022500998,2025-26,SAC,SAS,0,104,132,-28,1,1,0,1,More,2,1,0.5,0,2,13,8
0022500998,2025-26,SAS,SAC,1,132,104,28,0,0,1,-1,Fewer,0,0,,2,-2,13,11
0022500999,2025-26,GSW,BOS,0,99,120,-21,3,2,1,1,More,13,9,0.6923076923076923,10,3,24,17
0022500999,2025-26,BOS,GSW,1,120,99,21,2,1,2,-1,Fewer,10,9,0.9,13,-3,19,18
0022501000,2025-26,OKC,BKN,1,121,92,29,2,1,2,-1,Fewer,10,8,0.8,11,-1,22,17
0022501000,2025-26,BKN,OKC,0,92,121,-29,2,2,1,1,More,11,9,0.8181818181818182,10,1,31,23
0022501001,2025-26,IND,POR,0,119,127,-8,2,1,3,-2,Fewer,4,3,0.75,12,-8,17,15
0022501001,2025-26,POR,IND,1,127,119,8,3,3,1,2,More,12,10,0.8333333333333334,4,8,26,21
0022501002,2025-26,CHI,TOR,0,109,139,-30,3,1,2,-1,Fewer,11,8,0.7272727272727273,10,1,28,20
0022501002,2025-26,TOR,CHI,1,139,109,30,3,2,1,1,More,10,9,0.9,11,-1,32,28
0022501003,2025-26,NYK,MEM,1,130,119,11,3,3,1,2,More,7,6,0.8571428571428571,5,2,23,20
0022501003,2025-26,MEM,NYK,0,119,130,-11,2,1,3,-2,Fewer,5,4,0.8,7,-2,30,25
0022501004,2025-26,MIN,UTA,1,147,111,36,2,1,2,-1,Fewer,6,4,0.6666666666666666,12,-6,25,21
0022501004,2025-26,UTA,MIN,0,111,147,-36,3,2,1,1,More,12,7,0.5833333333333334,6,6,26,18
0022501005,2025-26,LAC,NOP,0,109,124,-15,1,1,1,0,Tied,4,1,0.25,10,-6,13,10
0022501005,2025-26,NOP,LAC,1,124,109,15,2,1,1,0,Tied,10,10,1.0,4,6,21,20
0022501006,2025-26,ATL,DAL,1,135,120,15,1,1,2,-1,Fewer,2,2,1.0,15,-13,14,11
0022501006,2025-26,DAL,ATL,0,120,135,-15,3,2,1,1,More,15,12,0.8,2,13,28,24
0022501007,2025-26,LAL,HOU,1,124,116,8,3,1,2,-1,Fewer,11,8,0.7272727272727273,6,5,27,17
0022501007,2025-26,HOU,LAL,0,116,124,-8,2,2,1,1,More,6,4,0.6666666666666666,11,-5,17,15
0022501008,2025-26,ORL,CHA,0,111,130,-19,2,0,3,-3,Fewer,12,12,1.0,9,3,21,19
0022501008,2025-26,CHA,ORL,1,130,111,19,3,3,0,3,More,9,7,0.7777777777777778,12,-3,24,21
0022501009,2025-26,WAS,DET,0,95,117,-22,2,1,2,-1,Fewer,3,2,0.6666666666666666,4,-1,11,7
0022501009,2025-26,DET,WAS,1,117,95,22,2,2,1,1,More,4,3,0.75,3,1,26,20
0022501010,2025-26,MIA,LAL,0,126,134,-8,1,1,1,0,Tied,5,4,0.8,20,-15,22,18
0022501010,2025-26,LAL,MIA,1,134,126,8,2,1,1,0,Tied,20,14,0.7,5,15,45,34
0022501011,2025-26,CHI,CLE,0,110,115,-5,1,1,2,-1,Fewer,6,4,0.6666666666666666,15,-9,14,9
0022501011,2025-26,CLE,CHI,1,115,110,5,3,2,1,1,More,15,10,0.6666666666666666,6,9,28,19
0022501012,2025-26,LAC,NOP,0,99,105,-6,2,2,1,1,More,5,2,0.4,10,-5,32,19
0022501012,2025-26,NOP,LAC,1,105,99,6,1,1,2,-1,Fewer,10,8,0.8,5,5,22,17
0022501013,2025-26,SAS,PHX,1,101,100,1,3,2,1,1,More,10,9,0.9,9,1,23,21
0022501013,2025-26,PHX,SAS,0,100,101,-1,2,1,2,-1,Fewer,9,6,0.6666666666666666,10,-1,17,13
0022501014,2025-26,UTA,MIL,1,128,96,32,1,0,2,-2,Fewer,2,1,0.5,5,-3,19,14
0022501014,2025-26,MIL,UTA,0,96,128,-32,2,2,0,2,More,5,3,0.6,2,3,22,16
0022501015,2025-26,SAC,PHI,0,118,139,-21,3,2,1,1,More,10,6,0.6,5,5,29,20
0022501015,2025-26,PHI,SAC,1,139,118,21,2,1,2,-1,Fewer,5,4,0.8,10,-5,24,20
0022501016,2025-26,NYK,BKN,1,93,92,1,3,2,1,1,More,17,8,0.47058823529411764,2,15,32,23
0022501016,2025-26,BKN,NYK,0,92,93,-1,1,1,2,-1,Fewer,2,2,1.0,17,-15,9,9
0022501017,2025-26,GSW,DET,0,101,115,-14,2,1,2,-1,Fewer,4,3,0.75,6,-2,24,18
0022501017,2025-26,DET,GSW,1,115,101,14,2,2,1,1,More,6,4,0.6666666666666666,4,2,27,18
0022501018,2025-26,HOU,ATL,1,117,95,22,3,3,1,2,More,14,6,0.42857142857142855,2,12,28,19
0022501018,2025-26,ATL,HOU,0,95,117,-22,1,1,3,-2,Fewer,2,2,1.0,14,-12,14,11
0022501019,2025-26,BOS,MEM,1,117,112,5,3,2,1,1,More,9,7,0.7777777777777778,5,4,30,26
0022501019,2025-26,MEM,BOS,0,112,117,-5,1,1,2,-1,Fewer,5,4,0.8,9,-4,17,14
0022501020,2025-26,MIN,POR,0,104,108,-4,3,2,1,1,More,9,9,1.0,8,1,28,22
0022501020,2025-26,POR,MIN,1,108,104,4,2,1,2,-1,Fewer,8,8,1.0,9,-1,23,20
0022501021,2025-26,TOR,DEN,0,115,121,-6,2,1,3,-2,Fewer,6,2,0.3333333333333333,12,-6,23,17
0022501021,2025-26,DEN,TOR,1,121,115,6,3,3,1,2,More,12,8,0.6666666666666666,6,6,24,19
0022501022,2025-26,OKC,WAS,1,132,111,21,3,2,1,1,More,17,12,0.7058823529411765,3,14,30,21
0022501022,2025-26,WAS,OKC,0,111,132,-21,2,1,2,-1,Fewer,3,3,1.0,17,-14,16,12
0022501023,2025-26,CHA,MEM,1,124,101,23,3,3,1,2,More,8,6,0.75,4,4,23,15
0022501023,2025-26,MEM,CHA,0,101,124,-23,1,1,3,-2,Fewer,4,4,1.0,8,-4,19,15
0022501024,2025-26,LAL,ORL,1,105,104,1,3,3,1,2,More,20,15,0.75,8,12,29,19
0022501024,2025-26,ORL,LAL,0,104,105,-1,3,1,3,-2,Fewer,8,6,0.75,20,-12,22,20
0022501025,2025-26,CLE,NOP,1,111,106,5,2,2,1,1,More,5,4,0.8,3,2,22,15
0022501025,2025-26,NOP,CLE,0,106,111,-5,2,1,2,-1,Fewer,3,2,0.6666666666666666,5,-2,17,13
0022501026,2025-26,ATL,GSW,1,126,110,16,3,1,2,-1,Fewer,6,6,1.0,8,-2,20,17
0022501026,2025-26,GSW,ATL,0,110,126,-16,2,2,1,1,More,8,7,0.875,6,2,17,13
0022501027,2025-26,HOU,MIA,1,123,122,1,2,2,1,1,More,10,8,0.8,2,8,21,17
0022501027,2025-26,MIA,HOU,0,122,123,-1,1,1,2,-1,Fewer,2,2,1.0,10,-8,16,12
0022501028,2025-26,SAS,IND,1,134,119,15,1,1,2,-1,Fewer,7,6,0.8571428571428571,4,3,17,15
0022501028,2025-26,IND,SAS,0,119,134,-15,2,2,1,1,More,4,2,0.5,7,-3,18,15
0022501029,2025-26,LAC,DAL,1,138,131,7,1,1,2,-1,Fewer,3,3,1.0,12,-9,18,15
0022501029,2025-26,DAL,LAC,0,131,138,-7,2,2,1,1,More,12,11,0.9166666666666666,3,9,29,22
0022501030,2025-26,UTA,PHI,0,116,126,-10,3,3,1,2,More,15,15,1.0,13,2,30,28
0022501030,2025-26,PHI,UTA,1,126,116,10,3,1,3,-2,Fewer,13,11,0.8461538461538461,15,-2,32,28
0022501031,2025-26,MIL,PHX,1,108,105,3,1,1,1,0,Tied,8,5,0.625,5,3,21,14
0022501031,2025-26,PHX,MIL,0,105,108,-3,2,1,1,0,Tied,5,4,0.8,8,-3,18,10
0022501032,2025-26,DEN,POR,1,128,112,16,3,2,2,0,Tied,7,6,0.8571428571428571,4,3,13,12
0022501032,2025-26,POR,DEN,0,112,128,-16,2,2,2,0,Tied,4,4,1.0,7,-3,16,12
0022501033,2025-26,BKN,SAC,0,122,126,-4,2,1,2,-1,Fewer,5,4,0.8,22,-17,20,16
0022501033,2025-26,SAC,BKN,1,126,122,4,3,2,1,1,More,22,16,0.7272727272727273,5,17,34,26
0022501034,2025-26,NYK,WAS,1,145,113,32,2,2,1,1,More,7,6,0.8571428571428571,4,3,19,18
0022501034,2025-26,WAS,NYK,0,113,145,-32,1,1,2,-1,Fewer,4,2,0.5,7,-3,12,8
0022501035,2025-26,MIN,BOS,1,102,92,10,1,1,2,-1,Fewer,2,1,0.5,8,-6,14,11
0022501035,2025-26,BOS,MIN,0,92,102,-10,3,2,1,1,More,8,6,0.75,2,6,18,15
0022501036,2025-26,TOR,PHX,0,98,120,-22,1,1,2,-1,Fewer,9,6,0.6666666666666666,5,4,22,15
0022501036,2025-26,PHX,TOR,1,120,98,22,2,2,1,1,More,5,5,1.0,9,-4,9,9
0022501037,2025-26,MEM,ATL,0,107,146,-39,2,0,3,-3,Fewer,6,6,1.0,14,-8,26,23
0022501037,2025-26,ATL,MEM,1,146,107,39,3,3,0,3,More,14,13,0.9285714285714286,6,8,25,23
0022501038,2025-26,LAL,DET,0,110,113,-3,3,2,1,1,More,16,12,0.75,8,8,31,26
0022501038,2025-26,DET,LAL,1,113,110,3,2,1,2,-1,Fewer,8,8,1.0,16,-8,21,19
0022501039,2025-26,ORL,IND,0,126,128,-2,2,1,3,-2,Fewer,10,8,0.8,5,5,24,18
0022501039,2025-26,IND,ORL,1,128,126,2,3,3,1,2,More,5,4,0.8,10,-5,24,22
0022501040,2025-26,PHI,OKC,0,103,123,-20,1,1,0,1,More,2,1,0.5,0,2,9,4
0022501040,2025-26,OKC,PHI,1,123,103,20,0,0,1,-1,Fewer,0,0,,2,-2,9,8
0022501041,2025-26,MIA,SAS,0,111,136,-25,2,2,2,0,Tied,4,3,0.75,13,-9,20,19
0022501041,2025-26,SAS,MIA,1,136,111,25,3,2,2,0,Tied,13,11,0.8461538461538461,4,9,27,24
0022501042,2025-26,HOU,CHI,0,124,132,-8,2,2,2,0,Tied,12,7,0.5833333333333334,8,4,23,14
0022501042,2025-26,CHI,HOU,1,132,124,8,3,2,2,0,Tied,8,6,0.75,12,-4,24,19
0022501043,2025-26,TOR,UTA,1,143,127,16,2,1,3,-2,Fewer,7,4,0.5714285714285714,18,-11,27,14
0022501043,2025-26,UTA,TOR,0,127,143,-16,4,3,1,2,More,18,17,0.9444444444444444,7,11,43,36
0022501044,2025-26,DAL,GSW,0,131,137,-6,2,2,2,0,Tied,11,7,0.6363636363636364,14,-3,20,13
0022501044,2025-26,GSW,DAL,1,137,131,6,3,2,2,0,Tied,14,10,0.7142857142857143,11,3,24,18
0022501045,2025-26,POR,BKN,1,134,99,35,4,3,1,2,More,20,14,0.7,10,10,39,27
0022501045,2025-26,BKN,POR,0,99,134,-35,2,1,3,-2,Fewer,10,10,1.0,20,-10,28,25
0022501046,2025-26,LAC,MIL,1,129,96,33,1,0,2,-2,Fewer,4,4,1.0,5,-1,18,18
0022501046,2025-26,MIL,LAC,0,96,129,-33,2,2,0,2,More,5,3,0.6,4,1,8,5
0022501047,2025-26,CHA,SAC,1,134,90,44,0,0,0,0,Tied,0,0,,0,0,16,12
0022501047,2025-26,SAC,CHA,0,90,134,-44,0,0,0,0,Tied,0,0,,0,0,11,7
0022501048,2025-26,NYK,NOP,1,121,116,5,2,1,1,0,Tied,6,4,0.6666666666666666,2,4,18,16
0022501048,2025-26,NOP,NYK,0,116,121,-5,1,1,1,0,Tied,2,1,0.5,6,-4,13,11
0022501049,2025-26,ORL,CLE,0,131,136,-5,3,3,1,2,More,12,10,0.8333333333333334,12,0,36,33
0022501049,2025-26,CLE,ORL,1,136,131,5,4,1,3,-2,Fewer,12,11,0.9166666666666666,12,0,29,26
0022501050,2025-26,DEN,PHX,1,125,123,2,3,1,2,-1,Fewer,7,5,0.7142857142857143,24,-17,30,22
0022501050,2025-26,PHX,DEN,0,123,125,-2,3,2,1,1,More,24,19,0.7916666666666666,7,17,35,26
0022501051,2025-26,DET,ATL,0,129,130,-1,1,1,1,0,Tied,2,2,1.0,3,-1,19,16
0022501051,2025-26,ATL,DET,1,130,129,1,1,1,1,0,Tied,3,3,1.0,2,1,17,12
0022501052,2025-26,LAL,IND,1,137,130,7,3,1,2,-1,Fewer,16,12,0.75,9,7,31,25
0022501052,2025-26,IND,LAL,0,130,137,-7,2,2,1,1,More,9,7,0.7777777777777778,16,-7,21,17
0022501053,2025-26,CHI,PHI,0,137,157,-20,3,1,3,-2,Fewer,14,11,0.7857142857142857,11,3,31,26
0022501053,2025-26,PHI,CHI,1,157,137,20,4,3,1,2,More,11,9,0.8181818181818182,14,-3,28,21
0022501054,2025-26,OKC,BOS,0,109,119,-10,2,0,3,-3,Fewer,10,7,0.7,18,-8,26,21
0022501054,2025-26,BOS,OKC,1,119,109,10,3,3,0,3,More,18,16,0.8888888888888888,10,8,28,24
0022501055,2025-26,CLE,MIA,0,103,120,-17,3,2,1,1,More,7,7,1.0,6,1,24,21
0022501055,2025-26,MIA,CLE,1,120,103,17,2,1,2,-1,Fewer,6,5,0.8333333333333334,7,-1,22,18
0022501056,2025-26,SAS,MEM,1,123,98,25,2,2,0,2,More,6,4,0.6666666666666666,3,3,22,15
0022501056,2025-26,MEM,SAS,0,98,123,-25,1,0,2,-2,Fewer,3,1,0.3333333333333333,6,-3,19,13
0022501057,2025-26,UTA,WAS,0,110,133,-23,3,2,1,1,More,13,8,0.6153846153846154,7,6,24,12
0022501057,2025-26,WAS,UTA,1,133,110,23,2,1,2,-1,Fewer,7,5,0.7142857142857143,13,-6,24,16
0022501058,2025-26,MIN,HOU,1,110,108,2,0,0,3,-3,Fewer,0,0,,11,-11,9,6
0022501058,2025-26,HOU,MIN,0,108,110,-2,3,3,0,3,More,11,11,1.0,0,11,22,20
0022501059,2025-26,DAL,DEN,0,135,142,-7,3,2,1,1,More,18,15,0.8333333333333334,16,2,34,27
0022501059,2025-26,DEN,DAL,1,142,135,7,3,1,2,-1,Fewer,16,14,0.875,18,-2,29,23
0022501060,2025-26,BKN,GSW,0,106,109,-3,1,1,2,-1,Fewer,8,6,0.75,23,-15,21,16
0022501060,2025-26,GSW,BKN,1,109,106,3,3,2,1,1,More,23,17,0.7391304347826086,8,15,36,28
0022501061,2025-26,MIL,POR,0,99,130,-31,1,1,2,-1,Fewer,2,2,1.0,14,-12,18,12
0022501061,2025-26,POR,MIL,1,130,99,31,3,2,1,1,More,14,11,0.7857142857142857,2,12,31,25
0022501062,2025-26,LAC,TOR,1,119,94,25,2,2,1,1,More,7,5,0.7142857142857143,5,2,24,19
0022501062,2025-26,TOR,LAC,0,94,119,-25,2,1,2,-1,Fewer,5,2,0.4,7,-2,11,4
0022501063,2025-26,CHA,NYK,1,114,103,11,2,2,1,1,More,10,9,0.9,2,8,20,16
0022501063,2025-26,NYK,CHA,0,103,114,-11,1,1,2,-1,Fewer,2,2,1.0,10,-8,9,8
0022501064,2025-26,NOP,DET,0,108,129,-21,1,1,3,-2,Fewer,7,3,0.42857142857142855,7,0,24,11
0022501064,2025-26,DET,NOP,1,129,108,21,3,3,1,2,More,7,4,0.5714285714285714,7,0,23,18
0022501065,2025-26,ORL,SAC,1,121,117,4,3,3,0,3,More,18,17,0.9444444444444444,0,18,32,28
0022501065,2025-26,SAC,ORL,0,117,121,-4,0,0,3,-3,Fewer,0,0,,18,-18,16,13
0022501066,2025-26,LAC,IND,1,114,113,1,3,3,0,3,More,15,11,0.7333333333333333,2,13,27,19
0022501066,2025-26,IND,LAC,0,113,114,-1,1,0,3,-3,Fewer,2,0,0.0,15,-13,15,11
0022501067,2025-26,BOS,ATL,1,109,102,7,2,2,2,0,Tied,13,11,0.8461538461538461,6,7,23,19
0022501067,2025-26,ATL,BOS,0,102,109,-7,3,2,2,0,Tied,6,5,0.8333333333333334,13,-7,23,18
0022501068,2025-26,MIA,CLE,0,128,149,-21,2,2,1,1,More,17,15,0.8823529411764706,9,8,36,31
0022501068,2025-26,CLE,MIA,1,149,128,21,3,1,2,-1,Fewer,9,5,0.5555555555555556,17,-8,26,21
0022501069,2025-26,HOU,MEM,1,119,109,10,2,2,0,2,More,10,7,0.7,8,2,26,19
0022501069,2025-26,MEM,HOU,0,109,119,-10,1,0,2,-2,Fewer,8,7,0.875,10,-2,17,15
0022501070,2025-26,CHI,OKC,0,113,131,-18,2,2,1,1,More,10,6,0.6,9,1,21,16
0022501070,2025-26,OKC,CHI,1,131,113,18,1,1,2,-1,Fewer,9,8,0.8888888888888888,10,-1,29,22
0022501071,2025-26,NOP,TOR,0,106,119,-13,2,2,0,2,More,16,13,0.8125,0,16,25,20
0022501071,2025-26,TOR,NOP,1,119,106,13,0,0,2,-2,Fewer,0,0,,16,-16,17,13
0022501072,2025-26,UTA,DEN,0,129,135,-6,2,1,3,-2,Fewer,4,4,1.0,15,-11,19,14
0022501072,2025-26,DEN,UTA,1,135,129,6,3,3,1,2,More,15,12,0.8,4,11,31,25
0022501073,2025-26,GSW,WAS,1,131,126,5,4,4,0,4,More,17,15,0.8823529411764706,2,15,31,24
0022501073,2025-26,WAS,GSW,0,126,131,-5,1,0,4,-4,Fewer,2,2,1.0,17,-15,10,8
0022501074,2025-26,POR,DAL,0,93,100,-7,2,0,3,-3,Fewer,11,6,0.5454545454545454,15,-4,33,23
0022501074,2025-26,DAL,POR,1,100,93,7,3,3,0,3,More,15,9,0.6,11,4,29,20
0022501075,2025-26,BKN,LAL,0,99,116,-17,1,0,4,-4,Fewer,2,1,0.5,20,-18,14,8
0022501075,2025-26,LAL,BKN,1,116,99,17,4,4,0,4,More,20,15,0.75,2,18,41,29
0022501076,2025-26,MIL,SAS,0,95,127,-32,0,0,1,-1,Fewer,0,0,,10,-10,5,4
0022501076,2025-26,SAS,MIL,1,127,95,32,1,1,0,1,More,10,7,0.7,0,10,19,14
0022501077,2025-26,CHA,PHI,0,114,118,-4,4,3,1,2,More,16,14,0.875,15,1,31,24
0022501077,2025-26,PHI,CHA,1,118,114,4,3,1,3,-2,Fewer,15,10,0.6666666666666666,16,-1,29,22
0022501078,2025-26,ATL,SAC,1,123,113,10,2,2,1,1,More,7,5,0.7142857142857143,2,5,21,16
0022501078,2025-26,SAC,ATL,0,113,123,-10,1,1,2,-1,Fewer,2,1,0.5,7,-5,13,11
0022501079,2025-26,MEM,CHI,1,125,124,1,3,0,3,-3,Fewer,7,6,0.8571428571428571,27,-20,17,13
0022501079,2025-26,CHI,MEM,0,124,125,-1,3,3,0,3,More,27,21,0.7777777777777778,7,20,43,32
0022501080,2025-26,MIN,DET,0,87,109,-22,3,2,1,1,More,16,12,0.75,2,14,32,23
0022501080,2025-26,DET,MIN,1,109,87,22,1,1,2,-1,Fewer,2,2,1.0,16,-14,17,13
0022501081,2025-26,UTA,PHX,0,109,134,-25,1,1,2,-1,Fewer,4,3,0.75,9,-5,18,12
0022501081,2025-26,PHX,UTA,1,134,109,25,2,2,1,1,More,9,4,0.4444444444444444,4,5,21,13
0022501082,2025-26,MIL,LAC,0,113,127,-14,2,1,2,-1,Fewer,10,9,0.9,22,-12,13,12
0022501082,2025-26,LAC,MIL,1,127,113,14,3,2,1,1,More,22,20,0.9090909090909091,10,12,28,24
0022501083,2025-26,IND,MIA,1,135,118,17,1,0,2,-2,Fewer,1,0,0.0,4,-3,12,10
0022501083,2025-26,MIA,IND,0,118,135,-17,2,2,0,2,More,4,3,0.75,1,3,18,13
0022501084,2025-26,SAC,BKN,0,99,116,-17,2,1,2,-1,Fewer,8,6,0.75,12,-4,25,17
0022501084,2025-26,BKN,SAC,1,116,99,17,2,2,1,1,More,12,7,0.5833333333333334,8,4,20,15
0022501085,2025-26,CHA,BOS,0,99,114,-15,2,2,1,1,More,7,6,0.8571428571428571,8,-1,19,15
0022501085,2025-26,BOS,CHA,1,114,99,15,2,1,2,-1,Fewer,8,6,0.75,7,1,22,16
0022501086,2025-26,ORL,TOR,0,87,139,-52,1,1,2,-1,Fewer,7,7,1.0,7,0,19,16
0022501086,2025-26,TOR,ORL,1,139,87,52,3,2,1,1,More,7,6,0.8571428571428571,7,0,21,18
0022501087,2025-26,WAS,POR,0,88,123,-35,3,1,3,-2,Fewer,11,11,1.0,16,-5,21,18
0022501087,2025-26,POR,WAS,1,123,88,35,4,3,1,2,More,16,10,0.625,11,5,32,23
0022501088,2025-26,HOU,NOP,1,134,102,32,2,2,1,1,More,7,6,0.8571428571428571,6,1,19,16
0022501088,2025-26,NOP,HOU,0,102,134,-32,3,1,2,-1,Fewer,6,1,0.16666666666666666,7,-1,25,12
0022501089,2025-26,OKC,NYK,1,111,100,11,3,2,1,1,More,18,15,0.8333333333333334,7,11,35,29
0022501089,2025-26,NYK,OKC,0,100,111,-11,3,1,2,-1,Fewer,7,4,0.5714285714285714,18,-11,17,13
0022501090,2025-26,DEN,GSW,1,116,93,23,2,2,2,0,Tied,2,1,0.5,5,-3,9,8
0022501090,2025-26,GSW,DEN,0,93,116,-23,2,2,2,0,Tied,5,3,0.6,2,3,11,9
0022501091,2025-26,PHI,MIA,0,109,119,-10,0,0,3,-3,Fewer,0,0,,14,-14,17,16
0022501091,2025-26,MIA,PHI,1,119,109,10,3,3,0,3,More,14,11,0.7857142857142857,0,14,28,21
0022501092,2025-26,ATL,BOS,1,112,102,10,2,0,2,-2,Fewer,4,4,1.0,9,-5,15,11
0022501092,2025-26,BOS,ATL,0,102,112,-10,2,2,0,2,More,9,7,0.7777777777777778,4,5,26,18
0022501093,2025-26,MEM,PHX,0,105,131,-26,2,1,1,0,Tied,4,3,0.75,2,2,20,18
0022501093,2025-26,PHX,MEM,1,131,105,26,1,1,1,0,Tied,2,1,0.5,4,-2,8,4
0022501094,2025-26,SAS,CHI,1,129,114,15,2,2,1,1,More,12,9,0.75,4,8,24,17
0022501094,2025-26,CHI,SAS,0,114,129,-15,1,1,2,-1,Fewer,4,4,1.0,12,-8,21,15
0022501095,2025-26,MIN,DAL,1,124,94,30,1,0,4,-4,Fewer,5,4,0.8,21,-16,11,7
0022501095,2025-26,DAL,MIN,0,94,124,-30,4,4,0,4,More,21,15,0.7142857142857143,5,16,34,25
0022501096,2025-26,UTA,CLE,0,113,122,-9,2,2,1,1,More,5,3,0.6,10,-5,20,14
0022501096,2025-26,CLE,UTA,1,122,113,9,3,1,2,-1,Fewer,10,9,0.9,5,5,27,22
0022501097,2025-26,OKC,DET,1,114,110,4,4,4,1,3,More,13,10,0.7692307692307693,6,7,32,28
0022501097,2025-26,DET,OKC,0,110,114,-4,2,1,4,-3,Fewer,6,4,0.6666666666666666,13,-7,23,12
0022501098,2025-26,LAL,WAS,1,120,101,19,2,2,1,1,More,10,7,0.7,3,7,31,24
0022501098,2025-26,WAS,LAL,0,101,120,-19,2,1,2,-1,Fewer,3,3,1.0,10,-7,16,12
0022501099,2025-26,PHX,ORL,0,111,115,-4,3,2,2,0,Tied,15,11,0.7333333333333333,25,-10,33,25
0022501099,2025-26,ORL,PHX,1,115,111,4,4,2,2,0,Tied,25,20,0.8,15,10,39,33
0022501100,2025-26,CHA,BKN,1,117,86,31,2,1,2,-1,Fewer,6,5,0.8333333333333334,12,-6,23,21
0022501100,2025-26,BKN,CHA,0,86,117,-31,2,2,1,1,More,12,10,0.8333333333333334,6,6,27,23
0022501101,2025-26,DET,TOR,1,127,116,11,3,3,1,2,More,12,10,0.8333333333333334,8,4,28,24
0022501101,2025-26,TOR,DET,0,116,127,-11,3,1,3,-2,Fewer,8,5,0.625,12,-4,29,19
0022501102,2025-26,HOU,NYK,1,111,94,17,3,2,1,1,More,6,4,0.6666666666666666,2,4,16,12
0022501102,2025-26,NYK,HOU,0,94,111,-17,1,1,2,-1,Fewer,2,2,1.0,6,-4,16,12
0022501103,2025-26,CLE,LAL,0,113,127,-14,3,2,1,1,More,8,5,0.625,8,0,19,14
0022501103,2025-26,LAL,CLE,1,127,113,14,1,1,2,-1,Fewer,8,8,1.0,8,0,26,24
0022501104,2025-26,POR,LAC,1,114,104,10,1,0,2,-2,Fewer,2,2,1.0,4,-2,17,16
0022501104,2025-26,LAC,POR,0,104,114,-10,2,2,0,2,More,4,3,0.75,2,2,22,17
0022501105,2025-26,WAS,PHI,0,131,153,-22,3,3,0,3,More,7,6,0.8571428571428571,1,6,17,15
0022501105,2025-26,PHI,WAS,1,153,131,22,1,0,3,-3,Fewer,1,1,1.0,7,-6,15,14
0022501106,2025-26,BOS,MIA,1,147,129,18,1,1,1,0,Tied,6,5,0.8333333333333334,6,0,20,14
0022501106,2025-26,MIA,BOS,0,129,147,-18,1,1,1,0,Tied,6,4,0.6666666666666666,6,0,23,17
0022501107,2025-26,ATL,ORL,1,130,101,29,3,2,2,0,Tied,11,8,0.7272727272727273,17,-6,24,20
0022501107,2025-26,ORL,ATL,0,101,130,-29,4,2,2,0,Tied,17,15,0.8823529411764706,11,6,29,23
0022501108,2025-26,SAC,TOR,1,123,115,8,2,2,1,1,More,9,7,0.7777777777777778,14,-5,29,27
0022501108,2025-26,TOR,SAC,0,115,123,-8,2,1,2,-1,Fewer,14,9,0.6428571428571429,9,5,32,22
0022501109,2025-26,IND,CHI,1,145,126,19,0,0,3,-3,Fewer,0,0,,6,-6,10,9
0022501109,2025-26,CHI,IND,0,126,145,-19,3,3,0,3,More,6,5,0.8333333333333334,0,6,24,17
0022501110,2025-26,MIL,HOU,0,113,119,-6,1,1,0,1,More,6,5,0.8333333333333334,4,2,16,12
0022501110,2025-26,HOU,MIL,1,119,113,6,1,0,1,-1,Fewer,4,3,0.75,6,-2,22,19
0022501111,2025-26,DAL,MEM,1,120,112,8,2,2,1,1,More,8,7,0.875,4,4,24,19
0022501111,2025-26,MEM,DAL,0,112,120,-8,2,1,2,-1,Fewer,4,4,1.0,8,-4,21,15
0022501112,2025-26,DEN,UTA,1,130,117,13,3,3,1,2,More,15,11,0.7333333333333333,12,3,30,25
0022501112,2025-26,UTA,DEN,0,117,130,-13,4,1,3,-2,Fewer,12,7,0.5833333333333334,15,-3,25,17
0022501113,2025-26,SAS,GSW,1,127,113,14,3,2,2,0,Tied,15,12,0.8,7,8,28,23
0022501113,2025-26,GSW,SAS,0,113,127,-14,2,2,2,0,Tied,7,5,0.7142857142857143,15,-8,18,15
0022501114,2025-26,CHA,PHX,1,127,107,20,2,2,0,2,More,3,3,1.0,2,1,14,12
0022501114,2025-26,PHX,CHA,0,107,127,-20,1,0,2,-2,Fewer,2,1,0.5,3,-1,10,7
0022501115,2025-26,MIN,DET,0,108,113,-5,2,1,2,-1,Fewer,7,6,0.8571428571428571,12,-5,25,19
0022501115,2025-26,DET,MIN,1,113,108,5,2,2,1,1,More,12,9,0.75,7,5,29,21
0022501116,2025-26,OKC,LAL,1,139,96,43,1,1,1,0,Tied,3,3,1.0,6,-3,13,10
0022501116,2025-26,LAL,OKC,0,96,139,-43,2,1,1,0,Tied,6,4,0.6666666666666666,3,3,27,21
0022501117,2025-26,CLE,GSW,1,118,111,7,3,3,0,3,More,9,8,0.8888888888888888,2,7,25,17
0022501117,2025-26,GSW,CLE,0,111,118,-7,1,0,3,-3,Fewer,2,2,1.0,9,-7,16,14
0022501118,2025-26,POR,NOP,1,118,106,12,2,1,2,-1,Fewer,10,9,0.9,9,1,17,13
0022501118,2025-26,NOP,POR,0,106,118,-12,2,2,1,1,More,9,7,0.7777777777777778,10,-1,25,20
0022501119,2025-26,LAC,SAS,0,99,118,-19,3,3,0,3,More,8,6,0.75,2,6,17,14
0022501119,2025-26,SAS,LAC,1,118,99,19,1,0,3,-3,Fewer,2,2,1.0,8,-6,13,11
0022501120,2025-26,IND,CHA,0,108,129,-21,1,1,1,0,Tied,2,1,0.5,4,-2,10,7
0022501120,2025-26,CHA,IND,1,129,108,21,1,1,1,0,Tied,4,3,0.75,2,2,14,12
0022501121,2025-26,MIN,PHI,0,103,115,-12,1,1,1,0,Tied,5,4,0.8,9,-4,19,12
0022501121,2025-26,PHI,MIN,1,115,103,12,1,1,1,0,Tied,9,9,1.0,5,4,28,24
0022501122,2025-26,ATL,BKN,1,141,107,34,2,2,1,1,More,7,7,1.0,5,2,23,19
0022501122,2025-26,BKN,ATL,0,107,141,-34,2,1,2,-1,Fewer,5,3,0.6,7,-2,20,17
0022501123,2025-26,NYK,CHI,1,136,96,40,2,1,2,-1,Fewer,12,12,1.0,15,-3,28,25
0022501123,2025-26,CHI,NYK,0,96,136,-40,3,2,1,1,More,15,8,0.5333333333333333,12,3,26,15
0022501124,2025-26,HOU,UTA,1,140,106,34,4,4,0,4,More,7,7,1.0,5,2,29,22
0022501124,2025-26,UTA,HOU,0,106,140,-34,1,0,4,-4,Fewer,5,2,0.4,7,-2,22,15
0022501125,2025-26,TOR,MEM,1,128,96,32,4,3,1,2,More,22,16,0.7272727272727273,7,15,41,31
0022501125,2025-26,MEM,TOR,0,96,128,-32,3,1,3,-2,Fewer,7,4,0.5714285714285714,22,-15,26,17
0022501126,2025-26,BOS,MIL,1,133,101,32,1,1,1,0,Tied,5,5,1.0,2,3,18,15
0022501126,2025-26,MIL,BOS,0,101,133,-32,1,1,1,0,Tied,2,2,1.0,5,-3,12,9
0022501127,2025-26,DAL,ORL,0,127,138,-11,3,1,3,-2,Fewer,10,9,0.9,15,-5,27,22
0022501127,2025-26,ORL,DAL,1,138,127,11,3,3,1,2,More,15,14,0.9333333333333333,10,5,33,27
0022501128,2025-26,NOP,SAC,0,113,117,-4,1,1,2,-1,Fewer,2,2,1.0,10,-8,21,17
0022501128,2025-26,SAC,NOP,1,117,113,4,2,2,1,1,More,10,7,0.7,2,8,17,12
0022501129,2025-26,WAS,MIA,0,136,152,-16,2,2,2,0,Tied,3,2,0.6666666666666666,19,-16,20,17
0022501129,2025-26,MIA,WAS,1,152,136,16,4,2,2,0,Tied,19,17,0.8947368421052632,3,16,32,26
0022501130,2025-26,DEN,SAS,1,136,134,2,4,2,3,-1,Fewer,14,12,0.8571428571428571,9,5,22,19
0022501130,2025-26,SAS,DEN,0,134,136,-2,3,3,2,1,More,9,9,1.0,14,-5,25,23
0022501131,2025-26,PHI,DET,0,93,116,-23,1,0,1,-1,Fewer,2,2,1.0,7,-5,19,15
0022501131,2025-26,DET,PHI,1,116,93,23,1,1,0,1,More,7,6,0.8571428571428571,2,5,24,19
0022501132,2025-26,TOR,BOS,0,101,115,-14,0,0,1,-1,Fewer,0,0,,3,-3,18,13
0022501132,2025-26,BOS,TOR,1,115,101,14,1,1,0,1,More,3,2,0.6666666666666666,0,3,15,12
0022501133,2025-26,WAS,BKN,0,115,121,-6,2,2,1,1,More,8,3,0.375,6,2,27,17
0022501133,2025-26,BKN,WAS,1,121,115,6,2,1,2,-1,Fewer,6,5,0.8333333333333334,8,-2,23,20
0022501134,2025-26,CHI,PHX,0,110,120,-10,3,3,1,2,More,7,5,0.7142857142857143,12,-5,20,16
0022501134,2025-26,PHX,CHI,1,120,110,10,3,1,3,-2,Fewer,12,9,0.75,7,5,20,15
0022501135,2025-26,MIL,MEM,1,131,115,16,3,3,1,2,More,10,8,0.8,3,7,24,15
0022501135,2025-26,MEM,MIL,0,115,131,-16,2,1,3,-2,Fewer,3,3,1.0,10,-7,25,20
0022501136,2025-26,IND,CLE,0,108,117,-9,3,3,0,3,More,11,7,0.6363636363636364,0,11,29,25
0022501136,2025-26,CLE,IND,1,117,108,9,0,0,3,-3,Fewer,0,0,,11,-11,19,15
0022501137,2025-26,CHA,MIN,1,122,108,14,1,1,2,-1,Fewer,2,2,1.0,10,-8,15,13
0022501137,2025-26,MIN,CHA,0,108,122,-14,3,2,1,1,More,10,8,0.8,2,8,23,18
0022501138,2025-26,NOP,ORL,0,108,112,-4,3,2,2,0,Tied,13,11,0.8461538461538461,16,-3,35,25
0022501138,2025-26,ORL,NOP,1,112,108,4,3,2,2,0,Tied,16,11,0.6875,13,3,36,25
0022501139,2025-26,UTA,OKC,0,111,146,-35,1,1,1,0,Tied,2,2,1.0,1,1,15,11
0022501139,2025-26,OKC,UTA,1,146,111,35,1,1,1,0,Tied,1,1,1.0,2,-1,16,14
0022501140,2025-26,LAL,DAL,0,128,134,-6,2,1,2,-1,Fewer,10,6,0.6,15,-5,31,24
0022501140,2025-26,DAL,LAL,1,134,128,6,3,2,1,1,More,15,10,0.6666666666666666,10,5,36,28
0022501141,2025-26,LAC,SAC,1,138,109,29,3,1,2,-1,Fewer,6,6,1.0,8,-2,21,20
0022501141,2025-26,SAC,LAC,0,109,138,-29,3,2,1,1,More,8,4,0.5,6,2,20,10
0022501142,2025-26,HOU,GSW,1,117,116,1,2,2,0,2,More,8,6,0.75,5,3,18,15
0022501142,2025-26,GSW,HOU,0,116,117,-1,1,0,2,-2,Fewer,5,4,0.8,8,-3,20,18
0022501143,2025-26,NYK,ATL,1,108,105,3,1,1,0,1,More,2,2,1.0,0,2,17,13
0022501143,2025-26,ATL,NYK,0,105,108,-3,0,0,1,-1,Fewer,0,0,,2,-2,17,13
0022501144,2025-26,DET,ORL,0,107,123,-16,3,2,2,0,Tied,7,4,0.5714285714285714,20,-13,19,13
0022501144,2025-26,ORL,DET,1,123,107,16,3,2,2,0,Tied,20,14,0.7,7,13,39,30
0022501145,2025-26,MEM,CLE,0,126,142,-16,1,0,4,-4,Fewer,2,0,0.0,20,-18,9,6
0022501145,2025-26,CLE,MEM,1,142,126,16,4,4,0,4,More,20,13,0.65,2,18,37,26
0022501146,2025-26,SAS,PHI,1,115,102,13,2,0,3,-3,Fewer,9,6,0.6666666666666666,11,-2,22,16
0022501146,2025-26,PHI,SAS,0,102,115,-13,3,3,0,3,More,11,8,0.7272727272727273,9,2,29,24
0022501147,2025-26,POR,DEN,0,132,137,-5,2,2,1,1,More,12,10,0.8333333333333334,10,2,28,23
0022501147,2025-26,DEN,POR,1,137,132,5,3,1,2,-1,Fewer,10,9,0.9,12,-2,24,21
0022501148,2025-26,CHI,WAS,1,129,98,31,2,0,4,-4,Fewer,10,7,0.7,10,0,27,22
0022501148,2025-26,WAS,CHI,0,98,129,-31,4,4,0,4,More,10,6,0.6,10,0,19,11
0022501149,2025-26,BOS,CHA,1,113,102,11,1,1,0,1,More,4,3,0.75,0,4,11,10
0022501149,2025-26,CHA,BOS,0,102,113,-11,0,0,1,-1,Fewer,0,0,,4,-4,13,10
0022501150,2025-26,BKN,MIL,1,96,90,6,2,2,0,2,More,7,7,1.0,2,5,23,21
0022501150,2025-26,MIL,BKN,0,90,96,-6,1,0,2,-2,Fewer,2,1,0.5,7,-5,8,5
0022501151,2025-26,MIA,TOR,0,95,121,-26,2,2,1,1,More,6,5,0.8333333333333334,2,4,19,17
0022501151,2025-26,TOR,MIA,1,121,95,26,1,1,2,-1,Fewer,2,2,1.0,6,-4,15,10
0022501152,2025-26,IND,MIN,0,104,124,-20,3,3,0,3,More,12,10,0.8333333333333334,2,10,31,25
0022501152,2025-26,MIN,IND,1,124,104,20,1,0,3,-3,Fewer,2,2,1.0,12,-10,16,15
0022501153,2025-26,NOP,UTA,1,156,137,19,3,2,2,0,Tied,8,7,0.875,10,-2,23,20
0022501153,2025-26,UTA,NOP,0,137,156,-19,2,2,2,0,Tied,10,8,0.8,8,2,24,21
0022501154,2025-26,SAC,GSW,0,105,110,-5,2,0,2,-2,Fewer,4,3,0.75,10,-6,17,12
0022501154,2025-26,GSW,SAC,1,110,105,5,2,2,0,2,More,10,7,0.7,4,6,23,18
0022501155,2025-26,OKC,LAL,1,123,87,36,0,0,2,-2,Fewer,0,0,,10,-10,13,11
0022501155,2025-26,LAL,OKC,0,87,123,-36,2,2,0,2,More,10,5,0.5,0,10,31,14
0022501156,2025-26,LAC,DAL,1,116,103,13,2,1,3,-2,Fewer,10,6,0.6,10,0,28,20
0022501156,2025-26,DAL,LAC,0,103,116,-13,3,3,1,2,More,10,10,1.0,10,0,28,27
0022501157,2025-26,PHX,HOU,0,105,119,-14,2,2,1,1,More,19,16,0.8421052631578947,4,15,36,31
0022501157,2025-26,HOU,PHX,1,119,105,14,2,1,2,-1,Fewer,4,4,1.0,19,-15,15,14
0022501158,2025-26,ATL,CLE,0,116,122,-6,1,1,2,-1,Fewer,2,1,0.5,13,-11,15,10
0022501158,2025-26,CLE,ATL,1,122,116,6,2,2,1,1,More,13,12,0.9230769230769231,2,11,35,28
0022501159,2025-26,ORL,MIN,1,132,120,12,1,1,2,-1,Fewer,4,4,1.0,4,0,21,16
0022501159,2025-26,MIN,ORL,0,120,132,-12,2,2,1,1,More,4,3,0.75,4,0,14,12
0022501160,2025-26,DET,MIL,1,137,111,26,4,4,0,4,More,12,10,0.8333333333333334,15,-3,30,27
0022501160,2025-26,MIL,DET,0,111,137,-26,2,0,4,-4,Fewer,15,11,0.7333333333333333,12,3,27,21
0022501161,2025-26,SAS,POR,1,112,101,11,1,1,1,0,Tied,7,7,1.0,4,3,18,14
0022501161,2025-26,POR,SAS,0,101,112,-11,2,1,1,0,Tied,4,1,0.25,7,-3,10,5
0022501162,2025-26,DEN,MEM,1,136,119,17,2,1,2,-1,Fewer,10,9,0.9,11,-1,17,14
0022501162,2025-26,MEM,DEN,0,119,136,-17,2,2,1,1,More,11,8,0.7272727272727273,10,1,23,16
0022501163,2025-26,LAC,OKC,0,110,128,-18,2,1,1,0,Tied,13,10,0.7692307692307693,5,8,24,16
0022501163,2025-26,OKC,LAC,1,128,110,18,1,1,1,0,Tied,5,2,0.4,13,-8,21,16
0022501164,2025-26,PHX,DAL,1,112,107,5,0,0,2,-2,Fewer,0,0,,8,-8,17,14
0022501164,2025-26,DAL,PHX,0,107,112,-5,2,2,0,2,More,8,8,1.0,0,8,22,20
0022501165,2025-26,MIA,TOR,0,114,128,-14,1,0,3,-3,Fewer,2,1,0.5,16,-14,13,7
0022501165,2025-26,TOR,MIA,1,128,114,14,3,3,0,3,More,16,13,0.8125,2,14,33,26
0022501166,2025-26,WAS,CHI,0,108,119,-11,2,2,1,1,More,11,8,0.7272727272727273,4,7,27,22
0022501166,2025-26,CHI,WAS,1,119,108,11,2,1,2,-1,Fewer,4,4,1.0,11,-7,22,21
0022501167,2025-26,BKN,IND,0,94,123,-29,3,3,1,2,More,7,3,0.42857142857142855,5,2,18,11
0022501167,2025-26,IND,BKN,1,123,94,29,2,1,3,-2,Fewer,5,5,1.0,7,-2,18,13
0022501168,2025-26,NYK,BOS,1,112,106,6,2,2,1,1,More,6,4,0.6666666666666666,4,2,15,11
0022501168,2025-26,BOS,NYK,0,106,112,-6,1,1,2,-1,Fewer,4,4,1.0,6,-2,16,14
0022501169,2025-26,PHI,HOU,0,102,113,-11,1,1,3,-2,Fewer,3,2,0.6666666666666666,14,-11,23,15
0022501169,2025-26,HOU,PHI,1,113,102,11,4,3,1,2,More,14,10,0.7142857142857143,3,11,26,18
0022501170,2025-26,GSW,LAL,0,103,119,-16,1,1,0,1,More,2,2,1.0,0,2,11,11
0022501170,2025-26,LAL,GSW,1,119,103,16,0,0,1,-1,Fewer,0,0,,2,-2,6,3
0022501171,2025-26,CHA,DET,0,100,118,-18,3,3,1,2,More,7,6,0.8571428571428571,3,4,23,19
0022501171,2025-26,DET,CHA,1,118,100,18,1,1,3,-2,Fewer,3,3,1.0,7,-4,26,19
0022501172,2025-26,WAS,MIA,0,117,140,-23,3,2,1,1,More,7,5,0.7142857142857143,8,-1,14,11
0022501172,2025-26,MIA,WAS,1,140,117,23,1,1,2,-1,Fewer,8,8,1.0,7,1,26,22
0022501173,2025-26,CLE,ATL,0,102,124,-22,2,2,2,0,Tied,4,4,1.0,7,-3,18,17
0022501173,2025-26,ATL,CLE,1,124,102,22,3,2,2,0,Tied,7,4,0.5714285714285714,4,3,24,17
0022501174,2025-26,NOP,BOS,0,118,144,-26,3,3,1,2,More,14,10,0.7142857142857143,8,6,30,21
0022501174,2025-26,BOS,NOP,1,144,118,26,3,1,3,-2,Fewer,8,7,0.875,14,-6,14,10
0022501175,2025-26,IND,PHI,0,94,105,-11,0,0,1,-1,Fewer,0,0,,1,-1,16,14
0022501175,2025-26,PHI,IND,1,105,94,11,1,1,0,1,More,1,1,1.0,0,1,19,16
0022501176,2025-26,NYK,TOR,1,112,95,17,1,1,1,0,Tied,10,8,0.8,4,6,26,21
0022501176,2025-26,TOR,NYK,0,95,112,-17,1,1,1,0,Tied,4,2,0.5,10,-6,20,13
0022501177,2025-26,ORL,CHI,1,127,103,24,2,0,3,-3,Fewer,6,5,0.8333333333333334,10,-4,24,16
0022501177,2025-26,CHI,ORL,0,103,127,-24,3,3,0,3,More,10,5,0.5,6,4,24,16
0022501178,2025-26,HOU,MIN,0,132,136,-4,3,2,2,0,Tied,8,8,1.0,11,-3,28,22
0022501178,2025-26,MIN,HOU,1,136,132,4,2,2,2,0,Tied,11,8,0.7272727272727273,8,3,25,19
0022501179,2025-26,BKN,MIL,0,108,125,-17,1,1,0,1,More,2,2,1.0,2,0,16,14
0022501179,2025-26,MIL,BKN,1,125,108,17,1,0,1,-1,Fewer,2,2,1.0,2,0,14,10
0022501180,2025-26,DAL,SAS,0,120,139,-19,1,1,1,0,Tied,8,5,0.625,6,2,19,15
0022501180,2025-26,SAS,DAL,1,139,120,19,2,1,1,0,Tied,6,5,0.8333333333333334,8,-2,27,26
0022501181,2025-26,MEM,UTA,0,101,147,-46,0,0,0,0,Tied,0,0,,0,0,8,7
0022501181,2025-26,UTA,MEM,1,147,101,46,0,0,0,0,Tied,0,0,,0,0,17,8
0022501182,2025-26,DEN,OKC,1,127,107,20,1,1,0,1,More,4,4,1.0,2,2,13,12
0022501182,2025-26,OKC,DEN,0,107,127,-20,1,0,1,-1,Fewer,2,1,0.5,4,-2,12,9
0022501183,2025-26,POR,LAC,1,116,97,19,2,2,1,1,More,17,14,0.8235294117647058,2,15,34,29
0022501183,2025-26,LAC,POR,0,97,116,-19,1,1,2,-1,Fewer,2,2,1.0,17,-15,10,10
0022501184,2025-26,GSW,SAC,0,118,124,-6,3,1,2,-1,Fewer,13,12,0.9230769230769231,11,2,26,24
0022501184,2025-26,SAC,GSW,1,124,118,6,3,2,1,1,More,11,10,0.9090909090909091,13,-2,29,22
0022501185,2025-26,LAL,PHX,1,101,73,28,3,2,2,0,Tied,8,6,0.75,11,-3,28,21
0022501185,2025-26,PHX,LAL,0,73,101,-28,2,2,2,0,Tied,11,7,0.6363636363636364,8,3,21,14
0022501186,2025-26,ORL,BOS,0,108,113,-5,3,2,2,0,Tied,10,8,0.8,10,0,30,24
0022501186,2025-26,BOS,ORL,1,113,108,5,3,2,2,0,Tied,10,10,1.0,10,0,22,22
0022501187,2025-26,CLE,WAS,1,130,117,13,2,2,1,1,More,12,9,0.75,8,4,20,16
0022501187,2025-26,WAS,CLE,0,117,130,-13,1,1,2,-1,Fewer,8,8,1.0,12,-4,19,15
0022501188,2025-26,IND,DET,0,121,133,-12,2,2,1,1,More,4,4,1.0,4,0,20,16
0022501188,2025-26,DET,IND,1,133,121,12,1,1,2,-1,Fewer,4,3,0.75,4,0,20,17
0022501189,2025-26,MIA,ATL,1,143,117,26,1,0,2,-2,Fewer,6,5,0.8333333333333334,4,2,17,12
0022501189,2025-26,ATL,MIA,0,117,143,-26,2,2,0,2,More,4,1,0.25,6,-2,18,12
0022501190,2025-26,NYK,CHA,0,96,110,-14,0,0,3,-3,Fewer,0,0,,12,-12,8,5
0022501190,2025-26,CHA,NYK,1,110,96,14,3,3,0,3,More,12,9,0.75,0,12,17,13
0022501191,2025-26,PHI,MIL,1,126,106,20,1,1,2,-1,Fewer,2,1,0.5,10,-8,21,16
0022501191,2025-26,MIL,PHI,0,106,126,-20,3,2,1,1,More,10,6,0.6,2,8,22,15
0022501192,2025-26,TOR,BKN,1,136,101,35,3,3,1,2,More,13,10,0.7692307692307693,5,8,29,22
0022501192,2025-26,BKN,TOR,0,101,136,-35,3,1,3,-2,Fewer,5,5,1.0,13,-8,27,20
0022501193,2025-26,CHI,DAL,0,128,149,-21,3,3,1,2,More,7,5,0.7142857142857143,6,1,16,12
0022501193,2025-26,DAL,CHI,1,149,128,21,2,1,3,-2,Fewer,6,4,0.6666666666666666,7,-1,27,23
0022501194,2025-26,HOU,MEM,1,132,101,31,4,4,0,4,More,15,12,0.8,0,15,30,22
0022501194,2025-26,MEM,HOU,0,101,132,-31,0,0,4,-4,Fewer,0,0,,15,-15,9,9
0022501195,2025-26,MIN,NOP,1,132,126,6,3,2,2,0,Tied,25,19,0.76,17,8,43,32
0022501195,2025-26,NOP,MIN,0,126,132,-6,4,2,2,0,Tied,17,13,0.7647058823529411,25,-8,38,31
0022501196,2025-26,PHX,OKC,1,135,103,32,0,0,0,0,Tied,0,0,,0,0,6,3
0022501196,2025-26,OKC,PHX,0,103,135,-32,0,0,0,0,Tied,0,0,,0,0,9,3
0022501197,2025-26,SAS,DEN,0,118,128,-10,1,1,2,-1,Fewer,3,2,0.6666666666666666,11,-8,18,13
0022501197,2025-26,DEN,SAS,1,128,118,10,2,2,1,1,More,11,10,0.9090909090909091,3,8,22,17
0022501198,2025-26,UTA,LAL,0,107,131,-24,2,2,1,1,More,7,5,0.7142857142857143,8,-1,27,18
0022501198,2025-26,LAL,UTA,1,131,107,24,1,1,2,-1,Fewer,8,7,0.875,7,1,17,14
0022501199,2025-26,LAC,GSW,1,115,110,5,4,2,2,0,Tied,9,8,0.8888888888888888,14,-5,19,17
0022501199,2025-26,GSW,LAC,0,110,115,-5,4,2,2,0,Tied,14,11,0.7857142857142857,9,5,32,27
0022501200,2025-26,SAC,POR,0,110,122,-12,3,2,1,1,More,12,8,0.6666666666666666,4,8,31,23
0022501200,2025-26,POR,SAC,1,122,110,12,2,1,2,-1,Fewer,4,3,0.75,12,-8,15,12
0022501201,2025-26,ORL,MIA,1,117,108,9,1,1,2,-1,Fewer,2,2,1.0,6,-4,16,14
0022501201,2025-26,MIA,ORL,0,108,117,-9,2,2,1,1,More,6,6,1.0,2,4,19,16
0022501202,2025-26,TOR,NYK,0,101,117,-16,3,2,2,0,Tied,5,4,0.8,10,-5,18,12
0022501202,2025-26,NYK,TOR,1,117,101,16,2,2,2,0,Tied,10,6,0.6,5,5,28,17
0022501203,2025-26,PHX,OKC,0,89,138,-49,1,1,0,1,More,2,2,1.0,0,2,16,13
0022501203,2025-26,OKC,PHX,1,138,89,49,0,0,1,-1,Fewer,0,0,,2,-2,11,11
0022501204,2025-26,SAS,LAL,1,132,119,13,2,1,1,0,Tied,14,13,0.9285714285714286,4,10,34,27
0022501204,2025-26,LAL,SAS,0,119,132,-13,1,1,1,0,Tied,4,3,0.75,14,-10,23,17
0022501205,2025-26,HOU,LAC,1,115,113,2,3,2,2,0,Tied,11,8,0.7272727272727273,11,0,20,16
0022501205,2025-26,LAC,HOU,0,113,115,-2,3,2,2,0,Tied,11,7,0.6363636363636364,11,0,25,21
0022501206,2025-26,MIL,BOS,1,116,101,15,2,1,1,0,Tied,4,2,0.5,15,-11,14,11
0022501206,2025-26,BOS,MIL,0,101,116,-15,2,1,1,0,Tied,15,10,0.6666666666666666,4,11,24,18
0022501207,2025-26,POR,NOP,0,120,143,-23,2,2,1,1,More,7,6,0.8571428571428571,7,0,18,13
0022501207,2025-26,NOP,POR,1,143,120,23,2,1,2,-1,Fewer,7,5,0.7142857142857143,7,0,16,13
0022501208,2025-26,DEN,SAC,1,136,105,31,2,2,1,1,More,9,8,0.8888888888888888,2,7,29,20
0022501208,2025-26,SAC,DEN,0,105,136,-31,1,1,2,-1,Fewer,2,1,0.5,9,-7,23,16
0022501209,2025-26,CHI,CHA,1,129,126,3,2,2,0,2,More,8,7,0.875,1,7,19,15
0022501209,2025-26,CHA,CHI,0,126,129,-3,1,0,2,-2,Fewer,1,1,1.0,8,-7,10,8
0022501210,2025-26,DET,ATL,1,142,115,27,1,1,3,-2,Fewer,6,5,0.8333333333333334,17,-11,28,23
0022501210,2025-26,ATL,DET,0,115,142,-27,3,3,1,2,More,17,13,0.7647058823529411,6,11,31,26
0022501211,2025-26,PHI,IND,1,115,105,10,4,4,0,4,More,20,15,0.75,6,14,41,31
0022501211,2025-26,IND,PHI,0,105,115,-10,1,0,4,-4,Fewer,6,5,0.8333333333333334,20,-14,19,16
0022501212,2025-26,WAS,CLE,0,126,130,-4,2,1,3,-2,Fewer,9,8,0.8888888888888888,20,-11,31,25
0022501212,2025-26,CLE,WAS,1,130,126,4,4,3,1,2,More,20,18,0.9,9,11,36,33
0022501213,2025-26,UTA,MEM,1,130,126,4,3,3,0,3,More,7,4,0.5714285714285714,6,1,21,14
0022501213,2025-26,MEM,UTA,0,126,130,-4,2,0,3,-3,Fewer,6,3,0.5,7,-1,21,15
0022501214,2025-26,BKN,DAL,0,111,119,-8,3,2,2,0,Tied,6,5,0.8333333333333334,10,-4,19,16
0022501214,2025-26,DAL,BKN,1,119,111,8,3,2,2,0,Tied,10,8,0.8,6,4,19,16
0022501215,2025-26,GSW,MIN,0,120,127,-7,3,2,2,0,Tied,13,10,0.7692307692307693,15,-2,22,17
0022501215,2025-26,MIN,GSW,1,127,120,7,4,2,2,0,Tied,15,11,0.7333333333333333,13,2,28,20
0022501216,2025-26,WAS,IND,1,108,89,19,2,0,3,-3,Fewer,5,4,0.8,10,-5,20,11
0022501216,2025-26,IND,WAS,0,89,108,-19,3,3,0,3,More,10,7,0.7,5,5,21,17
0022501217,2025-26,ATL,PHI,1,120,117,3,2,2,2,0,Tied,6,6,1.0,14,-8,19,16
0022501217,2025-26,PHI,ATL,0,117,120,-3,2,2,2,0,Tied,14,12,0.8571428571428571,6,8,29,24
0022501218,2025-26,CLE,CHA,0,111,119,-8,4,3,2,1,More,16,13,0.8125,14,2,28,22
0022501218,2025-26,CHA,CLE,1,119,111,8,3,2,3,-1,Fewer,14,10,0.7142857142857143,16,-2,21,16
0022501219,2025-26,MIL,BKN,0,82,127,-45,1,1,2,-1,Fewer,2,2,1.0,7,-5,16,12
0022501219,2025-26,BKN,MIL,1,127,82,45,2,2,1,1,More,7,7,1.0,2,5,19,18
0022501220,2025-26,SAC,MIN,0,103,117,-14,3,2,2,0,Tied,17,14,0.8235294117647058,13,4,24,18
0022501220,2025-26,MIN,SAC,1,117,103,14,2,2,2,0,Tied,13,12,0.9230769230769231,17,-4,25,19
0022501221,2025-26,POR,GSW,1,136,131,5,2,2,1,1,More,12,12,1.0,9,3,28,25
0022501221,2025-26,GSW,POR,0,131,136,-5,2,1,2,-1,Fewer,9,6,0.6666666666666666,12,-3,22,18
0022501222,2025-26,BOS,DET,0,105,112,-7,3,2,1,1,More,14,9,0.6428571428571429,10,4,25,18
0022501222,2025-26,DET,BOS,1,112,105,7,3,1,2,-1,Fewer,10,7,0.7,14,-4,25,17
0022501223,2025-26,CHI,NOP,0,104,114,-10,1,1,2,-1,Fewer,6,5,0.8333333333333334,9,-3,17,15
0022501223,2025-26,NOP,CHI,1,114,104,10,3,2,1,1,More,9,9,1.0,6,3,24,20
0022501224,2025-26,UTA,DAL,1,140,133,7,3,2,2,0,Tied,11,11,1.0,22,-11,32,26
0022501224,2025-26,DAL,UTA,0,133,140,-7,4,2,2,0,Tied,22,14,0.6363636363636364,11,11,39,26
0022501225,2025-26,DEN,HOU,1,128,125,3,3,0,3,-3,Fewer,12,8,0.6666666666666666,11,1,30,24
0022501225,2025-26,HOU,DEN,0,125,128,-3,3,3,0,3,More,11,7,0.6363636363636364,12,-1,22,16
0022501226,2025-26,MEM,LAC,1,121,103,18,1,0,2,-2,Fewer,2,2,1.0,12,-10,16,14
0022501226,2025-26,LAC,MEM,0,103,121,-18,2,2,0,2,More,12,10,0.8333333333333334,2,10,22,16
0022501227,2025-26,TOR,MIA,1,106,96,10,0,0,1,-1,Fewer,0,0,,5,-5,9,6
0022501227,2025-26,MIA,TOR,0,96,106,-10,1,1,0,1,More,5,5,1.0,0,5,23,17
0022501228,2025-26,PHX,LAL,0,114,116,-2,1,1,2,-1,Fewer,11,10,0.9090909090909091,17,-6,24,20
0022501228,2025-26,LAL,PHX,1,116,114,2,3,2,1,1,More,17,12,0.7058823529411765,11,6,38,30
0022501229,2025-26,ORL,NYK,0,120,132,-12,2,0,3,-3,Fewer,11,9,0.8181818181818182,17,-6,25,17
0022501229,2025-26,NYK,ORL,1,132,120,12,3,3,0,3,More,17,12,0.7058823529411765,11,6,30,22
0022501230,2025-26,SAS,OKC,1,111,109,2,3,2,1,1,More,22,17,0.7727272727272727,15,7,32,24
0022501230,2025-26,OKC,SAS,0,109,111,-2,2,1,2,-1,Fewer,15,12,0.8,22,-7,27,24
