season,team,games,wins,average_bonus_fta,total_bonus_fta,total_bonus_ftm,average_periods_first_to_bonus,average_point_difference,win_percentage,bonus_ft_percentage
1996-97,ATL,82,56,10.804878048780488,886,675,1.7439024390243902,5.439024390243903,68.29268292682927,76.18510158013544
1997-98,ATL,82,50,13.853658536585366,1136,858,2.1463414634146343,3.5121951219512195,60.97560975609756,75.52816901408451
1998-99,ATL,50,31,14.88,744,544,2.18,2.9,62.0,73.11827956989248
1999-00,ATL,82,28,12.0,984,750,1.829268292682927,-5.378048780487805,34.146341463414636,76.21951219512195
2000-01,ATL,82,25,8.74390243902439,717,547,1.4878048780487805,-5.2073170731707314,30.48780487804878,76.29009762900976
2001-02,ATL,82,33,8.841463414634147,725,564,1.5,-4.2317073170731705,40.243902439024396,77.79310344827586
2002-03,ATL,82,35,9.695121951219512,795,622,1.7195121951219512,-3.5609756097560976,42.68292682926829,78.23899371069183
2003-04,ATL,82,28,9.451219512195122,775,602,1.5609756097560976,-4.646341463414634,34.146341463414636,77.6774193548387
2004-05,ATL,82,13,9.829268292682928,806,586,1.3048780487804879,-9.707317073170731,15.853658536585366,72.7047146401985
2005-06,ATL,82,26,11.134146341463415,913,669,1.5853658536585367,-4.7560975609756095,31.70731707317073,73.2749178532311
2006-07,ATL,82,30,11.573170731707316,949,728,1.524390243902439,-4.7560975609756095,36.58536585365854,76.71232876712328
2007-08,ATL,82,37,11.268292682926829,924,731,1.829268292682927,-1.8170731707317074,45.1219512195122,79.11255411255411
2008-09,ATL,82,47,9.695121951219512,795,581,1.646341463414634,1.5731707317073171,57.3170731707317,73.0817610062893
2009-10,ATL,82,53,8.195121951219512,672,533,1.6097560975609757,4.658536585365853,64.63414634146342,79.31547619047619
2010-11,ATL,82,44,7.353658536585366,603,478,1.2317073170731707,-0.8170731707317073,53.65853658536586,79.27031509121062
2011-12,ATL,66,40,7.333333333333333,484,364,1.6515151515151516,3.4393939393939394,60.60606060606061,75.20661157024794
2012-13,ATL,82,44,5.7926829268292686,475,347,1.2560975609756098,0.4024390243902439,53.65853658536586,73.05263157894737
2013-14,ATL,82,38,8.048780487804878,660,523,1.5,-0.47560975609756095,46.34146341463415,79.24242424242425
2014-15,ATL,82,60,7.951219512195122,652,516,1.4024390243902438,5.426829268292683,73.17073170731707,79.14110429447852
2015-16,ATL,82,48,5.7560975609756095,472,365,1.2073170731707317,3.6097560975609757,58.536585365853654,77.33050847457628
2016-17,ATL,82,43,8.75609756097561,718,544,1.548780487804878,-0.8536585365853658,52.4390243902439,75.76601671309191
2017-18,ATL,82,24,7.439024390243903,610,482,1.4390243902439024,-5.451219512195122,29.268292682926827,79.01639344262294
2018-19,ATL,82,29,10.109756097560975,829,637,1.670731707317073,-6.024390243902439,35.36585365853659,76.83956574185767
2019-20,ATL,67,20,8.955223880597014,600,487,1.4776119402985075,-7.970149253731344,29.850746268656714,81.16666666666667
2020-21,ATL,72,41,9.680555555555555,697,579,1.7083333333333333,2.3194444444444446,56.94444444444444,83.0703012912482
2021-22,ATL,82,43,9.146341463414634,750,633,1.8170731707317074,1.5609756097560976,52.4390243902439,84.39999999999999
2022-23,ATL,82,41,7.353658536585366,603,500,1.524390243902439,0.2926829268292683,50.0,82.91873963515755
2023-24,ATL,82,36,7.378048780487805,605,492,1.4268292682926829,-2.182926829268293,43.90243902439025,81.32231404958678
2024-25,ATL,82,40,8.073170731707316,662,533,1.4268292682926829,-1.1341463414634145,48.78048780487805,80.51359516616314
2025-26,ATL,82,46,7.073170731707317,580,453,1.3414634146341464,2.4146341463414633,56.09756097560976,78.10344827586206
2012-13,BKN,82,49,9.475609756097562,777,566,1.7439024390243902,1.7804878048780488,59.756097560975604,72.84427284427284
2013-14,BKN,82,44,8.512195121951219,698,520,1.5609756097560976,-1.0,53.65853658536586,74.49856733524355
2014-15,BKN,82,38,8.353658536585366,685,520,1.6341463414634145,-2.8780487804878048,46.34146341463415,75.91240875912408
2015-16,BKN,82,21,7.097560975609756,582,450,1.3414634146341464,-7.353658536585366,25.609756097560975,77.31958762886599
2016-17,BKN,82,20,8.0,656,514,1.353658536585366,-6.7317073170731705,24.390243902439025,78.35365853658537
2017-18,BKN,82,28,7.926829268292683,650,481,1.3414634146341464,-3.7439024390243905,34.146341463414636,74.0
2018-19,BKN,82,42,10.817073170731707,887,666,1.7073170731707317,-0.07317073170731707,51.21951219512195,75.08455467869221
2019-20,BKN,72,35,10.027777777777779,722,549,1.75,-0.5694444444444444,48.61111111111111,76.0387811634349
2020-21,BKN,72,48,7.763888888888889,559,439,1.4027777777777777,4.5,66.66666666666666,78.53309481216458
2021-22,BKN,82,44,8.158536585365853,669,550,1.5121951219512195,0.7804878048780488,53.65853658536586,82.21225710014947
2022-23,BKN,82,45,7.646341463414634,627,504,1.2439024390243902,0.8536585365853658,54.87804878048781,80.38277511961722
2023-24,BKN,82,32,7.134146341463414,585,443,1.4024390243902438,-2.8902439024390243,39.02439024390244,75.72649572649573
2024-25,BKN,82,26,7.2926829268292686,598,474,1.329268292682927,-7.109756097560975,31.70731707317073,79.26421404682274
2025-26,BKN,82,20,7.695121951219512,631,497,1.5609756097560976,-9.987804878048781,24.390243902439025,78.76386687797148
1996-97,BOS,82,15,11.414634146341463,936,718,1.7926829268292683,-7.329268292682927,18.29268292682927,76.70940170940172
1997-98,BOS,82,36,10.682926829268293,876,645,1.0975609756097562,-2.6219512195121952,43.90243902439025,73.63013698630137
1998-99,BOS,50,19,8.48,424,301,0.92,-1.86,38.0,70.99056603773585
1999-00,BOS,82,35,12.207317073170731,1001,762,1.3170731707317074,-0.7560975609756098,42.68292682926829,76.12387612387612
2000-01,BOS,82,36,11.609756097560975,952,714,1.8048780487804879,-2.1341463414634148,43.90243902439025,75.0
2001-02,BOS,82,49,9.329268292682928,765,602,1.475609756097561,2.207317073170732,59.756097560975604,78.69281045751634
2002-03,BOS,82,44,9.853658536585366,808,616,1.6341463414634145,-0.3902439024390244,53.65853658536586,76.23762376237624
2003-04,BOS,82,36,11.475609756097562,941,698,1.7926829268292683,-1.451219512195122,43.90243902439025,74.17640807651435
2004-05,BOS,82,45,13.024390243902438,1068,824,1.7439024390243902,0.8658536585365854,54.87804878048781,77.15355805243446
2005-06,BOS,82,33,11.402439024390244,935,708,1.5121951219512195,-1.5365853658536586,40.243902439024396,75.72192513368984
2006-07,BOS,82,24,9.963414634146341,817,637,1.5731707317073171,-3.4146341463414633,29.268292682926827,77.96817625458996
2007-08,BOS,82,66,10.317073170731707,846,661,1.524390243902439,10.25609756097561,80.48780487804879,78.1323877068558
2008-09,BOS,82,62,10.560975609756097,866,666,1.7560975609756098,7.512195121951219,75.60975609756098,76.905311778291
2009-10,BOS,82,50,10.365853658536585,850,634,1.7560975609756098,3.658536585365854,60.97560975609756,74.58823529411764
2010-11,BOS,82,56,7.963414634146342,653,496,1.3414634146341464,5.365853658536586,68.29268292682927,75.95712098009189
2011-12,BOS,66,39,6.015151515151516,397,298,1.3181818181818181,2.515151515151515,59.09090909090909,75.06297229219143
2012-13,BOS,81,41,6.2592592592592595,507,386,1.2345679012345678,-0.2222222222222222,50.617283950617285,76.13412228796844
2013-14,BOS,82,25,6.512195121951219,534,394,1.170731707317073,-4.463414634146342,30.48780487804878,73.78277153558052
2014-15,BOS,82,40,6.317073170731708,518,395,1.0731707317073171,0.15853658536585366,48.78048780487805,76.25482625482626
2015-16,BOS,82,48,8.463414634146341,694,555,1.3902439024390243,3.207317073170732,58.536585365853654,79.97118155619597
2016-17,BOS,82,53,8.024390243902438,658,527,1.2317073170731707,2.6341463414634148,64.63414634146342,80.09118541033435
2017-18,BOS,82,55,7.2560975609756095,595,456,1.4146341463414633,3.5853658536585367,67.07317073170732,76.63865546218489
2018-19,BOS,82,49,7.829268292682927,642,510,1.4268292682926829,4.439024390243903,59.756097560975604,79.43925233644859
2019-20,BOS,72,48,8.583333333333334,618,501,1.625,6.305555555555555,66.66666666666666,81.06796116504854
2020-21,BOS,72,36,7.638888888888889,550,410,1.25,1.4583333333333333,50.0,74.54545454545455
2021-22,BOS,82,51,7.585365853658536,622,516,1.4878048780487805,7.280487804878049,62.19512195121951,82.95819935691318
2022-23,BOS,82,57,6.926829268292683,568,457,1.5121951219512195,6.524390243902439,69.51219512195121,80.45774647887323
2023-24,BOS,82,64,6.158536585365853,505,411,1.4634146341463414,11.341463414634147,78.04878048780488,81.38613861386138
2024-25,BOS,82,61,6.634146341463414,544,429,1.548780487804878,9.109756097560975,74.39024390243902,78.86029411764706
2025-26,BOS,82,56,6.7560975609756095,554,452,1.3658536585365855,7.695121951219512,68.29268292682927,81.58844765342961
2004-05,CHA,82,18,11.804878048780488,968,722,1.6341463414634145,-5.987804878048781,21.951219512195124,74.58677685950413
2005-06,CHA,82,26,12.207317073170731,1001,748,1.646341463414634,-4.0,31.70731707317073,74.72527472527473
2006-07,CHA,82,33,10.646341463414634,873,663,1.4146341463414633,-3.7439024390243905,40.243902439024396,75.94501718213058
2007-08,CHA,82,32,10.317073170731707,846,599,1.7439024390243902,-4.378048780487805,39.02439024390244,70.80378250591016
2008-09,CHA,82,35,8.914634146341463,731,559,1.548780487804878,-1.2682926829268293,42.68292682926829,76.47058823529412
2009-10,CHA,82,44,10.75609756097561,882,647,1.9268292682926829,1.4634146341463414,53.65853658536586,73.35600907029477
2010-11,CHA,82,34,9.036585365853659,741,562,1.5975609756097562,-4.0,41.46341463414634,75.84345479082322
2011-12,CHA,66,7,7.7727272727272725,513,391,1.4242424242424243,-13.909090909090908,10.606060606060606,76.21832358674465
2012-13,CHA,82,21,8.74390243902439,717,531,1.6951219512195121,-9.231707317073171,25.609756097560975,74.05857740585773
2013-14,CHA,82,43,8.073170731707316,662,505,1.6219512195121952,-0.21951219512195122,52.4390243902439,76.28398791540786
2014-15,CHA,82,33,9.060975609756097,743,560,1.7317073170731707,-3.1707317073170733,40.243902439024396,75.37012113055181
2015-16,CHA,82,48,8.463414634146341,694,553,1.7317073170731707,2.7195121951219514,58.536585365853654,79.68299711815561
2016-17,CHA,82,36,7.2926829268292686,598,485,1.7804878048780488,0.1951219512195122,43.90243902439025,81.10367892976589
2017-18,CHA,82,36,10.329268292682928,847,629,2.0,0.25609756097560976,43.90243902439025,74.2621015348288
2018-19,CHA,82,39,8.865853658536585,727,568,1.5853658536585367,-1.0975609756097562,47.5609756097561,78.1292984869326
2019-20,CHA,65,23,8.76923076923077,570,434,1.6,-6.753846153846154,35.38461538461539,76.14035087719299
2020-21,CHA,72,33,7.291666666666667,525,406,1.5694444444444444,-1.9305555555555556,45.83333333333333,77.33333333333333
2021-22,CHA,82,43,7.146341463414634,586,439,1.4146341463414633,0.43902439024390244,52.4390243902439,74.9146757679181
2022-23,CHA,82,27,7.780487804878049,638,493,1.646341463414634,-6.2439024390243905,32.926829268292686,77.27272727272727
2023-24,CHA,82,21,5.365853658536586,440,342,1.2195121951219512,-10.24390243902439,25.609756097560975,77.72727272727272
2024-25,CHA,82,19,6.2926829268292686,516,407,1.3414634146341464,-9.109756097560975,23.170731707317074,78.87596899224806
2025-26,CHA,82,44,7.890243902439025,647,534,1.5,4.829268292682927,53.65853658536586,82.53477588871716
1996-97,CHH,82,54,11.304878048780488,927,717,1.7073170731707317,1.8658536585365855,65.85365853658537,77.34627831715211
1997-98,CHH,82,51,12.792682926829269,1049,789,1.9268292682926829,2.0,62.19512195121951,75.21448999046711
1998-99,CHH,50,26,12.98,649,485,1.96,-0.1,52.0,74.73035439137135
1999-00,CHH,82,49,15.707317073170731,1288,972,2.1951219512195124,2.6707317073170733,59.756097560975604,75.46583850931677
2000-01,CHH,82,46,11.012195121951219,903,654,1.7804878048780488,2.097560975609756,56.09756097560976,72.42524916943522
2001-02,CHH,82,44,9.829268292682928,806,602,1.548780487804878,0.9634146341463414,53.65853658536586,74.68982630272953
1996-97,CHI,82,69,9.548780487804878,783,569,1.670731707317073,10.804878048780488,84.14634146341463,72.66922094508301
1997-98,CHI,82,62,10.951219512195122,898,669,1.7317073170731707,7.109756097560975,75.60975609756098,74.49888641425389
1998-99,CHI,50,13,10.18,509,374,1.72,-9.46,26.0,73.47740667976424
1999-00,CHI,82,17,12.71951219512195,1043,752,1.8170731707317074,-9.402439024390244,20.73170731707317,72.09971236816874
2000-01,CHI,82,15,9.71951219512195,797,591,1.451219512195122,-9.097560975609756,18.29268292682927,74.15307402760351
2001-02,CHI,82,21,8.853658536585366,726,531,1.475609756097561,-8.536585365853659,25.609756097560975,73.14049586776859
2002-03,CHI,82,30,10.182926829268293,835,612,1.3902439024390243,-5.134146341463414,36.58536585365854,73.2934131736527
2003-04,CHI,82,23,8.414634146341463,690,507,1.2804878048780488,-6.353658536585366,28.04878048780488,73.47826086956522
2004-05,CHI,82,47,10.865853658536585,891,662,1.4390243902439024,1.0609756097560976,57.3170731707317,74.29854096520762
2005-06,CHI,82,41,9.987804878048781,819,627,1.3780487804878048,0.6341463414634146,50.0,76.55677655677655
2006-07,CHI,82,49,10.841463414634147,889,673,1.5731707317073171,5.012195121951219,59.756097560975604,75.70303712035995
2007-08,CHI,82,33,9.487804878048781,778,590,1.4268292682926829,-3.0853658536585367,40.243902439024396,75.83547557840618
2008-09,CHI,82,41,9.524390243902438,781,619,1.4268292682926829,-0.2804878048780488,50.0,79.25736235595392
2009-10,CHI,82,41,8.71951219512195,715,529,1.548780487804878,-1.6341463414634145,50.0,73.98601398601399
2010-11,CHI,82,62,7.939024390243903,651,490,1.5,7.317073170731708,75.60975609756098,75.26881720430107
2011-12,CHI,66,50,6.151515151515151,406,293,1.3181818181818181,8.181818181818182,75.75757575757575,72.16748768472905
2012-13,CHI,82,45,7.975609756097561,654,490,1.4878048780487805,0.3170731707317073,54.87804878048781,74.92354740061162
2013-14,CHI,82,48,8.390243902439025,688,542,1.5853658536585367,1.853658536585366,58.536585365853654,78.77906976744185
2014-15,CHI,82,50,9.804878048780488,804,625,1.8658536585365855,3.0,60.97560975609756,77.7363184079602
2015-16,CHI,82,42,7.390243902439025,606,483,1.4878048780487805,-1.475609756097561,51.21951219512195,79.70297029702971
2016-17,CHI,82,41,6.963414634146342,571,458,1.5731707317073171,0.4268292682926829,50.0,80.21015761821366
2017-18,CHI,82,27,5.841463414634147,479,382,1.3414634146341464,-7.036585365853658,32.926829268292686,79.74947807933194
2018-19,CHI,82,22,7.2439024390243905,594,461,1.3780487804878048,-8.414634146341463,26.82926829268293,77.60942760942761
2019-20,CHI,65,22,6.953846153846154,452,338,1.2,-3.076923076923077,33.84615384615385,74.77876106194691
2020-21,CHI,72,31,5.944444444444445,428,344,1.1527777777777777,-0.8888888888888888,43.05555555555556,80.37383177570094
2021-22,CHI,82,46,7.2926829268292686,598,491,1.4390243902439024,-0.3902439024390244,56.09756097560976,82.10702341137124
2022-23,CHI,82,40,6.353658536585366,521,420,1.451219512195122,1.2926829268292683,48.78048780487805,80.61420345489442
2023-24,CHI,82,39,7.085365853658536,581,469,1.3902439024390243,-1.4390243902439024,47.5609756097561,80.72289156626506
2024-25,CHI,82,39,5.926829268292683,486,386,1.2804878048780488,-1.5609756097560976,47.5609756097561,79.42386831275721
2025-26,CHI,82,31,7.7682926829268295,637,499,1.475609756097561,-5.2073170731707314,37.80487804878049,78.33594976452119
1996-97,CLE,82,42,9.402439024390244,771,574,1.353658536585366,1.8414634146341464,51.21951219512195,74.44876783398185
1997-98,CLE,82,47,12.939024390243903,1061,801,1.6219512195121952,2.731707317073171,57.3170731707317,75.49481621112159
1998-99,CLE,50,22,14.3,715,537,1.8,-1.72,44.0,75.1048951048951
1999-00,CLE,82,32,13.71951219512195,1125,831,1.7195121951219512,-3.5,39.02439024390244,73.86666666666667
2000-01,CLE,82,30,10.573170731707316,867,658,1.670731707317073,-4.2439024390243905,36.58536585365854,75.89388696655132
2001-02,CLE,82,29,9.097560975609756,746,582,1.5,-3.3292682926829267,35.36585365853659,78.01608579088472
2002-03,CLE,82,17,9.78048780487805,802,617,1.5365853658536586,-9.621951219512194,20.73170731707317,76.93266832917706
2003-04,CLE,82,35,9.060975609756097,743,558,1.5731707317073171,-2.6219512195121952,42.68292682926829,75.10094212651414
2004-05,CLE,82,42,9.987804878048781,819,633,1.5609756097560976,0.7926829268292683,51.21951219512195,77.2893772893773
2005-06,CLE,82,50,11.304878048780488,927,678,1.8048780487804879,2.231707317073171,60.97560975609756,73.13915857605178
2006-07,CLE,82,50,10.158536585365853,833,593,1.5121951219512195,3.8292682926829267,60.97560975609756,71.18847539015606
2007-08,CLE,82,45,8.865853658536585,727,536,1.5853658536585367,-0.35365853658536583,54.87804878048781,73.72764786795048
2008-09,CLE,82,66,8.341463414634147,684,522,1.5,8.926829268292684,80.48780487804879,76.31578947368422
2009-10,CLE,82,61,9.963414634146341,817,587,1.7560975609756098,6.524390243902439,74.39024390243902,71.8482252141983
2010-11,CLE,82,19,9.024390243902438,740,561,1.7439024390243902,-9.012195121951219,23.170731707317074,75.8108108108108
2011-12,CLE,66,21,8.636363636363637,570,404,1.606060606060606,-7.196969696969697,31.818181818181817,70.87719298245614
2012-13,CLE,82,24,6.890243902439025,565,417,1.1341463414634145,-4.682926829268292,29.268292682926827,73.80530973451327
2013-14,CLE,82,33,7.829268292682927,642,477,1.475609756097561,-3.292682926829268,40.243902439024396,74.29906542056075
2014-15,CLE,82,53,8.817073170731707,723,554,1.670731707317073,4.475609756097561,64.63414634146342,76.62517289073307
2015-16,CLE,82,57,8.439024390243903,692,515,1.4268292682926829,6.0,69.51219512195121,74.42196531791907
2016-17,CLE,82,51,8.304878048780488,681,526,1.6585365853658536,3.182926829268293,62.19512195121951,77.23935389133626
2017-18,CLE,82,50,9.036585365853659,741,563,1.829268292682927,0.9390243902439024,60.97560975609756,75.97840755735493
2018-19,CLE,82,19,7.829268292682927,642,495,1.2926829268292683,-9.609756097560975,23.170731707317074,77.10280373831776
2019-20,CLE,65,19,7.876923076923077,512,375,1.5538461538461539,-7.892307692307693,29.230769230769234,73.2421875
2020-21,CLE,72,22,8.166666666666666,588,453,1.5694444444444444,-8.444444444444445,30.555555555555557,77.04081632653062
2021-22,CLE,82,44,8.207317073170731,673,510,1.6219512195121952,2.1219512195121952,53.65853658536586,75.78008915304606
2022-23,CLE,82,51,8.121951219512194,666,521,1.646341463414634,5.378048780487805,62.19512195121951,78.22822822822822
2023-24,CLE,82,48,6.975609756097561,572,426,1.5,2.4146341463414633,58.536585365853654,74.47552447552448
2024-25,CLE,82,64,7.609756097560975,624,460,1.5121951219512195,9.536585365853659,78.04878048780488,73.71794871794873
2025-26,CLE,82,52,9.207317073170731,755,617,1.670731707317073,4.109756097560975,63.41463414634146,81.72185430463577
1996-97,DAL,82,24,9.597560975609756,787,563,1.6219512195121952,-6.353658536585366,29.268292682926827,71.53748411689962
1997-98,DAL,82,20,7.7560975609756095,636,479,1.329268292682927,-6.109756097560975,24.390243902439025,75.31446540880503
1998-99,DAL,50,19,9.68,484,363,1.56,-2.4,38.0,75.0
1999-00,DAL,82,40,8.731707317073171,716,561,1.3414634146341464,-0.573170731707317,48.78048780487805,78.35195530726257
2000-01,DAL,82,53,9.25609756097561,759,595,1.3414634146341464,4.280487804878049,64.63414634146342,78.39262187088273
2001-02,DAL,82,57,9.902439024390244,812,654,1.4878048780487805,4.2560975609756095,69.51219512195121,80.54187192118226
2002-03,DAL,82,60,8.585365853658537,704,581,1.5121951219512195,7.780487804878049,73.17073170731707,82.5284090909091
2003-04,DAL,82,52,8.939024390243903,733,595,1.6097560975609757,4.439024390243903,63.41463414634146,81.17326057298773
2004-05,DAL,82,58,12.75609756097561,1046,838,1.9024390243902438,5.7439024390243905,70.73170731707317,80.11472275334609
2005-06,DAL,82,60,13.402439024390244,1099,859,1.853658536585366,6.073170731707317,73.17073170731707,78.16196542311192
2006-07,DAL,82,67,10.292682926829269,844,681,1.6829268292682926,7.219512195121951,81.70731707317073,80.6872037914692
2007-08,DAL,82,51,9.951219512195122,816,668,1.5975609756097562,4.536585365853658,62.19512195121951,81.86274509803921
2008-09,DAL,82,50,8.475609756097562,695,592,1.670731707317073,1.975609756097561,60.97560975609756,85.17985611510791
2009-10,DAL,82,55,8.560975609756097,702,587,1.6341463414634145,2.7195121951219514,67.07317073170732,83.61823361823362
2010-11,DAL,82,57,8.621951219512194,707,554,1.6829268292682926,4.2317073170731705,69.51219512195121,78.35926449787836
2011-12,DAL,66,36,6.136363636363637,405,316,1.2424242424242424,0.9545454545454546,54.54545454545454,78.02469135802468
2012-13,DAL,82,41,7.182926829268292,589,467,1.3658536585365855,-0.5975609756097561,50.0,79.28692699490662
2013-14,DAL,82,49,7.524390243902439,617,498,1.2195121951219512,2.402439024390244,59.756097560975604,80.71312803889789
2014-15,DAL,82,50,8.073170731707316,662,506,1.4634146341463414,2.902439024390244,60.97560975609756,76.43504531722054
2015-16,DAL,82,42,7.487804878048781,614,483,1.4634146341463414,-0.3048780487804878,51.21951219512195,78.66449511400651
2016-17,DAL,82,33,5.524390243902439,453,348,1.1829268292682926,-2.926829268292683,40.243902439024396,76.82119205298014
2017-18,DAL,82,24,6.134146341463414,503,377,1.2560975609756098,-3.0365853658536586,29.268292682926827,74.95029821073558
2018-19,DAL,82,33,11.78048780487805,966,704,2.048780487804878,-1.2804878048780488,40.243902439024396,72.87784679089026
2019-20,DAL,75,43,10.0,750,588,1.8533333333333333,4.946666666666666,57.333333333333336,78.4
2020-21,DAL,72,42,7.611111111111111,548,418,1.5277777777777777,2.263888888888889,58.333333333333336,76.27737226277372
2021-22,DAL,82,52,8.231707317073171,675,518,1.7317073170731707,3.3048780487804876,63.41463414634146,76.74074074074075
2022-23,DAL,82,38,9.5,779,581,1.7073170731707317,0.07317073170731707,46.34146341463415,74.58279845956355
2023-24,DAL,82,50,8.048780487804878,660,511,1.6341463414634145,2.207317073170732,60.97560975609756,77.42424242424242
2024-25,DAL,82,39,7.560975609756097,620,486,1.5609756097560976,-1.1951219512195121,47.5609756097561,78.38709677419354
2025-26,DAL,82,26,10.207317073170731,837,610,2.0,-5.512195121951219,31.70731707317073,72.87933094384708
1996-97,DEN,82,21,10.170731707317072,834,640,1.6829268292682926,-6.280487804878049,25.609756097560975,76.73860911270984
1997-98,DEN,82,11,11.24390243902439,922,712,1.4878048780487805,-11.78048780487805,13.414634146341465,77.22342733188721
1998-99,DEN,50,14,11.74,587,452,1.72,-6.6,28.000000000000004,77.00170357751279
1999-00,DEN,82,35,12.146341463414634,996,738,1.5609756097560976,-2.1219512195121952,42.68292682926829,74.09638554216868
2000-01,DEN,82,40,10.548780487804878,865,629,1.6219512195121952,-2.4634146341463414,48.78048780487805,72.71676300578035
2001-02,DEN,82,27,8.292682926829269,680,508,1.2804878048780488,-5.817073170731708,32.926829268292686,74.70588235294117
2002-03,DEN,82,17,9.524390243902438,781,547,1.2926829268292683,-8.28048780487805,20.73170731707317,70.03841229193341
2003-04,DEN,82,43,11.182926829268293,917,711,1.829268292682927,1.0731707317073171,52.4390243902439,77.53544165757906
2004-05,DEN,82,49,13.146341463414634,1078,813,1.8658536585365855,2.024390243902439,59.756097560975604,75.41743970315399
2005-06,DEN,82,44,11.841463414634147,971,736,1.9390243902439024,0.23170731707317074,53.65853658536586,75.79814624098867
2006-07,DEN,82,45,12.682926829268293,1040,782,2.1097560975609757,1.6219512195121952,54.87804878048781,75.1923076923077
2007-08,DEN,82,50,13.475609756097562,1105,824,2.073170731707317,3.707317073170732,60.97560975609756,74.57013574660634
2008-09,DEN,82,54,13.658536585365853,1120,856,2.1097560975609757,3.4146341463414633,65.85365853658537,76.42857142857142
2009-10,DEN,82,53,13.609756097560975,1116,864,2.048780487804878,4.085365853658536,64.63414634146342,77.41935483870968
2010-11,DEN,82,50,10.987804878048781,901,683,1.7926829268292683,4.7560975609756095,60.97560975609756,75.8046614872364
2011-12,DEN,66,38,8.909090909090908,588,456,1.7878787878787878,2.878787878787879,57.57575757575758,77.55102040816327
2012-13,DEN,82,57,10.317073170731707,846,591,1.7682926829268293,5.085365853658536,69.51219512195121,69.8581560283688
2013-14,DEN,82,36,9.902439024390244,812,589,1.475609756097561,-2.1463414634146343,43.90243902439025,72.53694581280789
2014-15,DEN,82,30,8.268292682926829,678,497,1.4024390243902438,-3.548780487804878,36.58536585365854,73.30383480825958
2015-16,DEN,82,33,8.451219512195122,693,549,1.4268292682926829,-3.097560975609756,40.243902439024396,79.22077922077922
2016-17,DEN,82,40,9.048780487804878,742,580,1.6829268292682926,0.5121951219512195,48.78048780487805,78.16711590296495
2017-18,DEN,82,46,8.292682926829269,680,527,1.8048780487804879,1.475609756097561,56.09756097560976,77.5
2018-19,DEN,82,54,8.987804878048781,737,551,1.6585365853658536,3.951219512195122,65.85365853658537,74.76255088195387
2019-20,DEN,73,46,8.753424657534246,639,492,1.5890410958904109,2.1095890410958904,63.013698630136986,76.99530516431925
2020-21,DEN,72,47,7.944444444444445,572,460,1.4583333333333333,4.930555555555555,65.27777777777779,80.41958041958041
2021-22,DEN,82,48,7.890243902439025,647,510,1.6829268292682926,2.3048780487804876,58.536585365853654,78.82534775888718
2022-23,DEN,82,53,7.939024390243903,651,491,1.5731707317073171,3.3292682926829267,64.63414634146342,75.42242703533026
2023-24,DEN,82,57,7.121951219512195,584,445,1.2682926829268293,5.2560975609756095,69.51219512195121,76.1986301369863
2024-25,DEN,82,50,8.292682926829269,680,534,1.7073170731707317,3.8902439024390243,60.97560975609756,78.52941176470588
2025-26,DEN,82,54,11.109756097560975,911,738,1.9268292682926829,5.146341463414634,65.85365853658537,81.0098792535675
1996-97,DET,82,54,11.134146341463415,913,702,1.8414634146341464,5.2439024390243905,65.85365853658537,76.8893756845564
1997-98,DET,82,37,12.597560975609756,1033,778,1.7317073170731707,1.5731707317073171,45.1219512195122,75.31461761858664
1998-99,DET,50,29,11.32,566,416,1.64,3.42,57.99999999999999,73.4982332155477
1999-00,DET,82,42,15.78048780487805,1294,1009,1.9634146341463414,1.4390243902439024,51.21951219512195,77.97527047913447
2000-01,DET,82,32,13.585365853658537,1114,808,1.8780487804878048,-1.6951219512195121,39.02439024390244,72.5314183123878
2001-02,DET,82,50,11.292682926829269,926,720,1.7073170731707317,2.1341463414634148,60.97560975609756,77.7537796976242
2002-03,DET,82,50,11.353658536585366,931,725,1.951219512195122,3.682926829268293,60.97560975609756,77.87325456498388
2003-04,DET,82,54,11.865853658536585,973,720,1.951219512195122,5.841463414634147,65.85365853658537,73.99794450154162
2004-05,DET,82,54,11.585365853658537,950,729,1.8414634146341464,3.8658536585365852,65.85365853658537,76.73684210526316
2005-06,DET,82,64,10.170731707317072,834,603,1.6829268292682926,6.670731707317073,78.04878048780488,72.3021582733813
2006-07,DET,82,53,9.71951219512195,797,637,1.646341463414634,4.158536585365853,64.63414634146342,79.92471769134254
2007-08,DET,82,59,9.317073170731707,764,601,1.475609756097561,7.390243902439025,71.95121951219512,78.66492146596859
2008-09,DET,82,39,7.975609756097561,654,519,1.4024390243902438,-0.4878048780487805,47.5609756097561,79.35779816513761
2009-10,DET,82,27,9.792682926829269,803,564,1.5731707317073171,-5.109756097560975,32.926829268292686,70.23661270236613
2010-11,DET,82,30,6.829268292682927,560,411,1.353658536585366,-3.597560975609756,36.58536585365854,73.39285714285714
2011-12,DET,66,25,7.424242424242424,490,386,1.5606060606060606,-4.787878787878788,37.878787878787875,78.77551020408163
2012-13,DET,82,29,7.695121951219512,631,437,1.4268292682926829,-3.9878048780487805,35.36585365853659,69.25515055467511
2013-14,DET,82,29,9.536585365853659,782,530,1.6219512195121952,-3.658536585365854,35.36585365853659,67.77493606138107
2014-15,DET,82,32,7.426829268292683,609,433,1.4634146341463414,-1.0,39.02439024390244,71.10016420361248
2015-16,DET,82,44,10.390243902439025,852,557,1.6097560975609757,0.6097560975609756,53.65853658536586,65.3755868544601
2016-17,DET,82,37,6.158536585365853,505,358,1.2195121951219512,-1.1219512195121952,45.1219512195122,70.89108910891089
2017-18,DET,82,39,6.414634146341464,526,392,1.3048780487804879,-0.14634146341463414,47.5609756097561,74.52471482889734
2018-19,DET,82,41,9.548780487804878,783,587,1.6219512195121952,-0.24390243902439024,50.0,74.96807151979566
2019-20,DET,66,20,8.090909090909092,534,392,1.6363636363636365,-3.5606060606060606,30.303030303030305,73.40823970037454
2020-21,DET,72,20,8.472222222222221,610,451,1.4861111111111112,-4.472222222222222,27.77777777777778,73.9344262295082
2021-22,DET,82,23,7.536585365853658,618,494,1.2926829268292683,-7.719512195121951,28.04878048780488,79.93527508090615
2022-23,DET,82,17,9.71951219512195,797,603,1.5121951219512195,-8.21951219512195,20.73170731707317,75.65872020075282
2023-24,DET,82,14,6.2317073170731705,511,409,1.1219512195121952,-9.109756097560975,17.073170731707318,80.03913894324853
2024-25,DET,82,44,7.170731707317073,588,457,1.2439024390243902,1.9024390243902438,53.65853658536586,77.72108843537416
2025-26,DET,82,60,9.74390243902439,799,591,1.5365853658536586,8.158536585365853,73.17073170731707,73.9674593241552
1996-97,GSW,82,30,12.109756097560975,993,801,1.7439024390243902,-4.7073170731707314,36.58536585365854,80.66465256797582
1997-98,GSW,82,19,9.573170731707316,785,559,1.3048780487804879,-9.121951219512194,23.170731707317074,71.21019108280254
1998-99,GSW,50,21,9.56,478,344,1.24,-2.5,42.0,71.96652719665272
1999-00,GSW,82,19,12.878048780487806,1056,759,1.5609756097560976,-8.268292682926829,23.170731707317074,71.875
2000-01,GSW,82,17,10.036585365853659,823,579,1.6829268292682926,-9.048780487804878,20.73170731707317,70.35236938031592
2001-02,GSW,82,21,13.378048780487806,1097,796,1.8902439024390243,-5.402439024390244,25.609756097560975,72.56153144940748
2002-03,GSW,82,38,13.609756097560975,1116,860,1.951219512195122,-1.1341463414634145,46.34146341463415,77.06093189964157
2003-04,GSW,82,37,10.304878048780488,845,626,1.5853658536585367,-0.7317073170731707,45.1219512195122,74.0828402366864
2004-05,GSW,82,34,9.365853658536585,768,576,1.4390243902439024,-2.158536585365854,41.46341463414634,75.0
2005-06,GSW,82,34,11.390243902439025,934,678,1.5853658536585367,-1.353658536585366,41.46341463414634,72.59100642398288
2006-07,GSW,82,42,9.536585365853659,782,579,1.4146341463414633,-0.34146341463414637,51.21951219512195,74.04092071611254
2007-08,GSW,82,48,9.353658536585366,767,573,1.2195121951219512,2.207317073170732,58.536585365853654,74.70664928292047
2008-09,GSW,82,29,12.5,1025,809,1.7439024390243902,-3.7439024390243905,35.36585365853659,78.92682926829269
2009-10,GSW,82,26,9.341463414634147,766,606,1.3414634146341464,-3.597560975609756,31.70731707317073,79.11227154046998
2010-11,GSW,82,36,6.475609756097561,531,392,1.024390243902439,-2.3292682926829267,43.90243902439025,73.82297551789078
2011-12,GSW,66,23,4.96969696969697,328,256,0.8939393939393939,-3.409090909090909,34.84848484848485,78.04878048780488
2012-13,GSW,82,47,7.402439024390244,607,483,1.2560975609756098,0.8902439024390244,57.3170731707317,79.57166392092257
2013-14,GSW,82,51,6.7926829268292686,557,406,1.2439024390243902,4.804878048780488,62.19512195121951,72.89048473967684
2014-15,GSW,82,67,6.841463414634147,561,417,1.3048780487804879,10.097560975609756,81.70731707317073,74.33155080213903
2015-16,GSW,82,73,8.609756097560975,706,531,1.451219512195122,10.75609756097561,89.02439024390245,75.21246458923513
2016-17,GSW,82,67,7.963414634146342,653,505,1.524390243902439,11.634146341463415,81.70731707317073,77.33537519142419
2017-18,GSW,82,58,7.353658536585366,603,499,1.353658536585366,5.975609756097561,70.73170731707317,82.75290215588723
2018-19,GSW,82,57,7.975609756097561,654,527,1.3658536585365855,6.463414634146342,69.51219512195121,80.58103975535168
2019-20,GSW,65,15,8.569230769230769,557,450,1.4923076923076923,-8.707692307692307,23.076923076923077,80.78994614003591
2020-21,GSW,72,39,7.416666666666667,534,428,1.2777777777777777,1.0555555555555556,54.166666666666664,80.14981273408239
2021-22,GSW,82,53,6.939024390243903,569,451,1.2317073170731707,5.536585365853658,64.63414634146342,79.26186291739896
2022-23,GSW,82,44,6.402439024390244,525,411,1.1585365853658536,1.8048780487804879,53.65853658536586,78.28571428571428
2023-24,GSW,82,46,5.585365853658536,458,359,1.1829268292682926,2.6097560975609757,56.09756097560976,78.38427947598254
2024-25,GSW,82,48,7.7682926829268295,637,498,1.3780487804878048,3.3048780487804876,58.536585365853654,78.1789638932496
2025-26,GSW,82,37,7.573170731707317,621,495,1.4268292682926829,-0.5609756097560976,45.1219512195122,79.71014492753623
1996-97,HOU,82,57,10.402439024390244,853,649,1.7804878048780488,4.475609756097561,69.51219512195121,76.08440797186401
1997-98,HOU,82,41,11.378048780487806,933,708,1.7195121951219512,-0.7560975609756098,50.0,75.88424437299035
1998-99,HOU,50,31,10.4,520,389,1.82,2.32,62.0,74.8076923076923
1999-00,HOU,82,34,11.768292682926829,965,723,1.9024390243902438,-0.8658536585365854,41.46341463414634,74.92227979274611
2000-01,HOU,82,45,10.987804878048781,901,684,1.646341463414634,2.292682926829268,54.87804878048781,75.91564927857935
2001-02,HOU,82,28,8.109756097560975,665,505,1.6341463414634145,-4.890243902439025,34.146341463414636,75.93984962406014
2002-03,HOU,82,43,10.768292682926829,883,682,1.829268292682927,1.475609756097561,52.4390243902439,77.23669309173273
2003-04,HOU,82,45,8.390243902439025,688,528,1.4024390243902438,1.7317073170731707,54.87804878048781,76.74418604651163
2004-05,HOU,82,51,10.963414634146341,899,706,1.524390243902439,4.036585365853658,62.19512195121951,78.53170189098999
2005-06,HOU,82,34,9.792682926829269,803,618,1.5,-1.5853658536585367,41.46341463414634,76.96139476961395
2006-07,HOU,82,52,8.621951219512194,707,526,1.4268292682926829,4.853658536585366,63.41463414634146,74.3988684582744
2007-08,HOU,82,55,8.036585365853659,659,483,1.4390243902439024,4.682926829268292,67.07317073170732,73.2928679817906
2008-09,HOU,82,53,9.134146341463415,749,614,1.670731707317073,4.0,64.63414634146342,81.97596795727637
2009-10,HOU,82,42,9.341463414634147,766,614,1.6829268292682926,-0.36585365853658536,51.21951219512195,80.15665796344648
2010-11,HOU,82,43,9.292682926829269,762,600,1.548780487804878,2.182926829268293,52.4390243902439,78.74015748031496
2011-12,HOU,66,34,6.196969696969697,409,322,1.1515151515151516,0.22727272727272727,51.515151515151516,78.72860635696821
2012-13,HOU,82,45,7.682926829268292,630,471,1.4268292682926829,3.475609756097561,54.87804878048781,74.76190476190476
2013-14,HOU,82,54,13.292682926829269,1090,780,1.9634146341463414,4.560975609756097,65.85365853658537,71.55963302752293
2014-15,HOU,82,56,9.097560975609756,746,535,1.5,3.4390243902439024,68.29268292682927,71.71581769436997
2015-16,HOU,82,41,11.170731707317072,916,610,1.5853658536585367,0.1951219512195122,50.0,66.5938864628821
2016-17,HOU,82,55,7.634146341463414,626,481,1.4390243902439024,5.7682926829268295,67.07317073170732,76.8370607028754
2017-18,HOU,82,65,9.5,779,615,1.6829268292682926,8.475609756097562,79.26829268292683,78.94736842105263
2018-19,HOU,82,53,8.841463414634147,725,581,1.2439024390243902,4.7682926829268295,64.63414634146342,80.13793103448276
2019-20,HOU,72,44,9.402777777777779,677,541,1.4166666666666667,2.9583333333333335,61.111111111111114,79.91137370753324
2020-21,HOU,72,17,6.902777777777778,497,356,1.2222222222222223,-7.902777777777778,23.61111111111111,71.6297786720322
2021-22,HOU,82,20,9.731707317073171,798,563,1.7073170731707317,-8.475609756097562,24.390243902439025,70.5513784461153
2022-23,HOU,82,22,9.268292682926829,760,567,1.6829268292682926,-7.853658536585366,26.82926829268293,74.60526315789474
2023-24,HOU,82,41,8.341463414634147,684,510,1.4878048780487805,1.1219512195121952,50.0,74.56140350877193
2024-25,HOU,82,52,8.21951219512195,674,497,1.6341463414634145,4.512195121951219,63.41463414634146,73.73887240356083
2025-26,HOU,82,52,9.109756097560975,747,567,1.8902439024390243,5.219512195121951,63.41463414634146,75.90361445783132
1996-97,IND,82,39,13.560975609756097,1112,817,1.670731707317073,0.975609756097561,47.5609756097561,73.47122302158273
1997-98,IND,82,58,12.231707317073171,1003,785,1.6097560975609757,6.085365853658536,70.73170731707317,78.26520438683949
1998-99,IND,50,33,11.6,580,466,1.54,3.74,66.0,80.3448275862069
1999-00,IND,82,56,12.195121951219512,1000,796,1.9146341463414633,4.597560975609756,68.29268292682927,79.60000000000001
2000-01,IND,82,41,10.902439024390244,894,687,1.646341463414634,-0.1951219512195122,50.0,76.84563758389261
2001-02,IND,82,42,11.804878048780488,968,772,1.7317073170731707,0.2682926829268293,51.21951219512195,79.75206611570248
2002-03,IND,82,48,11.646341463414634,955,755,1.8170731707317074,3.4878048780487805,58.536585365853654,79.05759162303664
2003-04,IND,82,61,10.207317073170731,837,648,1.6219512195121952,5.7560975609756095,74.39024390243902,77.41935483870968
2004-05,IND,82,44,11.670731707317072,957,776,1.5975609756097562,0.7560975609756098,53.65853658536586,81.08672936259144
2005-06,IND,82,41,11.378048780487806,933,697,1.7804878048780488,1.8902439024390243,50.0,74.70525187566989
2006-07,IND,82,35,11.768292682926829,965,750,1.6219512195121952,-2.4390243902439024,42.68292682926829,77.720207253886
2007-08,IND,82,36,9.902439024390244,812,637,1.4024390243902438,-1.4024390243902438,43.90243902439025,78.44827586206897
2008-09,IND,82,36,8.170731707317072,670,527,1.329268292682927,-1.1097560975609757,43.90243902439025,78.65671641791045
2009-10,IND,82,32,8.597560975609756,705,522,1.2195121951219512,-3.0121951219512195,39.02439024390244,74.04255319148936
2010-11,IND,82,37,8.634146341463415,708,565,1.5853658536585367,-1.0731707317073171,45.1219512195122,79.80225988700565
2011-12,IND,66,42,10.075757575757576,665,512,1.6515151515151516,3.303030303030303,63.63636363636363,76.99248120300753
2012-13,IND,81,49,9.765432098765432,791,601,1.8271604938271604,4.0246913580246915,60.49382716049383,75.97977243994943
2013-14,IND,82,56,9.158536585365853,751,588,1.7560975609756098,4.402439024390244,68.29268292682927,78.29560585885486
2014-15,IND,82,38,8.878048780487806,728,565,1.4146341463414633,0.2804878048780488,46.34146341463415,77.60989010989012
2015-16,IND,82,45,8.060975609756097,661,500,1.4268292682926829,1.7073170731707317,54.87804878048781,75.642965204236
2016-17,IND,82,42,6.829268292682927,560,455,1.2804878048780488,-0.21951219512195122,51.21951219512195,81.25
2017-18,IND,82,48,5.719512195121951,469,373,1.2195121951219512,1.3780487804878048,58.536585365853654,79.53091684434968
2018-19,IND,82,48,8.012195121951219,657,485,1.4878048780487805,3.3292682926829267,58.536585365853654,73.82039573820396
2019-20,IND,73,45,6.342465753424658,463,369,1.2876712328767124,1.9589041095890412,61.64383561643836,79.6976241900648
2020-21,IND,72,34,6.763888888888889,487,384,1.2638888888888888,-0.041666666666666664,47.22222222222222,78.85010266940452
2021-22,IND,82,25,7.658536585365853,628,470,1.475609756097561,-3.475609756097561,30.48780487804878,74.84076433121018
2022-23,IND,82,35,8.670731707317072,711,563,1.4268292682926829,-3.182926829268293,42.68292682926829,79.18424753867792
2023-24,IND,82,47,6.182926829268292,507,393,1.2195121951219512,3.048780487804878,57.3170731707317,77.51479289940828
2024-25,IND,82,50,7.085365853658536,581,467,1.329268292682927,2.231707317073171,60.97560975609756,80.37865748709122
2025-26,IND,82,19,7.878048780487805,646,490,1.4878048780487805,-7.987804878048781,23.170731707317074,75.85139318885449
1996-97,LAC,82,36,11.426829268292684,937,688,1.3902439024390243,-2.3536585365853657,43.90243902439025,73.42582710779082
1997-98,LAC,82,17,10.695121951219512,877,628,1.646341463414634,-7.365853658536586,20.73170731707317,71.60775370581528
1998-99,LAC,50,9,9.6,480,346,1.46,-8.82,18.0,72.08333333333333
1999-00,LAC,82,15,9.939024390243903,815,608,1.5365853658536586,-11.524390243902438,18.29268292682927,74.60122699386503
2000-01,LAC,82,31,10.987804878048781,901,626,1.670731707317073,-2.8902439024390243,37.80487804878049,69.47835738068812
2001-02,LAC,82,39,10.451219512195122,857,626,1.6097560975609757,-0.4634146341463415,47.5609756097561,73.04550758459743
2002-03,LAC,82,27,11.414634146341463,936,675,1.8414634146341464,-4.121951219512195,32.926829268292686,72.11538461538461
2003-04,LAC,82,28,12.353658536585366,1013,796,1.951219512195122,-4.585365853658536,34.146341463414636,78.57847976307995
2004-05,LAC,82,37,13.231707317073171,1085,842,2.0121951219512195,-0.7682926829268293,45.1219512195122,77.6036866359447
2005-06,LAC,82,47,11.414634146341463,936,746,1.6829268292682926,1.5731707317073171,57.3170731707317,79.7008547008547
2006-07,LAC,82,40,12.341463414634147,1012,801,1.829268292682927,-0.4634146341463415,48.78048780487805,79.1501976284585
2007-08,LAC,82,23,11.158536585365853,915,720,1.7560975609756098,-7.2682926829268295,28.04878048780488,78.68852459016394
2008-09,LAC,82,19,8.268292682926829,678,508,1.6829268292682926,-8.768292682926829,23.170731707317074,74.92625368731564
2009-10,LAC,82,29,8.24390243902439,676,492,1.4634146341463414,-6.353658536585366,35.36585365853659,72.7810650887574
2010-11,LAC,82,32,10.012195121951219,821,572,1.8048780487804879,-3.1341463414634148,39.02439024390244,69.67113276492083
2011-12,LAC,66,40,10.151515151515152,670,475,1.6666666666666667,2.5606060606060606,60.60606060606061,70.8955223880597
2012-13,LAC,82,56,9.548780487804878,783,575,1.5975609756097562,6.451219512195122,68.29268292682927,73.43550446998724
2013-14,LAC,82,57,13.073170731707316,1072,776,1.9878048780487805,6.975609756097561,69.51219512195121,72.38805970149254
2014-15,LAC,82,56,11.036585365853659,905,636,1.4390243902439024,6.585365853658536,68.29268292682927,70.27624309392266
2015-16,LAC,82,53,12.487804878048781,1024,692,1.6219512195121952,4.280487804878049,64.63414634146342,67.578125
2016-17,LAC,82,51,10.926829268292684,896,660,1.6219512195121952,4.2926829268292686,62.19512195121951,73.66071428571429
2017-18,LAC,82,42,10.304878048780488,845,629,1.8048780487804879,0.036585365853658534,51.21951219512195,74.4378698224852
2018-19,LAC,82,48,13.439024390243903,1102,873,1.7317073170731707,0.8536585365853658,58.536585365853654,79.21960072595282
2019-20,LAC,72,49,11.027777777777779,794,636,1.7916666666666667,6.444444444444445,68.05555555555556,80.10075566750629
2020-21,LAC,72,47,6.5,468,382,1.25,6.180555555555555,65.27777777777779,81.62393162393163
2021-22,LAC,82,42,6.914634146341464,567,444,1.353658536585366,0.024390243902439025,51.21951219512195,78.3068783068783
2022-23,LAC,82,44,8.5,697,556,1.5609756097560976,0.5,53.65853658536586,79.77044476327116
2023-24,LAC,82,51,7.475609756097561,613,515,1.2804878048780488,3.2804878048780486,62.19512195121951,84.01305057096248
2024-25,LAC,82,50,6.378048780487805,523,412,1.3414634146341464,4.658536585365853,60.97560975609756,78.77629063097514
2025-26,LAC,82,42,9.463414634146341,776,630,1.7439024390243902,1.1341463414634145,51.21951219512195,81.18556701030928
1996-97,LAL,82,56,13.390243902439025,1098,776,1.975609756097561,4.2682926829268295,68.29268292682927,70.67395264116576
1997-98,LAL,82,61,17.23170731707317,1413,970,2.268292682926829,7.7439024390243905,74.39024390243902,68.6482661004954
1998-99,LAL,50,31,15.68,784,542,1.8,3.02,62.0,69.13265306122449
1999-00,LAL,82,67,15.231707317073171,1249,877,2.0853658536585367,8.548780487804878,81.70731707317073,70.21617293835068
2000-01,LAL,82,56,14.085365853658537,1155,810,1.951219512195122,3.3780487804878048,68.29268292682927,70.12987012987013
2001-02,LAL,82,58,11.841463414634147,971,675,1.8048780487804879,7.121951219512195,70.73170731707317,69.51596292481977
2002-03,LAL,82,50,12.109756097560975,993,733,1.7195121951219512,2.3292682926829267,60.97560975609756,73.81671701913393
2003-04,LAL,82,56,14.548780487804878,1193,822,2.0365853658536586,3.902439024390244,68.29268292682927,68.90192791282482
2004-05,LAL,82,34,11.475609756097562,941,745,1.7926829268292683,-2.9634146341463414,41.46341463414634,79.17109458023378
2005-06,LAL,82,45,12.634146341463415,1036,775,1.9390243902439024,2.5,54.87804878048781,74.8069498069498
2006-07,LAL,82,42,12.682926829268293,1040,785,1.829268292682927,-0.07317073170731707,51.21951219512195,75.48076923076923
2007-08,LAL,82,57,11.560975609756097,948,731,1.829268292682927,7.2560975609756095,69.51219512195121,77.1097046413502
2008-09,LAL,82,65,11.341463414634147,930,732,1.7073170731707317,7.658536585365853,79.26829268292683,78.70967741935485
2009-10,LAL,82,57,9.560975609756097,784,610,1.9634146341463414,4.719512195121951,69.51219512195121,77.8061224489796
2010-11,LAL,82,57,9.073170731707316,744,588,1.8414634146341464,6.109756097560975,69.51219512195121,79.03225806451613
2011-12,LAL,66,41,8.56060606060606,565,415,1.9242424242424243,1.4242424242424243,62.121212121212125,73.45132743362832
2012-13,LAL,82,45,12.658536585365853,1038,723,2.1707317073170733,1.1585365853658536,54.87804878048781,69.65317919075144
2013-14,LAL,82,27,7.219512195121951,592,449,1.4268292682926829,-6.2926829268292686,32.926829268292686,75.8445945945946
2014-15,LAL,82,21,8.207317073170731,673,516,1.353658536585366,-6.841463414634147,25.609756097560975,76.67161961367015
2015-16,LAL,82,17,7.451219512195122,611,464,1.3780487804878048,-9.560975609756097,20.73170731707317,75.94108019639934
2016-17,LAL,82,26,7.2073170731707314,591,441,1.2804878048780488,-6.878048780487805,31.70731707317073,74.61928934010153
2017-18,LAL,82,35,8.402439024390244,689,493,1.6219512195121952,-1.548780487804878,42.68292682926829,71.55297532656023
2018-19,LAL,82,37,9.085365853658537,745,533,1.7195121951219512,-1.7195121951219512,45.1219512195122,71.54362416107382
2019-20,LAL,71,52,10.211267605633802,725,543,1.647887323943662,5.788732394366197,73.23943661971832,74.89655172413792
2020-21,LAL,72,42,7.888888888888889,568,400,1.625,2.7916666666666665,58.333333333333336,70.4225352112676
2021-22,LAL,82,33,8.341463414634147,684,495,1.5121951219512195,-3.048780487804878,40.243902439024396,72.36842105263158
2022-23,LAL,82,43,10.0,820,643,1.8780487804878048,0.573170731707317,52.4390243902439,78.41463414634147
2023-24,LAL,82,47,8.536585365853659,700,560,2.0,0.5975609756097561,57.3170731707317,80.0
2024-25,LAL,82,50,7.609756097560975,624,490,1.5365853658536586,1.2195121951219512,60.97560975609756,78.52564102564102
2025-26,LAL,82,53,9.670731707317072,793,601,1.7439024390243902,1.7560975609756098,64.63414634146342,75.78814627994956
2001-02,MEM,82,23,10.158536585365853,833,592,1.951219512195122,-7.439024390243903,28.04878048780488,71.06842737094838
2002-03,MEM,82,28,10.121951219512194,830,610,1.6219512195121952,-3.231707317073171,34.146341463414636,73.49397590361446
2003-04,MEM,82,50,11.682926829268293,958,703,1.7804878048780488,2.4390243902439024,60.97560975609756,73.38204592901879
2004-05,MEM,82,45,10.841463414634147,889,672,1.475609756097561,2.292682926829268,54.87804878048781,75.59055118110236
2005-06,MEM,82,49,11.317073170731707,928,676,1.7926829268292683,3.6951219512195124,59.756097560975604,72.84482758620689
2006-07,MEM,82,22,13.0,1066,820,1.9634146341463414,-5.146341463414634,26.82926829268293,76.92307692307693
2007-08,MEM,82,22,10.792682926829269,885,620,1.8170731707317074,-6.2073170731707314,26.82926829268293,70.05649717514125
2008-09,MEM,82,24,10.317073170731707,846,651,1.646341463414634,-5.463414634146342,29.268292682926827,76.95035460992908
2009-10,MEM,82,40,11.634146341463415,954,710,2.0365853658536586,-1.5121951219512195,48.78048780487805,74.42348008385744
2010-11,MEM,82,46,8.975609756097562,736,552,1.4390243902439024,2.341463414634146,56.09756097560976,75.0
2011-12,MEM,66,41,7.363636363636363,486,376,1.3333333333333333,2.015151515151515,62.121212121212125,77.36625514403292
2012-13,MEM,82,56,7.890243902439025,647,511,1.4268292682926829,4.146341463414634,68.29268292682927,78.97990726429676
2013-14,MEM,82,50,7.146341463414634,586,446,1.353658536585366,1.5731707317073171,60.97560975609756,76.10921501706484
2014-15,MEM,82,55,8.268292682926829,678,526,1.6219512195121952,3.2439024390243905,67.07317073170732,77.5811209439528
2015-16,MEM,82,42,9.463414634146341,776,609,1.5,-2.2439024390243905,51.21951219512195,78.47938144329896
2016-17,MEM,82,43,9.048780487804878,742,586,1.4878048780487805,0.4878048780487805,52.4390243902439,78.97574123989219
2017-18,MEM,82,22,7.7317073170731705,634,498,1.1341463414634145,-6.2073170731707314,26.82926829268293,78.54889589905363
2018-19,MEM,82,33,9.902439024390244,812,610,1.5975609756097562,-2.597560975609756,40.243902439024396,75.1231527093596
2019-20,MEM,73,34,8.342465753424657,609,462,1.5205479452054795,-1.0684931506849316,46.57534246575342,75.86206896551724
2020-21,MEM,72,38,6.944444444444445,500,388,1.4027777777777777,1.0277777777777777,52.77777777777778,77.60000000000001
2021-22,MEM,82,56,8.390243902439025,688,493,1.6829268292682926,5.682926829268292,68.29268292682927,71.65697674418605
2022-23,MEM,82,51,8.609756097560975,706,519,1.475609756097561,3.9390243902439024,62.19512195121951,73.51274787535411
2023-24,MEM,82,27,7.121951219512195,584,455,1.2560975609756098,-7.0,32.926829268292686,77.91095890410958
2024-25,MEM,82,48,8.475609756097562,695,532,1.3902439024390243,4.853658536585366,58.536585365853654,76.54676258992805
2025-26,MEM,82,25,7.524390243902439,617,481,1.3414634146341464,-6.012195121951219,30.48780487804878,77.9578606158833
1996-97,MIA,82,61,11.170731707317072,916,665,1.6829268292682926,5.487804878048781,74.39024390243902,72.59825327510917
1997-98,MIA,82,55,11.621951219512194,953,707,1.670731707317073,4.926829268292683,67.07317073170732,74.18677859391396
1998-99,MIA,50,33,10.86,543,412,1.96,4.96,66.0,75.87476979742172
1999-00,MIA,82,52,10.304878048780488,845,602,1.4634146341463414,3.1097560975609757,63.41463414634146,71.24260355029585
2000-01,MIA,82,50,10.475609756097562,859,645,1.6951219512195121,2.292682926829268,60.97560975609756,75.08731082654249
2001-02,MIA,82,36,8.060975609756097,661,483,1.475609756097561,-1.5365853658536586,43.90243902439025,73.07110438729198
2002-03,MIA,82,25,8.463414634146341,694,535,1.353658536585366,-5.048780487804878,30.48780487804878,77.08933717579251
2003-04,MIA,82,42,9.097560975609756,746,570,1.3780487804878048,0.524390243902439,51.21951219512195,76.40750670241286
2004-05,MIA,82,59,14.012195121951219,1149,797,2.0853658536585367,6.524390243902439,71.95121951219512,69.36466492602263
2005-06,MIA,82,52,12.560975609756097,1030,725,1.829268292682927,3.8658536585365852,63.41463414634146,70.3883495145631
2006-07,MIA,82,44,9.75609756097561,800,572,1.670731707317073,-0.9146341463414634,53.65853658536586,71.5
2007-08,MIA,82,15,8.890243902439025,729,546,1.4878048780487805,-8.646341463414634,18.29268292682927,74.8971193415638
2008-09,MIA,82,43,8.048780487804878,660,500,1.353658536585366,0.25609756097560976,52.4390243902439,75.75757575757575
2009-10,MIA,82,47,8.097560975609756,664,490,1.475609756097561,2.2804878048780486,57.3170731707317,73.79518072289156
2010-11,MIA,82,58,10.121951219512194,830,639,1.7560975609756098,7.463414634146342,70.73170731707317,76.98795180722891
2011-12,MIA,66,46,7.651515151515151,505,388,1.5454545454545454,5.984848484848484,69.6969696969697,76.83168316831683
2012-13,MIA,82,66,7.7073170731707314,632,463,1.5365853658536586,7.865853658536586,80.48780487804879,73.25949367088607
2013-14,MIA,82,54,7.7073170731707314,632,480,1.451219512195122,4.7560975609756095,65.85365853658537,75.9493670886076
2014-15,MIA,82,37,7.804878048780488,640,467,1.3902439024390243,-2.597560975609756,45.1219512195122,72.96875
2015-16,MIA,82,48,8.195121951219512,672,492,1.5365853658536586,1.646341463414634,58.536585365853654,73.21428571428571
2016-17,MIA,82,41,6.304878048780488,517,359,1.1097560975609757,1.0609756097560976,50.0,69.43907156673113
2017-18,MIA,82,44,7.060975609756097,579,434,1.3170731707317074,0.47560975609756095,53.65853658536586,74.95682210708118
2018-19,MIA,82,39,8.926829268292684,732,522,1.5731707317073171,-0.23170731707317074,47.5609756097561,71.31147540983606
2019-20,MIA,73,44,10.986301369863014,802,617,1.7534246575342465,2.9452054794520546,60.273972602739725,76.93266832917706
2020-21,MIA,72,40,8.041666666666666,579,473,1.4861111111111112,0.027777777777777776,55.55555555555556,81.69257340241796
2021-22,MIA,82,53,8.048780487804878,660,528,1.524390243902439,4.451219512195122,64.63414634146342,80.0
2022-23,MIA,82,44,7.634146341463414,626,518,1.6951219512195121,-0.3170731707317073,53.65853658536586,82.74760383386581
2023-24,MIA,82,46,7.329268292682927,601,487,1.6219512195121952,1.7560975609756098,56.09756097560976,81.03161397670549
2024-25,MIA,82,37,5.134146341463414,421,328,1.2682926829268293,0.5609756097560976,45.1219512195122,77.90973871733968
2025-26,MIA,82,43,9.182926829268293,753,598,1.7073170731707317,2.3292682926829267,52.4390243902439,79.4156706507304
1996-97,MIL,82,33,11.475609756097562,941,704,1.5731707317073171,-1.8902439024390243,40.243902439024396,74.81402763018066
1997-98,MIL,82,36,11.695121951219512,959,746,1.5609756097560976,-1.9146341463414633,43.90243902439025,77.78936392075079
1998-99,MIL,50,28,9.2,460,337,1.48,1.66,56.00000000000001,73.26086956521739
1999-00,MIL,82,42,11.426829268292684,937,733,1.670731707317073,0.21951219512195122,51.21951219512195,78.22838847385272
2000-01,MIL,82,52,10.097560975609756,828,674,1.3414634146341464,3.8780487804878048,63.41463414634146,81.40096618357488
2001-02,MIL,82,41,8.963414634146341,735,570,1.4634146341463414,-0.21951219512195122,50.0,77.55102040816327
2002-03,MIL,82,42,9.134146341463415,749,594,1.4390243902439024,0.23170731707317074,51.21951219512195,79.30574098798398
2003-04,MIL,82,41,11.804878048780488,968,764,1.8414634146341464,1.0609756097560976,50.0,78.92561983471074
2004-05,MIL,82,30,12.804878048780488,1050,811,1.9268292682926829,-2.9878048780487805,36.58536585365854,77.23809523809524
2005-06,MIL,82,40,12.207317073170731,1001,763,1.7926829268292683,-1.0365853658536586,48.78048780487805,76.22377622377621
2006-07,MIL,82,28,8.914634146341463,731,554,1.3414634146341464,-4.378048780487805,34.146341463414636,75.78659370725033
2007-08,MIL,82,26,9.658536585365853,792,564,1.5,-6.890243902439025,31.70731707317073,71.21212121212122
2008-09,MIL,82,34,10.402439024390244,853,680,1.2682926829268293,-1.0853658536585367,41.46341463414634,79.71864009378663
2009-10,MIL,82,46,7.585365853658536,622,483,1.048780487804878,1.6951219512195121,56.09756097560976,77.65273311897106
2010-11,MIL,82,35,8.048780487804878,660,502,1.3414634146341464,-0.8414634146341463,42.68292682926829,76.06060606060606
2011-12,MIL,66,31,6.636363636363637,438,336,1.0606060606060606,0.2727272727272727,46.96969696969697,76.71232876712328
2012-13,MIL,82,38,6.0,492,382,1.2195121951219512,-1.5,46.34146341463415,77.64227642276423
2013-14,MIL,82,15,7.2560975609756095,595,448,1.2682926829268293,-8.182926829268293,18.29268292682927,75.29411764705883
2014-15,MIL,82,41,6.5,533,402,1.1097560975609757,0.4268292682926829,50.0,75.42213883677297
2015-16,MIL,82,33,7.158536585365853,587,429,1.353658536585366,-4.182926829268292,40.243902439024396,73.08347529812606
2016-17,MIL,82,42,7.2073170731707314,591,450,1.2560975609756098,-0.18292682926829268,51.21951219512195,76.14213197969542
2017-18,MIL,82,44,8.817073170731707,723,559,1.5975609756097562,-0.3048780487804878,53.65853658536586,77.3167358229599
2018-19,MIL,82,60,8.036585365853659,659,500,1.670731707317073,8.865853658536585,73.17073170731707,75.87253414264038
2019-20,MIL,73,56,9.821917808219178,717,537,1.917808219178082,10.082191780821917,76.71232876712328,74.89539748953975
2020-21,MIL,72,46,7.027777777777778,506,394,1.5,5.888888888888889,63.888888888888886,77.86561264822134
2021-22,MIL,82,51,8.731707317073171,716,577,1.7926829268292683,3.3536585365853657,62.19512195121951,80.58659217877096
2022-23,MIL,82,58,8.024390243902438,658,482,1.646341463414634,3.6341463414634148,70.73170731707317,73.25227963525836
2023-24,MIL,82,49,8.792682926829269,721,563,1.4634146341463414,2.6219512195121952,59.756097560975604,78.08599167822469
2024-25,MIL,82,48,7.780487804878049,638,489,1.5731707317073171,2.475609756097561,58.536585365853654,76.64576802507837
2025-26,MIL,82,32,6.780487804878049,556,414,1.329268292682927,-6.2073170731707314,39.02439024390244,74.46043165467626
1996-97,MIN,82,40,12.146341463414634,996,738,1.7195121951219512,-1.475609756097561,48.78048780487805,74.09638554216868
1997-98,MIN,82,45,12.536585365853659,1028,778,1.8414634146341464,0.7073170731707317,54.87804878048781,75.68093385214007
1998-99,MIN,50,25,8.82,441,342,1.22,0.38,50.0,77.55102040816327
1999-00,MIN,82,50,9.536585365853659,782,619,1.3780487804878048,2.524390243902439,60.97560975609756,79.15601023017904
2000-01,MIN,82,47,8.829268292682928,724,568,1.2926829268292683,1.353658536585366,57.3170731707317,78.45303867403315
2001-02,MIN,82,50,8.621951219512194,707,554,1.3780487804878048,3.3780487804878048,60.97560975609756,78.35926449787836
2002-03,MIN,82,51,8.975609756097562,736,567,1.4878048780487805,2.073170731707317,62.19512195121951,77.03804347826086
2003-04,MIN,82,58,8.890243902439025,729,567,1.3902439024390243,5.487804878048781,70.73170731707317,77.77777777777779
2004-05,MIN,82,44,9.682926829268293,794,644,1.4268292682926829,1.451219512195122,53.65853658536586,81.10831234256926
2005-06,MIN,82,33,9.365853658536585,768,580,1.5,-1.8780487804878048,40.243902439024396,75.52083333333334
2006-07,MIN,82,32,9.085365853658537,745,598,1.524390243902439,-3.6707317073170733,39.02439024390244,80.26845637583892
2007-08,MIN,82,22,6.402439024390244,525,390,0.8658536585365854,-6.780487804878049,26.82926829268293,74.28571428571429
2008-09,MIN,82,24,8.829268292682928,724,558,1.524390243902439,-4.914634146341464,29.268292682926827,77.07182320441989
2009-10,MIN,82,15,9.365853658536585,768,576,1.6829268292682926,-9.597560975609756,18.29268292682927,75.0
2010-11,MIN,82,17,8.670731707317072,711,543,1.5609756097560976,-6.634146341463414,20.73170731707317,76.37130801687763
2011-12,MIN,66,26,9.666666666666666,638,504,2.015151515151515,-2.196969696969697,39.39393939393939,78.99686520376176
2012-13,MIN,82,31,9.634146341463415,790,613,1.829268292682927,-2.3658536585365852,37.80487804878049,77.59493670886076
2013-14,MIN,82,40,11.634146341463415,954,743,2.207317073170732,2.6707317073170733,48.78048780487805,77.88259958071279
2014-15,MIN,82,16,9.182926829268293,753,578,1.5609756097560976,-8.792682926829269,19.51219512195122,76.75962815405046
2015-16,MIN,82,29,10.28048780487805,843,660,1.5365853658536586,-3.5365853658536586,35.36585365853659,78.29181494661923
2016-17,MIN,82,31,7.926829268292683,650,510,1.7439024390243902,-1.1097560975609757,37.80487804878049,78.46153846153847
2017-18,MIN,82,47,8.365853658536585,686,552,1.7682926829268293,2.231707317073171,57.3170731707317,80.466472303207
2018-19,MIN,82,36,10.182926829268293,835,651,1.829268292682927,-1.5,43.90243902439025,77.96407185628742
2019-20,MIN,64,19,10.03125,642,505,1.625,-4.296875,29.6875,78.66043613707166
2020-21,MIN,72,23,7.958333333333333,573,447,1.4166666666666667,-5.555555555555555,31.944444444444443,78.01047120418848
2021-22,MIN,82,46,9.024390243902438,740,577,1.3658536585365855,2.6341463414634148,56.09756097560976,77.97297297297298
2022-23,MIN,82,42,8.060975609756097,661,510,1.4146341463414633,-0.036585365853658534,51.21951219512195,77.15582450832072
2023-24,MIN,82,56,8.792682926829269,721,564,1.6951219512195121,6.451219512195122,68.29268292682927,78.2246879334258
2024-25,MIN,82,49,7.439024390243903,610,478,1.4024390243902438,5.0,59.756097560975604,78.36065573770492
2025-26,MIN,82,49,9.939024390243903,815,625,1.6341463414634145,3.3536585365853657,59.756097560975604,76.68711656441718
1996-97,NJN,82,26,11.25609756097561,923,692,1.6097560975609757,-4.560975609756097,31.70731707317073,74.97291440953413
1997-98,NJN,82,43,14.804878048780488,1214,909,1.9634146341463414,1.5731707317073171,52.4390243902439,74.87644151565074
1998-99,NJN,50,16,10.72,536,418,1.42,-3.78,32.0,77.98507462686567
1999-00,NJN,82,31,11.146341463414634,914,714,1.7195121951219512,-1.0365853658536586,37.80487804878049,78.11816192560175
2000-01,NJN,82,26,10.560975609756097,866,665,1.5,-5.048780487804878,31.70731707317073,76.78983833718245
2001-02,NJN,82,52,8.268292682926829,678,508,1.353658536585366,4.158536585365853,63.41463414634146,74.92625368731564
2002-03,NJN,82,49,11.182926829268293,917,676,1.8658536585365855,5.219512195121951,59.756097560975604,73.7186477644493
2003-04,NJN,82,47,9.536585365853659,782,590,1.6219512195121952,2.5,57.3170731707317,75.44757033248082
2004-05,NJN,82,42,11.097560975609756,910,692,1.4268292682926829,-1.5,51.21951219512195,76.04395604395604
2005-06,NJN,82,49,11.926829268292684,978,743,1.7560975609756098,1.3658536585365855,59.756097560975604,75.97137014314929
2006-07,NJN,82,41,11.158536585365853,915,651,1.4634146341463414,-0.7682926829268293,50.0,71.14754098360656
2007-08,NJN,82,34,11.804878048780488,968,719,1.646341463414634,-5.060975609756097,41.46341463414634,74.27685950413223
2008-09,NJN,82,34,9.134146341463415,749,582,1.4024390243902438,-2.4390243902439024,41.46341463414634,77.70360480640855
2009-10,NJN,82,12,8.804878048780488,722,554,1.6341463414634145,-9.121951219512194,14.634146341463413,76.73130193905817
2010-11,NJN,82,24,7.865853658536586,645,488,1.4024390243902438,-6.2439024390243905,29.268292682926827,75.65891472868216
2011-12,NJN,66,22,7.303030303030303,482,372,1.196969696969697,-5.984848484848484,33.33333333333333,77.17842323651453
2002-03,NOH,82,47,9.865853658536585,809,631,1.475609756097561,2.1097560975609757,57.3170731707317,77.99752781211372
2003-04,NOH,82,41,9.902439024390244,812,618,1.7317073170731707,-0.0975609756097561,50.0,76.10837438423646
2004-05,NOH,82,18,8.731707317073171,716,551,1.4268292682926829,-7.073170731707317,21.951219512195124,76.95530726256983
2007-08,NOH,82,56,8.231707317073171,675,525,1.5731707317073171,5.280487804878049,68.29268292682927,77.77777777777779
2008-09,NOH,82,49,9.5,779,652,1.7073170731707317,1.548780487804878,59.756097560975604,83.69704749679076
2009-10,NOH,82,37,7.7682926829268295,637,510,1.4268292682926829,-2.4634146341463414,45.1219512195122,80.06279434850863
2010-11,NOH,82,46,8.5,697,536,1.5,0.8902439024390244,56.09756097560976,76.9010043041607
2011-12,NOH,66,21,7.151515151515151,472,355,1.2121212121212122,-3.757575757575758,31.818181818181817,75.21186440677965
2012-13,NOH,82,27,6.121951219512195,502,391,1.2317073170731707,-3.8658536585365852,32.926829268292686,77.88844621513944
2005-06,NOK,82,38,11.817073170731707,969,733,1.8048780487804879,-2.817073170731707,46.34146341463415,75.64499484004128
2006-07,NOK,82,39,9.378048780487806,769,589,1.7804878048780488,-1.5731707317073171,47.5609756097561,76.59297789336802
2013-14,NOP,82,34,8.231707317073171,675,518,1.3170731707317074,-2.707317073170732,41.46341463414634,76.74074074074075
2014-15,NOP,82,45,7.121951219512195,584,441,1.5,0.7926829268292683,54.87804878048781,75.51369863013699
2015-16,NOP,82,30,7.7073170731707314,632,513,1.4390243902439024,-3.792682926829268,36.58536585365854,81.17088607594937
2016-17,NOP,82,34,6.560975609756097,538,423,1.5,-2.097560975609756,41.46341463414634,78.62453531598513
2017-18,NOP,82,48,8.073170731707316,662,509,1.524390243902439,1.3048780487804879,58.536585365853654,76.8882175226586
2018-19,NOP,82,33,9.865853658536585,809,620,1.6341463414634145,-1.329268292682927,40.243902439024396,76.63782447466008
2019-20,NOP,72,30,9.333333333333334,672,495,1.6111111111111112,-1.2916666666666667,41.66666666666667,73.66071428571429
2020-21,NOP,72,31,10.125,729,536,2.0416666666666665,-0.2916666666666667,43.05555555555556,73.52537722908093
2021-22,NOP,82,36,8.878048780487806,728,572,1.7195121951219512,-0.9878048780487805,43.90243902439025,78.57142857142857
2022-23,NOP,82,42,8.841463414634147,725,579,1.7439024390243902,1.8902439024390243,51.21951219512195,79.86206896551724
2023-24,NOP,82,49,7.402439024390244,607,463,1.5121951219512195,4.414634146341464,59.756097560975604,76.27677100494233
2024-25,NOP,82,21,6.2926829268292686,516,361,1.353658536585366,-9.426829268292684,25.609756097560975,69.96124031007753
2025-26,NOP,82,26,9.073170731707316,744,566,1.6951219512195121,-4.5,31.70731707317073,76.0752688172043
1996-97,NYK,82,57,12.439024390243903,1020,764,1.4390243902439024,3.1219512195121952,69.51219512195121,74.90196078431373
1997-98,NYK,82,43,9.707317073170731,796,635,1.2804878048780488,2.4634146341463414,52.4390243902439,79.77386934673368
1998-99,NYK,50,27,9.8,490,359,1.42,1.02,54.0,73.26530612244898
1999-00,NYK,82,50,9.5,779,612,1.4390243902439024,1.4634146341463414,60.97560975609756,78.5622593068036
2000-01,NYK,82,48,8.463414634146341,694,555,1.353658536585366,2.6341463414634148,58.536585365853654,79.97118155619597
2001-02,NYK,82,30,8.512195121951219,698,548,1.4024390243902438,-3.9878048780487805,36.58536585365854,78.51002865329512
2002-03,NYK,82,37,7.829268292682927,642,506,1.2560975609756098,-1.353658536585366,45.1219512195122,78.81619937694704
2003-04,NYK,82,39,7.5,615,501,1.1097560975609757,-1.475609756097561,47.5609756097561,81.46341463414633
2004-05,NYK,82,33,10.268292682926829,842,642,1.5365853658536586,-2.4390243902439024,40.243902439024396,76.24703087885986
2005-06,NYK,82,23,14.768292682926829,1211,867,1.6585365853658536,-6.402439024390244,28.04878048780488,71.59372419488025
2006-07,NYK,82,33,11.353658536585366,931,649,1.6951219512195121,-2.8536585365853657,40.243902439024396,69.70998925886144
2007-08,NYK,82,23,8.841463414634147,725,553,1.4268292682926829,-6.609756097560975,28.04878048780488,76.27586206896552
2008-09,NYK,82,32,8.0,656,520,1.4024390243902438,-2.6097560975609757,39.02439024390244,79.26829268292683
2009-10,NYK,82,29,6.597560975609756,541,432,1.353658536585366,-3.817073170731707,35.36585365853659,79.85212569316081
2010-11,NYK,82,42,8.21951219512195,674,541,1.5365853658536586,0.7804878048780488,51.21951219512195,80.26706231454006
2011-12,NYK,66,36,9.636363636363637,636,475,1.5757575757575757,3.196969696969697,54.54545454545454,74.68553459119497
2012-13,NYK,82,54,7.134146341463414,585,442,1.2926829268292683,4.2317073170731705,65.85365853658537,75.55555555555556
2013-14,NYK,82,37,7.634146341463414,626,479,1.2317073170731707,-0.7926829268292683,45.1219512195122,76.51757188498402
2014-15,NYK,82,17,6.865853658536586,563,430,1.1585365853658536,-9.317073170731707,20.73170731707317,76.3765541740675
2015-16,NYK,82,32,6.817073170731708,559,460,1.3414634146341464,-2.731707317073171,39.02439024390244,82.28980322003578
2016-17,NYK,82,31,7.414634146341464,608,472,1.1951219512195121,-3.6707317073170733,37.80487804878049,77.63157894736842
2017-18,NYK,82,29,6.951219512195122,570,434,1.2195121951219512,-3.5609756097560976,35.36585365853659,76.14035087719299
2018-19,NYK,82,17,9.292682926829269,762,601,1.5121951219512195,-9.207317073170731,20.73170731707317,78.87139107611549
2019-20,NYK,66,21,8.833333333333334,583,411,1.5606060606060606,-6.454545454545454,31.818181818181817,70.49742710120069
2020-21,NYK,72,41,7.083333333333333,510,401,1.3055555555555556,2.3055555555555554,56.94444444444444,78.62745098039215
2021-22,NYK,82,37,9.402439024390244,771,572,1.6219512195121952,-0.12195121951219512,45.1219512195122,74.18936446173801
2022-23,NYK,82,47,8.573170731707316,703,527,1.5975609756097562,2.926829268292683,57.3170731707317,74.96443812233285
2023-24,NYK,82,50,6.695121951219512,549,416,1.4390243902439024,4.585365853658536,60.97560975609756,75.77413479052824
2024-25,NYK,82,51,6.670731707317073,547,454,1.5853658536585367,4.097560975609756,62.19512195121951,82.9981718464351
2025-26,NYK,82,53,7.024390243902439,576,447,1.3048780487804879,6.329268292682927,64.63414634146342,77.60416666666666
2008-09,OKC,82,23,8.865853658536585,727,588,1.6097560975609757,-6.097560975609756,28.04878048780488,80.88033012379643
2009-10,OKC,82,50,9.78048780487805,802,650,1.5853658536585367,3.4878048780487805,60.97560975609756,81.04738154613467
2010-11,OKC,82,55,10.304878048780488,845,700,1.5731707317073171,3.792682926829268,67.07317073170732,82.84023668639054
2011-12,OKC,66,47,8.424242424242424,556,456,1.696969696969697,6.121212121212121,71.21212121212122,82.01438848920863
2012-13,OKC,82,60,9.731707317073171,798,671,1.7439024390243902,9.207317073170731,73.17073170731707,84.08521303258145
2013-14,OKC,82,59,8.682926829268293,712,568,1.4024390243902438,6.341463414634147,71.95121951219512,79.7752808988764
2014-15,OKC,82,45,8.158536585365853,669,499,1.3780487804878048,2.182926829268293,54.87804878048781,74.58893871449925
2015-16,OKC,82,55,8.24390243902439,676,530,1.6341463414634145,7.280487804878049,67.07317073170732,78.40236686390533
2016-17,OKC,82,47,8.829268292682928,724,548,1.524390243902439,0.7560975609756098,57.3170731707317,75.69060773480662
2017-18,OKC,82,48,9.146341463414634,750,529,1.9146341463414633,3.4146341463414633,58.536585365853654,70.53333333333333
2018-19,OKC,82,49,10.451219512195122,857,613,1.6097560975609757,3.402439024390244,59.756097560975604,71.52858809801633
2019-20,OKC,72,44,11.416666666666666,822,669,2.0277777777777777,1.9861111111111112,61.111111111111114,81.38686131386861
2020-21,OKC,72,22,6.777777777777778,488,366,1.5,-10.63888888888889,30.555555555555557,75.0
2021-22,OKC,82,24,6.073170731707317,498,389,1.2926829268292683,-8.097560975609756,29.268292682926827,78.1124497991968
2022-23,OKC,82,40,6.890243902439025,565,474,1.2682926829268293,1.0853658536585367,48.78048780487805,83.89380530973452
2023-24,OKC,82,57,6.951219512195122,570,484,1.4024390243902438,7.414634146341464,69.51219512195121,84.91228070175438
2024-25,OKC,82,68,6.024390243902439,494,414,1.1219512195121952,12.865853658536585,82.92682926829268,83.80566801619433
2025-26,OKC,82,64,8.439024390243903,692,562,1.6097560975609757,11.146341463414634,78.04878048780488,81.21387283236994
1996-97,ORL,82,45,10.71951219512195,879,655,1.6951219512195121,-0.35365853658536583,54.87804878048781,74.5164960182025
1997-98,ORL,82,41,12.329268292682928,1011,753,1.951219512195122,-1.0731707317073171,50.0,74.4807121661721
1998-99,ORL,50,33,10.1,505,363,1.9,2.6,66.0,71.88118811881188
1999-00,ORL,82,41,12.71951219512195,1043,755,1.6951219512195121,0.6829268292682927,50.0,72.38734419942475
2000-01,ORL,82,43,10.804878048780488,886,620,1.4024390243902438,0.9878048780487805,52.4390243902439,69.97742663656885
2001-02,ORL,82,44,8.585365853658537,704,530,1.4024390243902438,1.5731707317073171,53.65853658536586,75.2840909090909
2002-03,ORL,82,42,10.487804878048781,860,667,1.548780487804878,0.13414634146341464,51.21951219512195,77.55813953488372
2003-04,ORL,82,21,9.365853658536585,768,566,1.5365853658536586,-7.024390243902439,25.609756097560975,73.69791666666666
2004-05,ORL,82,36,12.902439024390244,1058,815,1.8170731707317074,-2.2439024390243905,43.90243902439025,77.03213610586012
2005-06,ORL,82,36,12.268292682926829,1006,753,1.7073170731707317,-1.0731707317073171,43.90243902439025,74.85089463220676
2006-07,ORL,82,40,12.585365853658537,1032,742,1.975609756097561,0.7804878048780488,48.78048780487805,71.89922480620154
2007-08,ORL,82,52,12.670731707317072,1039,752,2.0365853658536586,5.463414634146342,63.41463414634146,72.37728585178056
2008-09,ORL,82,59,12.024390243902438,986,694,1.9024390243902438,6.695121951219512,71.95121951219512,70.38539553752535
2009-10,ORL,82,59,11.573170731707316,949,681,2.097560975609756,7.487804878048781,71.95121951219512,71.75974710221286
2010-11,ORL,82,52,10.597560975609756,869,605,1.8658536585365855,5.463414634146342,63.41463414634146,69.62025316455697
2011-12,ORL,66,37,7.757575757575758,512,347,1.5454545454545454,0.7878787878787878,56.060606060606055,67.7734375
2012-13,ORL,82,20,4.317073170731708,354,274,1.0365853658536586,-6.987804878048781,24.390243902439025,77.40112994350282
2013-14,ORL,82,23,6.536585365853658,536,426,1.2073170731707317,-5.439024390243903,28.04878048780488,79.47761194029852
2014-15,ORL,82,25,6.097560975609756,500,362,1.2073170731707317,-5.719512195121951,30.48780487804878,72.39999999999999
2015-16,ORL,82,35,6.682926829268292,548,420,1.1097560975609757,-1.6219512195121952,42.68292682926829,76.64233576642336
2016-17,ORL,82,29,6.719512195121951,551,409,1.3902439024390243,-6.573170731707317,35.36585365853659,74.22867513611615
2017-18,ORL,82,25,6.963414634146342,571,434,1.4146341463414633,-4.817073170731708,30.48780487804878,76.00700525394045
2018-19,ORL,82,42,6.670731707317073,547,425,1.2682926829268293,0.7073170731707317,51.21951219512195,77.6965265082267
2019-20,ORL,73,33,8.150684931506849,595,460,1.5753424657534247,-1.0136986301369864,45.20547945205479,77.31092436974791
2020-21,ORL,72,21,7.111111111111111,512,413,1.4861111111111112,-9.305555555555555,29.166666666666668,80.6640625
2021-22,ORL,82,22,6.2560975609756095,513,407,1.2560975609756098,-8.0,26.82926829268293,79.33723196881091
2022-23,ORL,82,34,9.073170731707316,744,587,1.853658536585366,-2.5609756097560976,41.46341463414634,78.89784946236558
2023-24,ORL,82,47,8.707317073170731,714,550,1.6219512195121952,2.024390243902439,57.3170731707317,77.03081232492998
2024-25,ORL,82,41,8.451219512195122,693,524,1.4146341463414633,-0.12195121951219512,50.0,75.6132756132756
2025-26,ORL,82,45,10.658536585365853,874,703,1.7073170731707317,0.6341463414634146,54.87804878048781,80.43478260869566
1996-97,PHI,82,22,15.048780487804878,1234,895,2.2439024390243905,-6.536585365853658,26.82926829268293,72.52836304700162
1997-98,PHI,82,31,12.853658536585366,1054,779,1.7073170731707317,-2.3902439024390243,37.80487804878049,73.9089184060721
1998-99,PHI,50,28,13.62,681,487,1.66,2.06,56.00000000000001,71.51248164464023
1999-00,PHI,82,49,12.487804878048781,1024,721,1.7804878048780488,1.3414634146341464,59.756097560975604,70.41015625
2000-01,PHI,82,56,12.341463414634147,1012,756,2.158536585365854,4.280487804878049,68.29268292682927,74.70355731225297
2001-02,PHI,82,43,11.609756097560975,952,746,1.9634146341463414,1.5975609756097562,52.4390243902439,78.36134453781513
2002-03,PHI,82,48,12.195121951219512,1000,783,1.7682926829268293,2.3048780487804876,58.536585365853654,78.3
2003-04,PHI,82,33,10.060975609756097,825,610,1.5609756097560976,-2.4878048780487805,40.243902439024396,73.93939393939394
2004-05,PHI,82,43,12.24390243902439,1004,801,1.9390243902439024,-0.7439024390243902,52.4390243902439,79.7808764940239
2005-06,PHI,82,38,11.487804878048781,942,723,1.9634146341463414,-1.951219512195122,46.34146341463415,76.75159235668791
2006-07,PHI,82,35,9.963414634146341,817,638,1.7317073170731707,-3.024390243902439,42.68292682926829,78.0905752753978
2007-08,PHI,82,40,9.841463414634147,807,566,1.6341463414634145,0.4146341463414634,48.78048780487805,70.1363073110285
2008-09,PHI,82,41,10.939024390243903,897,685,1.646341463414634,0.07317073170731707,50.0,76.36566332218506
2009-10,PHI,82,27,6.804878048780488,558,426,1.2804878048780488,-3.902439024390244,32.926829268292686,76.34408602150538
2010-11,PHI,82,41,7.036585365853658,577,451,1.353658536585366,1.5,50.0,78.16291161178509
2011-12,PHI,66,35,5.181818181818182,342,252,1.121212121212121,4.242424242424242,53.03030303030303,73.68421052631578
2012-13,PHI,82,34,4.7560975609756095,390,285,0.975609756097561,-3.341463414634146,41.46341463414634,73.07692307692307
2013-14,PHI,82,19,9.182926829268293,753,538,1.5365853658536586,-10.451219512195122,23.170731707317074,71.44754316069057
2014-15,PHI,82,18,7.914634146341464,649,453,1.475609756097561,-8.975609756097562,21.951219512195124,69.79969183359015
2015-16,PHI,82,10,6.597560975609756,541,375,1.2195121951219512,-10.231707317073171,12.195121951219512,69.31608133086876
2016-17,PHI,82,28,7.060975609756097,579,462,1.329268292682927,-5.695121951219512,34.146341463414636,79.79274611398964
2017-18,PHI,82,52,9.560975609756097,784,576,1.3780487804878048,4.5,63.41463414634146,73.46938775510205
2018-19,PHI,82,51,12.304878048780488,1009,777,1.9024390243902438,2.6951219512195124,62.19512195121951,77.00693756194251
2019-20,PHI,73,43,9.36986301369863,684,525,1.5616438356164384,2.3835616438356166,58.9041095890411,76.75438596491229
2020-21,PHI,72,49,10.375,747,574,1.8055555555555556,5.583333333333333,68.05555555555556,76.84069611780455
2021-22,PHI,82,51,8.402439024390244,689,563,1.6585365853658536,2.6097560975609757,62.19512195121951,81.71262699564586
2022-23,PHI,82,54,8.231707317073171,675,553,1.5731707317073171,4.317073170731708,65.85365853658537,81.92592592592592
2023-24,PHI,82,47,7.402439024390244,607,490,1.2439024390243902,3.048780487804878,57.3170731707317,80.72487644151565
2024-25,PHI,82,24,7.646341463414634,627,496,1.5609756097560976,-6.2317073170731705,29.268292682926827,79.10685805422646
2025-26,PHI,82,45,8.597560975609756,705,578,1.5365853658536586,-0.18292682926829268,54.87804878048781,81.98581560283688
1996-97,PHX,82,40,11.414634146341463,936,714,1.7926829268292683,0.6585365853658537,48.78048780487805,76.28205128205127
1997-98,PHX,82,56,10.097560975609756,828,635,1.6219512195121952,5.182926829268292,68.29268292682927,76.69082125603865
1998-99,PHX,50,27,10.0,500,389,1.64,2.26,54.0,77.8
1999-00,PHX,82,53,9.939024390243903,815,608,1.3048780487804879,5.219512195121951,64.63414634146342,74.60122699386503
2000-01,PHX,82,51,10.609756097560975,870,680,1.7073170731707317,2.207317073170732,62.19512195121951,78.16091954022988
2001-02,PHX,82,36,6.2439024390243905,512,399,1.1829268292682926,-0.6829268292682927,43.90243902439025,77.9296875
2002-03,PHX,82,44,9.341463414634147,766,585,1.5121951219512195,1.1341463414634145,53.65853658536586,76.37075718015666
2003-04,PHX,82,29,7.512195121951219,616,470,1.2073170731707317,-3.7439024390243905,35.36585365853659,76.2987012987013
2004-05,PHX,82,62,10.475609756097562,859,670,1.7073170731707317,7.121951219512195,75.60975609756098,77.9976717112922
2005-06,PHX,82,54,6.902439024390244,566,470,1.2804878048780488,5.548780487804878,65.85365853658537,83.03886925795054
2006-07,PHX,82,61,8.195121951219512,672,539,1.524390243902439,7.304878048780488,74.39024390243902,80.20833333333334
2007-08,PHX,82,55,9.121951219512194,748,576,1.7682926829268293,5.048780487804878,67.07317073170732,77.00534759358288
2008-09,PHX,82,46,11.890243902439025,975,732,1.9024390243902438,1.9268292682926829,56.09756097560976,75.07692307692308
2009-10,PHX,82,54,9.841463414634147,807,622,1.5731707317073171,4.902439024390244,65.85365853658537,77.07558859975217
2010-11,PHX,82,40,8.585365853658537,704,528,1.548780487804878,-0.8902439024390244,48.78048780487805,75.0
2011-12,PHX,66,33,6.575757575757576,434,341,1.3636363636363635,-0.24242424242424243,50.0,78.57142857142857
2012-13,PHX,82,25,5.7317073170731705,470,346,1.2073170731707317,-6.463414634146342,30.48780487804878,73.61702127659574
2013-14,PHX,82,48,9.158536585365853,751,575,1.3658536585365855,2.6341463414634148,58.536585365853654,76.56458055925432
2014-15,PHX,82,39,7.012195121951219,575,441,1.2926829268292683,-0.9024390243902439,47.5609756097561,76.69565217391305
2015-16,PHX,82,23,8.878048780487806,728,552,1.4146341463414633,-6.658536585365853,28.04878048780488,75.82417582417582
2016-17,PHX,82,24,9.560975609756097,784,596,1.4390243902439024,-5.634146341463414,29.268292682926827,76.0204081632653
2017-18,PHX,82,21,9.28048780487805,761,571,1.3414634146341464,-9.365853658536585,25.609756097560975,75.03285151116953
2018-19,PHX,82,19,9.085365853658537,745,583,1.3902439024390243,-9.341463414634147,23.170731707317074,78.25503355704699
2019-20,PHX,73,34,10.219178082191782,746,627,1.5616438356164384,0.2191780821917808,46.57534246575342,84.04825737265415
2020-21,PHX,72,51,6.222222222222222,448,390,1.25,5.819444444444445,70.83333333333334,87.05357142857143
2021-22,PHX,82,64,7.841463414634147,643,504,1.3902439024390243,7.5,78.04878048780488,78.38258164852256
2022-23,PHX,82,45,8.402439024390244,689,551,1.4634146341463414,2.073170731707317,54.87804878048781,79.9709724238026
2023-24,PHX,82,49,8.573170731707316,703,580,1.8048780487804879,3.0609756097560976,59.756097560975604,82.50355618776672
2024-25,PHX,82,36,7.2073170731707314,591,483,1.4268292682926829,-3.0,43.90243902439025,81.7258883248731
2025-26,PHX,82,45,6.878048780487805,564,439,1.1585365853658536,1.4634146341463414,54.87804878048781,77.83687943262412
1996-97,POR,82,49,13.097560975609756,1074,763,1.7195121951219512,4.170731707317073,59.756097560975604,71.04283054003724
1997-98,POR,82,46,11.926829268292684,978,728,1.6951219512195121,1.4024390243902438,56.09756097560976,74.43762781186093
1998-99,POR,50,35,12.26,613,445,1.82,6.36,70.0,72.59380097879283
1999-00,POR,82,59,12.609756097560975,1034,791,1.7682926829268293,6.402439024390244,71.95121951219512,76.4990328820116
2000-01,POR,82,50,10.231707317073171,839,660,1.5609756097560976,4.195121951219512,60.97560975609756,78.66507747318236
2001-02,POR,82,49,9.060975609756097,743,564,1.5853658536585367,2.9878048780487805,59.756097560975604,75.90847913862719
2002-03,POR,82,50,8.804878048780488,722,535,1.7317073170731707,2.6097560975609757,60.97560975609756,74.09972299168976
2003-04,POR,82,41,7.512195121951219,616,470,1.4878048780487805,-1.2682926829268293,50.0,76.2987012987013
2004-05,POR,82,27,9.646341463414634,791,590,1.5365853658536586,-4.0,32.926829268292686,74.58912768647282
2005-06,POR,82,21,9.646341463414634,791,547,1.5853658536585367,-9.451219512195122,25.609756097560975,69.15297092288243
2006-07,POR,82,32,10.975609756097562,900,689,1.548780487804878,-4.2926829268292686,39.02439024390244,76.55555555555556
2007-08,POR,82,41,8.231707317073171,675,520,1.524390243902439,-0.975609756097561,50.0,77.03703703703704
2008-09,POR,82,54,9.78048780487805,802,635,1.7317073170731707,5.341463414634147,65.85365853658537,79.17705735660849
2009-10,POR,82,50,9.939024390243903,815,632,1.6341463414634145,3.3048780487804876,60.97560975609756,77.54601226993864
2010-11,POR,82,48,8.304878048780488,681,560,1.5,1.524390243902439,58.536585365853654,82.23201174743025
2011-12,POR,66,28,7.242424242424242,478,383,1.6363636363636365,-0.6212121212121212,42.42424242424242,80.1255230125523
2012-13,POR,82,33,6.829268292682927,560,437,1.353658536585366,-3.1707317073170733,40.243902439024396,78.03571428571429
2013-14,POR,82,54,8.170731707317072,670,548,1.5,3.9878048780487805,65.85365853658537,81.7910447761194
2014-15,POR,82,51,6.463414634146342,530,427,1.3780487804878048,4.2317073170731705,62.19512195121951,80.56603773584906
2015-16,POR,82,44,8.036585365853659,659,504,1.3414634146341464,0.8292682926829268,53.65853658536586,76.4795144157815
2016-17,POR,82,41,8.060975609756097,661,502,1.329268292682927,-0.524390243902439,50.0,75.94553706505295
2017-18,POR,82,49,7.195121951219512,590,485,1.329268292682927,2.597560975609756,59.756097560975604,82.20338983050848
2018-19,POR,82,53,9.573170731707316,785,643,1.7073170731707317,4.195121951219512,64.63414634146342,81.91082802547771
2019-20,POR,74,35,9.14864864864865,677,551,1.5135135135135136,-1.1486486486486487,47.2972972972973,81.38847858197931
2020-21,POR,72,42,8.069444444444445,581,488,1.7361111111111112,1.7916666666666667,58.333333333333336,83.99311531841653
2021-22,POR,82,27,8.024390243902438,658,518,1.329268292682927,-8.878048780487806,32.926829268292686,78.72340425531915
2022-23,POR,82,33,9.451219512195122,775,622,1.670731707317073,-4.012195121951219,40.243902439024396,80.25806451612904
2023-24,POR,82,21,5.829268292682927,478,383,1.146341463414634,-9.024390243902438,25.609756097560975,80.1255230125523
2024-25,POR,82,36,7.304878048780488,599,459,1.3658536585365855,-2.975609756097561,43.90243902439025,76.62771285475793
2025-26,POR,82,42,9.926829268292684,814,616,1.6585365853658536,-0.2926829268292683,51.21951219512195,75.67567567567568
1996-97,SAC,82,34,11.21951219512195,920,678,1.4634146341463414,-3.3780487804878048,41.46341463414634,73.69565217391305
1997-98,SAC,82,27,10.768292682926829,883,608,1.5731707317073171,-5.585365853658536,32.926829268292686,68.85617214043035
1998-99,SAC,50,27,11.36,568,386,1.68,-0.42,54.0,67.95774647887323
1999-00,SAC,82,44,12.378048780487806,1015,772,1.829268292682927,2.9146341463414633,53.65853658536586,76.05911330049261
2000-01,SAC,82,55,10.829268292682928,888,675,1.8780487804878048,5.817073170731708,67.07317073170732,76.01351351351352
2001-02,SAC,82,61,11.292682926829269,926,703,1.8902439024390243,7.609756097560975,74.39024390243902,75.91792656587472
2002-03,SAC,82,59,9.439024390243903,774,583,1.524390243902439,6.5,71.95121951219512,75.32299741602067
2003-04,SAC,82,55,11.71951219512195,961,780,1.7439024390243902,5.012195121951219,67.07317073170732,81.16545265348594
2004-05,SAC,82,50,11.317073170731707,928,729,1.7926829268292683,2.158536585365854,60.97560975609756,78.55603448275862
2005-06,SAC,82,44,11.865853658536585,973,779,1.8658536585365855,1.5365853658536586,53.65853658536586,80.06166495375129
2006-07,SAC,82,33,13.512195121951219,1108,857,1.9634146341463414,-1.8048780487804879,40.243902439024396,77.34657039711192
2007-08,SAC,82,38,11.829268292682928,970,769,1.8902439024390243,-2.2560975609756095,46.34146341463415,79.27835051546391
2008-09,SAC,82,17,9.487804878048781,778,636,1.3902439024390243,-8.75609756097561,20.73170731707317,81.74807197943444
2009-10,SAC,82,25,8.195121951219512,672,487,1.4146341463414633,-4.365853658536586,30.48780487804878,72.47023809523809
2010-11,SAC,82,24,8.707317073170731,714,544,1.4390243902439024,-5.341463414634147,29.268292682926827,76.19047619047619
2011-12,SAC,66,22,7.606060606060606,502,370,1.3333333333333333,-5.681818181818182,33.33333333333333,73.70517928286853
2012-13,SAC,82,28,8.597560975609756,705,558,1.4390243902439024,-4.878048780487805,34.146341463414636,79.14893617021276
2013-14,SAC,82,28,12.036585365853659,987,778,1.9146341463414633,-2.902439024390244,34.146341463414636,78.82472137791287
2014-15,SAC,82,29,12.634146341463415,1036,795,1.9878048780487805,-3.707317073170732,35.36585365853659,76.73745173745174
2015-16,SAC,82,33,9.951219512195122,816,584,1.7804878048780488,-2.475609756097561,40.243902439024396,71.56862745098039
2016-17,SAC,82,32,8.195121951219512,672,523,1.4390243902439024,-3.8780487804878048,39.02439024390244,77.82738095238095
2017-18,SAC,82,27,5.2073170731707314,427,315,1.0731707317073171,-6.987804878048781,32.926829268292686,73.77049180327869
2018-19,SAC,82,39,9.634146341463415,790,575,1.548780487804878,-1.1219512195121952,47.5609756097561,72.78481012658227
2019-20,SAC,72,31,7.208333333333333,519,405,1.0277777777777777,-2.0416666666666665,43.05555555555556,78.03468208092485
2020-21,SAC,72,31,7.236111111111111,521,376,1.3888888888888888,-3.6805555555555554,43.05555555555556,72.16890595009598
2021-22,SAC,82,30,8.78048780487805,720,547,1.6341463414634145,-5.463414634146342,36.58536585365854,75.97222222222221
2022-23,SAC,82,48,8.426829268292684,691,552,1.548780487804878,2.6463414634146343,58.536585365853654,79.88422575976846
2023-24,SAC,82,46,6.536585365853658,536,404,1.2926829268292683,1.7439024390243902,56.09756097560976,75.3731343283582
2024-25,SAC,82,40,6.804878048780488,558,446,1.4878048780487805,0.47560975609756095,48.78048780487805,79.92831541218638
2025-26,SAC,82,22,7.2926829268292686,598,464,1.2804878048780488,-10.0,26.82926829268293,77.59197324414716
1996-97,SAS,82,20,9.25609756097561,759,547,1.5609756097560976,-7.878048780487805,24.390243902439025,72.06851119894598
1997-98,SAS,82,56,11.853658536585366,972,656,1.7682926829268293,3.9878048780487805,68.29268292682927,67.48971193415639
1998-99,SAS,50,37,12.92,646,460,1.92,8.06,74.0,71.20743034055728
1999-00,SAS,82,53,12.329268292682928,1011,755,2.097560975609756,5.939024390243903,64.63414634146342,74.67853610286845
2000-01,SAS,82,58,12.463414634146341,1022,748,2.0853658536585367,7.7560975609756095,70.73170731707317,73.18982387475538
2001-02,SAS,82,58,11.463414634146341,940,695,2.0,6.2073170731707314,70.73170731707317,73.93617021276596
2002-03,SAS,82,60,11.902439024390244,976,706,1.9268292682926829,5.414634146341464,73.17073170731707,72.3360655737705
2003-04,SAS,82,57,10.682926829268293,876,625,1.6219512195121952,7.219512195121951,69.51219512195121,71.34703196347031
2004-05,SAS,82,59,11.560975609756097,948,685,1.8780487804878048,7.804878048780488,71.95121951219512,72.25738396624473
2005-06,SAS,82,63,9.292682926829269,762,543,1.4146341463414633,6.817073170731708,76.82926829268293,71.25984251968504
2006-07,SAS,82,58,9.207317073170731,755,549,1.7073170731707317,8.426829268292684,70.73170731707317,72.71523178807946
2007-08,SAS,82,56,8.012195121951219,657,508,1.4634146341463414,4.7926829268292686,68.29268292682927,77.32115677321157
2008-09,SAS,82,54,7.060975609756097,579,434,1.2926829268292683,3.7560975609756095,65.85365853658537,74.95682210708118
2009-10,SAS,82,50,8.658536585365853,710,520,1.451219512195122,5.085365853658536,60.97560975609756,73.23943661971832
2010-11,SAS,82,61,8.634146341463415,708,551,1.5365853658536586,5.7073170731707314,74.39024390243902,77.82485875706215
2011-12,SAS,66,50,6.742424242424242,445,344,1.4696969696969697,7.166666666666667,75.75757575757575,77.30337078651685
2012-13,SAS,82,58,6.573170731707317,539,425,1.3658536585365855,6.402439024390244,70.73170731707317,78.84972170686456
2013-14,SAS,82,62,6.682926829268292,548,442,1.4268292682926829,7.719512195121951,75.60975609756098,80.65693430656934
2014-15,SAS,82,55,7.475609756097561,613,468,1.3780487804878048,6.195121951219512,67.07317073170732,76.3458401305057
2015-16,SAS,82,67,7.158536585365853,587,457,1.475609756097561,10.634146341463415,81.70731707317073,77.8534923339012
2016-17,SAS,82,61,7.695121951219512,631,500,1.5,7.195121951219512,74.39024390243902,79.2393026941363
2017-18,SAS,82,47,8.036585365853659,659,504,1.4390243902439024,2.8902439024390243,57.3170731707317,76.4795144157815
2018-19,SAS,82,48,7.621951219512195,625,525,1.5365853658536586,1.6829268292682926,58.536585365853654,84.0
2019-20,SAS,71,32,8.126760563380282,577,461,1.5352112676056338,-1.1126760563380282,45.07042253521127,79.89601386481803
2020-21,SAS,72,33,7.333333333333333,528,418,1.4444444444444444,-1.7361111111111112,45.83333333333333,79.16666666666666
2021-22,SAS,82,34,6.780487804878049,556,412,1.5,0.12195121951219512,41.46341463414634,74.10071942446042
2022-23,SAS,82,22,6.487804878048781,532,399,1.2926829268292683,-10.036585365853659,26.82926829268293,75.0
2023-24,SAS,82,22,6.329268292682927,519,407,1.4268292682926829,-6.487804878048781,26.82926829268293,78.42003853564547
2024-25,SAS,82,34,6.548780487804878,537,416,1.3170731707317074,-2.7560975609756095,41.46341463414634,77.46741154562383
2025-26,SAS,82,62,9.402439024390244,771,598,1.6341463414634145,8.304878048780488,75.60975609756098,77.56160830090792
1996-97,SEA,82,57,12.926829268292684,1060,793,1.9634146341463414,7.682926829268292,69.51219512195121,74.81132075471699
1997-98,SEA,82,61,11.890243902439025,975,716,1.9634146341463414,7.170731707317073,74.39024390243902,73.43589743589743
1998-99,SEA,50,25,13.14,657,440,1.92,-1.08,50.0,66.9710806697108
1999-00,SEA,82,45,10.939024390243903,897,618,1.8658536585365855,0.9512195121951219,54.87804878048781,68.89632107023411
2000-01,SEA,82,44,9.78048780487805,802,594,1.6829268292682926,0.024390243902439025,53.65853658536586,74.06483790523691
2001-02,SEA,82,45,7.634146341463414,626,488,1.329268292682927,3.024390243902439,54.87804878048781,77.95527156549521
2002-03,SEA,82,40,8.634146341463415,708,546,1.4268292682926829,-0.12195121951219512,48.78048780487805,77.11864406779661
2003-04,SEA,82,37,8.939024390243903,733,563,1.2560975609756098,-0.6341463414634146,45.1219512195122,76.80763983628923
2004-05,SEA,82,52,12.792682926829269,1049,823,1.7926829268292683,2.292682926829268,63.41463414634146,78.4556720686368
2005-06,SEA,82,35,11.902439024390244,976,776,1.646341463414634,-3.024390243902439,42.68292682926829,79.50819672131148
2006-07,SEA,82,31,8.634146341463415,708,552,1.5121951219512195,-2.8902439024390243,37.80487804878049,77.96610169491525
2007-08,SEA,82,20,8.207317073170731,673,528,1.524390243902439,-8.75609756097561,24.390243902439025,78.45468053491828
1996-97,TOR,82,30,10.804878048780488,886,644,1.4024390243902438,-3.1219512195121952,36.58536585365854,72.686230248307
1997-98,TOR,82,16,10.451219512195122,857,625,1.524390243902439,-9.268292682926829,19.51219512195122,72.92882147024504
1998-99,TOR,50,23,11.56,578,444,1.82,-1.64,46.0,76.8166089965398
1999-00,TOR,82,45,12.75609756097561,1046,815,1.6951219512195121,-0.15853658536585366,54.87804878048781,77.91586998087953
2000-01,TOR,82,47,10.524390243902438,863,656,1.7195121951219512,2.2560975609756095,57.3170731707317,76.01390498261877
2001-02,TOR,82,42,7.7682926829268295,637,470,1.1829268292682926,-0.43902439024390244,51.21951219512195,73.78335949764521
2002-03,TOR,82,24,9.109756097560975,747,549,1.451219512195122,-5.865853658536586,29.268292682926827,73.49397590361446
2003-04,TOR,82,33,7.853658536585366,644,509,1.3170731707317074,-3.0121951219512195,40.243902439024396,79.03726708074534
2004-05,TOR,82,33,10.597560975609756,869,675,1.7682926829268293,-1.6219512195121952,40.243902439024396,77.67548906789413
2005-06,TOR,82,27,9.987804878048781,819,663,1.5365853658536586,-2.9878048780487805,32.926829268292686,80.95238095238095
2006-07,TOR,82,47,9.670731707317072,793,626,1.4390243902439024,0.9878048780487805,57.3170731707317,78.94073139974779
2007-08,TOR,82,41,6.573170731707317,539,435,1.4390243902439024,2.902439024390244,50.0,80.70500927643785
2008-09,TOR,82,33,8.682926829268293,712,582,1.6951219512195121,-2.817073170731707,40.243902439024396,81.74157303370787
2009-10,TOR,82,40,9.987804878048781,819,618,1.3414634146341464,-1.7804878048780488,48.78048780487805,75.45787545787546
2010-11,TOR,82,22,7.060975609756097,579,436,1.2682926829268293,-6.280487804878049,26.82926829268293,75.30224525043178
2011-12,TOR,66,23,6.454545454545454,426,324,1.121212121212121,-3.303030303030303,34.84848484848485,76.05633802816901
2012-13,TOR,82,34,7.695121951219512,631,504,1.4024390243902438,-1.475609756097561,41.46341463414634,79.87321711568937
2013-14,TOR,82,48,8.975609756097562,736,575,1.3780487804878048,3.2439024390243905,58.536585365853654,78.125
2014-15,TOR,82,49,7.219512195121951,592,476,1.3414634146341464,3.073170731707317,59.756097560975604,80.4054054054054
2015-16,TOR,82,56,10.402439024390244,853,650,1.7317073170731707,4.5,68.29268292682927,76.20164126611958
2016-17,TOR,82,51,8.231707317073171,675,533,1.475609756097561,4.2073170731707314,62.19512195121951,78.96296296296296
2017-18,TOR,82,59,7.451219512195122,611,482,1.2682926829268293,7.780487804878049,71.95121951219512,78.88707037643208
2018-19,TOR,82,58,8.670731707317072,711,588,1.524390243902439,6.085365853658536,70.73170731707317,82.70042194092827
2019-20,TOR,72,53,8.86111111111111,638,513,1.4444444444444444,6.236111111111111,73.61111111111111,80.40752351097179
2020-21,TOR,72,27,7.666666666666667,552,452,1.3194444444444444,-0.4722222222222222,37.5,81.88405797101449
2021-22,TOR,82,48,7.317073170731708,600,463,1.4268292682926829,2.292682926829268,58.536585365853654,77.16666666666666
2022-23,TOR,82,41,8.512195121951219,698,544,1.5731707317073171,1.475609756097561,50.0,77.93696275071633
2023-24,TOR,82,25,6.658536585365853,546,419,1.3048780487804879,-6.439024390243903,30.48780487804878,76.73992673992674
2024-25,TOR,82,30,6.048780487804878,496,376,1.048780487804878,-4.2926829268292686,36.58536585365854,75.80645161290323
2025-26,TOR,82,46,7.365853658536586,604,458,1.4146341463414633,2.8292682926829267,56.09756097560976,75.82781456953643
1996-97,UTA,82,64,14.768292682926829,1211,941,1.9024390243902438,8.792682926829269,78.04878048780488,77.70437654830718
1997-98,UTA,82,62,16.71951219512195,1371,1068,2.048780487804878,6.536585365853658,75.60975609756098,77.89934354485777
1998-99,UTA,50,37,16.52,826,631,2.06,6.52,74.0,76.39225181598063
1999-00,UTA,82,55,13.463414634146341,1104,883,1.8658536585365855,4.463414634146342,67.07317073170732,79.98188405797102
2000-01,UTA,82,53,12.792682926829269,1049,790,1.5121951219512195,4.695121951219512,64.63414634146342,75.30981887511916
2001-02,UTA,82,44,14.475609756097562,1187,915,2.0121951219512195,0.8902439024390244,53.65853658536586,77.08508845829823
2002-03,UTA,82,47,12.975609756097562,1064,799,1.8902439024390243,2.3902439024390243,57.3170731707317,75.09398496240601
2003-04,UTA,82,42,12.048780487804878,988,755,1.4146341463414633,-1.2195121951219512,51.21951219512195,76.417004048583
2004-05,UTA,82,26,13.414634146341463,1100,842,1.3414634146341464,-4.2682926829268295,31.70731707317073,76.54545454545455
2005-06,UTA,82,41,14.25609756097561,1169,850,1.829268292682927,-2.6341463414634148,50.0,72.71171941830625
2006-07,UTA,82,51,13.060975609756097,1071,795,1.6219512195121952,2.8658536585365852,62.19512195121951,74.2296918767507
2007-08,UTA,82,54,11.878048780487806,974,743,1.5121951219512195,6.878048780487805,65.85365853658537,76.28336755646818
2008-09,UTA,82,48,12.475609756097562,1023,795,1.9390243902439024,2.6463414634146343,58.536585365853654,77.71260997067448
2009-10,UTA,82,53,10.817073170731707,887,648,1.6341463414634145,5.341463414634147,64.63414634146342,73.05524239007892
2010-11,UTA,82,39,9.585365853658537,786,615,1.6097560975609757,-1.829268292682927,47.5609756097561,78.2442748091603
2011-12,UTA,66,36,8.303030303030303,548,420,1.393939393939394,0.6212121212121212,54.54545454545454,76.64233576642336
2012-13,UTA,82,43,8.914634146341463,731,558,1.5,-0.08536585365853659,52.4390243902439,76.33378932968536
2013-14,UTA,82,25,8.536585365853659,700,524,1.5121951219512195,-7.170731707317073,30.48780487804878,74.85714285714286
2014-15,UTA,82,38,8.353658536585366,685,486,1.5731707317073171,0.21951219512195122,46.34146341463415,70.94890510948905
2015-16,UTA,82,40,8.512195121951219,698,504,1.475609756097561,1.7926829268292683,48.78048780487805,72.20630372492836
2016-17,UTA,82,51,8.512195121951219,698,513,1.646341463414634,3.9390243902439024,62.19512195121951,73.49570200573066
2017-18,UTA,82,48,8.71951219512195,715,565,1.6219512195121952,4.304878048780488,58.536585365853654,79.02097902097903
2018-19,UTA,82,50,11.536585365853659,946,711,1.8170731707317074,5.2560975609756095,60.97560975609756,75.15856236786469
2019-20,UTA,72,44,9.625,693,544,1.6527777777777777,2.4722222222222223,61.111111111111114,78.4992784992785
2020-21,UTA,72,52,8.48611111111111,611,491,1.5555555555555556,9.25,72.22222222222221,80.36006546644845
2021-22,UTA,82,49,9.670731707317072,793,600,1.8170731707317074,6.036585365853658,59.756097560975604,75.66204287515762
2022-23,UTA,82,37,9.317073170731707,764,587,1.5,-0.9390243902439024,45.1219512195122,76.8324607329843
2023-24,UTA,82,31,8.085365853658537,663,552,1.4390243902439024,-4.890243902439025,37.80487804878049,83.2579185520362
2024-25,UTA,82,17,7.975609756097561,654,520,1.524390243902439,-9.341463414634147,20.73170731707317,79.51070336391437
2025-26,UTA,82,22,8.853658536585366,726,585,1.3658536585365855,-8.426829268292684,26.82926829268293,80.57851239669421
1996-97,VAN,82,14,8.207317073170731,673,484,1.3170731707317074,-10.231707317073171,17.073170731707318,71.91679049034175
1997-98,VAN,82,19,11.768292682926829,965,727,1.8414634146341464,-7.304878048780488,23.170731707317074,75.33678756476684
1998-99,VAN,50,8,12.52,626,445,1.64,-8.66,16.0,71.08626198083067
1999-00,VAN,82,22,11.853658536585366,972,750,1.7804878048780488,-5.621951219512195,26.82926829268293,77.1604938271605
2000-01,VAN,82,23,9.792682926829269,803,613,1.5609756097560976,-5.7317073170731705,28.04878048780488,76.3387297633873
1996-97,WAS,82,44,10.768292682926829,883,635,1.6219512195121952,1.6219512195121952,53.65853658536586,71.91392978482446
1997-98,WAS,82,42,12.682926829268293,1040,726,1.670731707317073,0.5853658536585366,51.21951219512195,69.8076923076923
1998-99,WAS,50,18,9.8,490,359,1.5,-2.24,36.0,73.26530612244898
1999-00,WAS,82,29,12.682926829268293,1040,784,1.3780487804878048,-3.2804878048780486,35.36585365853659,75.38461538461539
2000-01,WAS,82,19,13.048780487804878,1070,836,1.9268292682926829,-6.670731707317073,23.170731707317074,78.13084112149534
2001-02,WAS,82,37,9.073170731707316,744,588,1.5,-1.4024390243902438,45.1219512195122,79.03225806451613
2002-03,WAS,82,37,11.341463414634147,930,734,1.8048780487804879,-1.0121951219512195,45.1219512195122,78.92473118279571
2003-04,WAS,82,25,11.121951219512194,912,664,1.9146341463414633,-5.634146341463414,30.48780487804878,72.80701754385966
2004-05,WAS,82,45,14.402439024390244,1181,875,2.0609756097560976,-0.32926829268292684,54.87804878048781,74.08975444538527
2005-06,WAS,82,42,14.28048780487805,1171,879,1.975609756097561,1.853658536585366,51.21951219512195,75.06404782237404
2006-07,WAS,82,41,12.609756097560975,1034,791,1.975609756097561,-0.5121951219512195,50.0,76.4990328820116
2007-08,WAS,82,43,9.25609756097561,759,592,1.5853658536585367,-0.32926829268292684,52.4390243902439,77.99736495388669
2008-09,WAS,82,19,9.170731707317072,752,576,1.5731707317073171,-7.463414634146342,23.170731707317074,76.59574468085107
2009-10,WAS,82,26,8.939024390243903,733,557,1.524390243902439,-4.780487804878049,31.70731707317073,75.98908594815825
2010-11,WAS,82,23,7.646341463414634,627,476,1.4024390243902438,-7.402439024390244,28.04878048780488,75.9170653907496
2011-12,WAS,66,20,5.909090909090909,390,284,1.0909090909090908,-4.803030303030303,30.303030303030305,72.82051282051282
2012-13,WAS,82,29,6.829268292682927,560,413,1.329268292682927,-2.5365853658536586,35.36585365853659,73.75
2013-14,WAS,82,44,6.963414634146342,571,428,1.1951219512195121,1.2682926829268293,53.65853658536586,74.95621716287215
2014-15,WAS,82,46,6.670731707317073,547,418,1.353658536585366,0.7195121951219512,56.09756097560976,76.41681901279708
2015-16,WAS,82,41,7.658536585365853,628,450,1.3780487804878048,-0.5,50.0,71.656050955414
2016-17,WAS,82,49,7.597560975609756,623,510,1.3902439024390243,1.8048780487804879,59.756097560975604,81.86195826645265
2017-18,WAS,82,43,7.7926829268292686,639,482,1.3902439024390243,0.5853658536585366,52.4390243902439,75.43035993740219
2018-19,WAS,82,32,9.195121951219512,754,588,1.646341463414634,-2.902439024390244,39.02439024390244,77.9840848806366
2019-20,WAS,72,25,9.805555555555555,706,565,1.4722222222222223,-4.666666666666667,34.72222222222222,80.02832861189802
2020-21,WAS,72,34,9.277777777777779,668,523,1.4166666666666667,-1.8333333333333333,47.22222222222222,78.2934131736527
2021-22,WAS,82,35,7.975609756097561,654,520,1.5121951219512195,-3.3780487804878048,42.68292682926829,79.51070336391437
2022-23,WAS,82,35,7.804878048780488,640,490,1.5975609756097562,-1.2073170731707317,42.68292682926829,76.5625
2023-24,WAS,82,15,6.195121951219512,508,389,1.2195121951219512,-9.292682926829269,18.29268292682927,76.5748031496063
2024-25,WAS,82,18,6.926829268292683,568,455,1.329268292682927,-12.439024390243903,21.951219512195124,80.1056338028169
2025-26,WAS,82,17,6.341463414634147,520,405,1.2073170731707317,-11.975609756097562,20.73170731707317,77.88461538461539
